r,t,m,y,TotalAnnualTechnologyActivityByMode
KENYA,BESS_TECH,2,2024,0.0517
KENYA,BESS_TECH,2,2025,0.4703
KENYA,BESS_TECH,2,2026,0.5186
KENYA,BESS_TECH,2,2027,0.5978
KENYA,BESS_TECH,2,2028,0.5831
KENYA,BESS_TECH,2,2029,0.618
KENYA,BESS_TECH,2,2030,0.6312
KENYA,BESS_TECH,2,2031,0.6311
KENYA,BESS_TECH,2,2032,0.6148
KENYA,BESS_TECH,2,2033,0.7627
KENYA,BESS_TECH,2,2034,0.7291
KENYA,BESS_TECH,2,2035,0.0569
KENYA,BESS_TECH,2,2036,0.2704
KENYA,BESS_TECH,2,2037,0.3533
KENYA,BESS_TECH,2,2038,0.3724
KENYA,BESS_TECH,2,2039,0.4369
KENYA,BESS_TECH,2,2040,0.9278
KENYA,BESS_TECH,2,2041,1.1472
KENYA,BESS_TECH,2,2042,1.2978
KENYA,BESS_TECH,2,2043,1.5986
KENYA,BESS_TECH,2,2044,1.9736
KENYA,BESS_TECH,2,2045,2.131
KENYA,BESS_TECH,2,2046,2.589
KENYA,BESS_TECH,2,2047,2.944
KENYA,BESS_TECH,2,2048,3.0952
KENYA,BESS_TECH,2,2049,3.5081
KENYA,BESS_TECH,2,2050,3.5651
KENYA,BESS_TECH,1,2024,0.0517
KENYA,BESS_TECH,1,2025,0.4703
KENYA,BESS_TECH,1,2026,0.5186
KENYA,BESS_TECH,1,2027,0.5978
KENYA,BESS_TECH,1,2028,0.5831
KENYA,BESS_TECH,1,2029,0.618
KENYA,BESS_TECH,1,2030,0.6312
KENYA,BESS_TECH,1,2031,0.6311
KENYA,BESS_TECH,1,2032,0.6148
KENYA,BESS_TECH,1,2033,0.7627
KENYA,BESS_TECH,1,2034,0.7291
KENYA,BESS_TECH,1,2035,0.0569
KENYA,BESS_TECH,1,2036,0.2704
KENYA,BESS_TECH,1,2037,0.3533
KENYA,BESS_TECH,1,2038,0.3724
KENYA,BESS_TECH,1,2039,0.4369
KENYA,BESS_TECH,1,2040,0.9278
KENYA,BESS_TECH,1,2041,1.1472
KENYA,BESS_TECH,1,2042,1.2978
KENYA,BESS_TECH,1,2043,1.5986
KENYA,BESS_TECH,1,2044,1.9736
KENYA,BESS_TECH,1,2045,2.131
KENYA,BESS_TECH,1,2046,2.589
KENYA,BESS_TECH,1,2047,2.944
KENYA,BESS_TECH,1,2048,3.0952
KENYA,BESS_TECH,1,2049,3.5081
KENYA,BESS_TECH,1,2050,3.5651
KENYA,DEMCOMELC,1,2019,6.2591
KENYA,DEMCOMELC,1,2020,6.3686
KENYA,DEMCOMELC,1,2021,6.6578
KENYA,DEMCOMELC,1,2022,6.8802
KENYA,DEMCOMELC,1,2023,7.0903
KENYA,DEMCOMELC,1,2024,7.3334
KENYA,DEMCOMELC,1,2025,7.5982
KENYA,DEMCOMELC,1,2026,7.8767
KENYA,DEMCOMELC,1,2027,8.3311
KENYA,DEMCOMELC,1,2028,8.8136
KENYA,DEMCOMELC,1,2029,9.3642
KENYA,DEMCOMELC,1,2030,9.9556
KENYA,DEMCOMELC,1,2031,10.5109
KENYA,DEMCOMELC,1,2032,11.1262
KENYA,DEMCOMELC,1,2033,11.7512
KENYA,DEMCOMELC,1,2034,12.4181
KENYA,DEMCOMELC,1,2035,13.1193
KENYA,DEMCOMELC,1,2036,13.8332
KENYA,DEMCOMELC,1,2037,14.635
KENYA,DEMCOMELC,1,2038,15.4715
KENYA,DEMCOMELC,1,2039,16.3588
KENYA,DEMCOMELC,1,2040,17.2992
KENYA,DEMCOMELC,1,2041,18.2913
KENYA,DEMCOMELC,1,2042,19.3223
KENYA,DEMCOMELC,1,2043,20.4209
KENYA,DEMCOMELC,1,2044,21.582
KENYA,DEMCOMELC,1,2045,22.8091
KENYA,DEMCOMELC,1,2046,24.1059
KENYA,DEMCOMELC,1,2047,25.4765
KENYA,DEMCOMELC,1,2048,26.9251
KENYA,DEMCOMELC,1,2049,28.456
KENYA,DEMCOMELC,1,2050,30.0739
KENYA,DEMINDELC,1,2019,21.5631
KENYA,DEMINDELC,1,2020,21.9401
KENYA,DEMINDELC,1,2021,22.9364
KENYA,DEMINDELC,1,2022,23.7027
KENYA,DEMINDELC,1,2023,24.4266
KENYA,DEMINDELC,1,2024,25.264
KENYA,DEMINDELC,1,2025,26.1763
KENYA,DEMINDELC,1,2026,27.1356
KENYA,DEMINDELC,1,2027,28.7012
KENYA,DEMINDELC,1,2028,30.3634
KENYA,DEMINDELC,1,2029,32.2602
KENYA,DEMINDELC,1,2030,34.2975
KENYA,DEMINDELC,1,2031,36.2108
KENYA,DEMINDELC,1,2032,38.3305
KENYA,DEMINDELC,1,2033,40.4834
KENYA,DEMINDELC,1,2034,42.781
KENYA,DEMINDELC,1,2035,45.1967
KENYA,DEMINDELC,1,2036,47.6561
KENYA,DEMINDELC,1,2037,50.4182
KENYA,DEMINDELC,1,2038,53.3002
KENYA,DEMINDELC,1,2039,56.3569
KENYA,DEMINDELC,1,2040,59.5965
KENYA,DEMINDELC,1,2041,63.0147
KENYA,DEMINDELC,1,2042,66.5662
KENYA,DEMINDELC,1,2043,70.3511
KENYA,DEMINDELC,1,2044,74.351
KENYA,DEMINDELC,1,2045,78.5785
KENYA,DEMINDELC,1,2046,83.0463
KENYA,DEMINDELC,1,2047,87.7681
KENYA,DEMINDELC,1,2048,92.7584
KENYA,DEMINDELC,1,2049,98.0324
KENYA,DEMINDELC,1,2050,103.6063
KENYA,DEMRESELC,1,2019,13.7907
KENYA,DEMRESELC,1,2020,14.0318
KENYA,DEMRESELC,1,2021,14.669
KENYA,DEMRESELC,1,2022,15.1591
KENYA,DEMRESELC,1,2023,15.6221
KENYA,DEMRESELC,1,2024,16.1577
KENYA,DEMRESELC,1,2025,16.7411
KENYA,DEMRESELC,1,2026,17.3547
KENYA,DEMRESELC,1,2027,18.356
KENYA,DEMRESELC,1,2028,19.419
KENYA,DEMRESELC,1,2029,20.6321
KENYA,DEMRESELC,1,2030,21.9351
KENYA,DEMRESELC,1,2031,23.1587
KENYA,DEMRESELC,1,2032,24.5144
KENYA,DEMRESELC,1,2033,25.8913
KENYA,DEMRESELC,1,2034,27.3607
KENYA,DEMRESELC,1,2035,28.9057
KENYA,DEMRESELC,1,2036,30.4786
KENYA,DEMRESELC,1,2037,32.2451
KENYA,DEMRESELC,1,2038,34.0883
KENYA,DEMRESELC,1,2039,36.0432
KENYA,DEMRESELC,1,2040,38.1152
KENYA,DEMRESELC,1,2041,40.3012
KENYA,DEMRESELC,1,2042,42.5727
KENYA,DEMRESELC,1,2043,44.9933
KENYA,DEMRESELC,1,2044,47.5515
KENYA,DEMRESELC,1,2045,50.2551
KENYA,DEMRESELC,1,2046,53.1125
KENYA,DEMRESELC,1,2047,56.1324
KENYA,DEMRESELC,1,2048,59.3239
KENYA,DEMRESELC,1,2049,62.697
KENYA,DEMRESELC,1,2050,66.2618
KENYA,IMPELC001,1,2022,4.0045
KENYA,IMPELC001,1,2023,3.9796
KENYA,IMPELC001,1,2024,4.9848
KENYA,IMPELC001,1,2025,4.4506
KENYA,IMPELC001,1,2026,3.6673
KENYA,IMPELC001,1,2027,4.2784
KENYA,IMPELC001,1,2028,3.9683
KENYA,IMPELC001,1,2029,2.771
KENYA,IMPELC001,1,2030,3.3202
KENYA,IMPELC001,1,2031,2.8845
KENYA,IMPELC001,1,2032,2.8956
KENYA,IMPELC001,1,2033,2.9067
KENYA,IMPELC001,1,2034,2.8553
KENYA,IMPELC001,1,2035,3.1419
KENYA,IMPELC001,1,2036,3.0462
KENYA,IMPELC001,1,2037,3.0764
KENYA,IMPELC001,1,2038,3.1837
KENYA,IMPELC001,1,2039,3.2546
KENYA,IMPELC001,1,2040,3.0151
KENYA,IMPELC001,1,2041,3.0477
KENYA,IMPELC001,1,2042,3.1452
KENYA,IMPELC001,1,2043,3.1348
KENYA,IMPELC001,1,2044,3.1108
KENYA,IMPELC001,1,2045,3.0929
KENYA,IMPELC001,1,2046,3.1945
KENYA,IMPELC001,1,2047,3.4046
KENYA,IMPELC001,1,2048,3.9037
KENYA,IMPELC001,1,2049,4.1047
KENYA,IMPELC001,1,2050,4.1895
KENYA,IMPHFOMOM,1,2019,13.3439
KENYA,IMPHFOMOM,1,2020,14.896
KENYA,IMPHFOMOM,1,2021,15.1152
KENYA,IMPHFOMOM,1,2022,4.8424
KENYA,IMPHFOMOM,1,2023,5.0852
KENYA,IMPHFOMOM,1,2024,7.7088
KENYA,IMPHFOMOM,1,2025,5.1296
KENYA,IMPHFOMOM,1,2026,0.9435
KENYA,IMPHFOMOM,1,2027,1.563
KENYA,IMPHFOMOM,1,2028,1.8078
KENYA,IMPHFOMOM,1,2029,1.4139
KENYA,IMPHFOMOM,1,2030,1.7352
KENYA,IMPHFONAI,1,2019,1.337
KENYA,IMPHFONAI,1,2020,1.8011
KENYA,IMPHFONAI,1,2021,2.0691
KENYA,IMPHFONAI,1,2022,0.1829
KENYA,IMPHFONAI,1,2023,0.2443
KENYA,IMPHFONAI,1,2024,0.9295
KENYA,IMPHFONAI,1,2025,0.7381
KENYA,IMPHFONAI,1,2027,0.0372
KENYA,IMPHFONAI,1,2028,0.0596
KENYA,IMPHFONAI,1,2029,0.0421
KENYA,IMPHFONAI,1,2030,0.4062
KENYA,IMPHFONAI,1,2031,2.0783
KENYA,IMPHFONAI,1,2032,2.2828
KENYA,IMPHFONAI,1,2033,2.532
KENYA,IMPHFONAI,1,2034,1.9701
KENYA,IMPHFONAI,1,2035,1.1801
KENYA,IMPNGS,1,2031,0.0099
KENYA,IMPNGS,1,2032,0.0361
KENYA,IMPNGS,1,2033,0.0633
KENYA,IMPNGS,1,2034,0.3584
KENYA,IMPNGS,1,2035,1.6479
KENYA,IMPNGS,1,2036,2.8381
KENYA,IMPNGS,1,2037,3.081
KENYA,IMPNGS,1,2038,2.8358
KENYA,IMPNGS,1,2039,3.0048
KENYA,IMPNGS,1,2040,3.1029
KENYA,IMPNGS,1,2041,3.2053
KENYA,IMPNGS,1,2042,3.7824
KENYA,IMPNGS,1,2043,3.7516
KENYA,IMPNGS,1,2044,3.8483
KENYA,IMPNGS,1,2045,4.3064
KENYA,IMPNGS,1,2046,4.6138
KENYA,IMPNGS,1,2047,5.0805
KENYA,IMPNGS,1,2048,5.5999
KENYA,IMPNGS,1,2049,6.2714
KENYA,IMPNGS,1,2050,7.1865
KENYA,MINBIO,1,2019,0.0902
KENYA,MINBIO,1,2020,0.0902
KENYA,MINBIO,1,2021,0.0902
KENYA,MINBIO,1,2022,0.0902
KENYA,MINBIO,1,2023,0.1533
KENYA,MINBIO,1,2024,0.1533
KENYA,MINBIO,1,2025,0.1533
KENYA,MINBIO,1,2026,0.6042
KENYA,MINBIO,1,2027,0.6042
KENYA,MINBIO,1,2028,0.9649
KENYA,MINBIO,1,2029,0.9649
KENYA,MINBIO,1,2030,3.1381
KENYA,MINBIO,1,2031,4.0398
KENYA,MINBIO,1,2032,4.5268
KENYA,MINBIO,1,2033,4.662
KENYA,MINBIO,1,2034,4.9326
KENYA,MINBIO,1,2035,4.9461
KENYA,MINBIO,1,2036,4.9461
KENYA,MINBIO,1,2037,4.9461
KENYA,MINBIO,1,2038,4.9461
KENYA,MINBIO,1,2039,4.9461
KENYA,MINBIO,1,2040,4.9461
KENYA,MINBIO,1,2041,4.9461
KENYA,MINBIO,1,2042,4.9461
KENYA,MINBIO,1,2043,4.8559
KENYA,MINBIO,1,2044,4.8559
KENYA,MINBIO,1,2045,4.8559
KENYA,MINBIO,1,2046,4.8559
KENYA,MINBIO,1,2047,4.8559
KENYA,MINBIO,1,2048,4.8559
KENYA,MINBIO,1,2049,4.8559
KENYA,MINBIO,1,2050,4.8559
KENYA,MINGEO,1,2019,70.0437
KENYA,MINGEO,1,2020,70.0437
KENYA,MINGEO,1,2021,70.0437
KENYA,MINGEO,1,2022,77.4191
KENYA,MINGEO,1,2023,80.5179
KENYA,MINGEO,1,2024,77.8618
KENYA,MINGEO,1,2025,88.3094
KENYA,MINGEO,1,2026,98.5669
KENYA,MINGEO,1,2027,101.1831
KENYA,MINGEO,1,2028,108.2663
KENYA,MINGEO,1,2029,124.1242
KENYA,MINGEO,1,2030,127.6564
KENYA,MINGEO,1,2031,138.9452
KENYA,MINGEO,1,2032,141.6014
KENYA,MINGEO,1,2033,144.2576
KENYA,MINGEO,1,2034,158.0105
KENYA,MINGEO,1,2035,162.851
KENYA,MINGEO,1,2036,177.3926
KENYA,MINGEO,1,2037,192.069
KENYA,MINGEO,1,2038,200.9584
KENYA,MINGEO,1,2039,223.3058
KENYA,MINGEO,1,2040,244.1026
KENYA,MINGEO,1,2041,253.9405
KENYA,MINGEO,1,2042,261.0237
KENYA,MINGEO,1,2043,262.458
KENYA,MINGEO,1,2044,270.4266
KENYA,MINGEO,1,2045,265.2913
KENYA,MINGEO,1,2046,275.0307
KENYA,MINGEO,1,2047,278.2801
KENYA,MINGEO,1,2048,286.6913
KENYA,MINGEO,1,2049,299.9723
KENYA,MINGEO,1,2050,309.2689
KENYA,MINHYD,1,2019,12.0376
KENYA,MINHYD,1,2020,12.0376
KENYA,MINHYD,1,2021,12.0376
KENYA,MINHYD,1,2022,12.0376
KENYA,MINHYD,1,2023,12.1346
KENYA,MINHYD,1,2024,12.1678
KENYA,MINHYD,1,2025,12.1718
KENYA,MINHYD,1,2026,12.5015
KENYA,MINHYD,1,2027,12.6478
KENYA,MINHYD,1,2028,12.689
KENYA,MINHYD,1,2029,12.7873
KENYA,MINHYD,1,2030,13.2739
KENYA,MINHYD,1,2031,13.6474
KENYA,MINHYD,1,2032,13.8894
KENYA,MINHYD,1,2033,14.3174
KENYA,MINHYD,1,2034,14.6511
KENYA,MINHYD,1,2035,15.0725
KENYA,MINHYD,1,2036,15.4434
KENYA,MINHYD,1,2037,15.4913
KENYA,MINHYD,1,2038,15.5431
KENYA,MINHYD,1,2039,15.5989
KENYA,MINHYD,1,2040,15.6614
KENYA,MINHYD,1,2041,15.7292
KENYA,MINHYD,1,2042,14.1093
KENYA,MINHYD,1,2043,14.1904
KENYA,MINHYD,1,2044,14.2781
KENYA,MINHYD,1,2045,14.3751
KENYA,MINHYD,1,2046,14.4815
KENYA,MINHYD,1,2047,14.5972
KENYA,MINHYD,1,2048,14.7234
KENYA,MINHYD,1,2049,14.8617
KENYA,MINHYD,1,2050,15.0132
KENYA,MINSOL,1,2019,0.3111
KENYA,MINSOL,1,2020,0.3111
KENYA,MINSOL,1,2021,0.8065
KENYA,MINSOL,1,2022,1.0542
KENYA,MINSOL,1,2023,1.3112
KENYA,MINSOL,1,2024,1.5588
KENYA,MINSOL,1,2025,1.5588
KENYA,MINSOL,1,2026,1.8065
KENYA,MINSOL,1,2027,1.8065
KENYA,MINSOL,1,2028,1.8065
KENYA,MINSOL,1,2029,1.8065
KENYA,MINSOL,1,2030,1.8065
KENYA,MINSOL,1,2031,1.8065
KENYA,MINSOL,1,2032,1.8065
KENYA,MINSOL,1,2033,1.8065
KENYA,MINSOL,1,2034,1.8065
KENYA,MINSOL,1,2035,1.8065
KENYA,MINSOL,1,2036,1.8065
KENYA,MINSOL,1,2037,1.8065
KENYA,MINSOL,1,2038,1.4954
KENYA,MINSOL,1,2039,1.4954
KENYA,MINSOL,1,2040,1.4954
KENYA,MINSOL,1,2041,1.0
KENYA,MINSOL,1,2042,1.0
KENYA,MINSOL,1,2043,0.743
KENYA,MINSOL,1,2044,0.4954
KENYA,MINSOL,1,2045,0.4954
KENYA,MINSOL,1,2046,0.2477
KENYA,MINSOL,1,2047,0.2477
KENYA,MINSOL,1,2048,0.2477
KENYA,MINSOL,1,2049,0.2477
KENYA,MINSOL,1,2050,0.2477
KENYA,MINWND,1,2019,5.4829
KENYA,MINWND,1,2020,5.4829
KENYA,MINWND,1,2021,6.9304
KENYA,MINWND,1,2022,6.9304
KENYA,MINWND,1,2023,6.9304
KENYA,MINWND,1,2024,6.9304
KENYA,MINWND,1,2025,7.0512
KENYA,MINWND,1,2026,7.6819
KENYA,MINWND,1,2027,9.1116
KENYA,MINWND,1,2028,10.3174
KENYA,MINWND,1,2029,10.3174
KENYA,MINWND,1,2030,11.3767
KENYA,MINWND,1,2031,11.3767
KENYA,MINWND,1,2032,14.472
KENYA,MINWND,1,2033,17.5225
KENYA,MINWND,1,2034,17.5225
KENYA,MINWND,1,2035,20.1545
KENYA,MINWND,1,2036,20.1545
KENYA,MINWND,1,2037,20.8755
KENYA,MINWND,1,2038,24.2541
KENYA,MINWND,1,2039,23.0153
KENYA,MINWND,1,2040,23.0153
KENYA,MINWND,1,2041,27.2997
KENYA,MINWND,1,2042,33.7354
KENYA,MINWND,1,2043,41.4868
KENYA,MINWND,1,2044,47.38
KENYA,MINWND,1,2045,57.8321
KENYA,MINWND,1,2046,63.9188
KENYA,MINWND,1,2047,72.275
KENYA,MINWND,1,2048,78.8978
KENYA,MINWND,1,2049,84.8923
KENYA,MINWND,1,2050,92.9496
KENYA,PWRBIO001,1,2019,0.0315
KENYA,PWRBIO001,1,2020,0.0315
KENYA,PWRBIO001,1,2021,0.0315
KENYA,PWRBIO001,1,2022,0.0315
KENYA,PWRBIO001,1,2023,0.0536
KENYA,PWRBIO001,1,2024,0.0536
KENYA,PWRBIO001,1,2025,0.0536
KENYA,PWRBIO001,1,2026,0.2112
KENYA,PWRBIO001,1,2027,0.2112
KENYA,PWRBIO001,1,2028,0.3374
KENYA,PWRBIO001,1,2029,0.3374
KENYA,PWRBIO001,1,2030,1.0972
KENYA,PWRBIO001,1,2031,1.4125
KENYA,PWRBIO001,1,2032,1.5828
KENYA,PWRBIO001,1,2033,1.6301
KENYA,PWRBIO001,1,2034,1.7247
KENYA,PWRBIO001,1,2035,1.7294
KENYA,PWRBIO001,1,2036,1.7294
KENYA,PWRBIO001,1,2037,1.7294
KENYA,PWRBIO001,1,2038,1.7294
KENYA,PWRBIO001,1,2039,1.7294
KENYA,PWRBIO001,1,2040,1.7294
KENYA,PWRBIO001,1,2041,1.7294
KENYA,PWRBIO001,1,2042,1.7294
KENYA,PWRBIO001,1,2043,1.6979
KENYA,PWRBIO001,1,2044,1.6979
KENYA,PWRBIO001,1,2045,1.6979
KENYA,PWRBIO001,1,2046,1.6979
KENYA,PWRBIO001,1,2047,1.6979
KENYA,PWRBIO001,1,2048,1.6979
KENYA,PWRBIO001,1,2049,1.6979
KENYA,PWRBIO001,1,2050,1.6979
KENYA,PWRDIST,1,2019,45.2992
KENYA,PWRDIST,1,2020,46.0963
KENYA,PWRDIST,1,2021,48.1497
KENYA,PWRDIST,1,2022,49.7134
KENYA,PWRDIST,1,2023,51.0728
KENYA,PWRDIST,1,2024,52.7433
KENYA,PWRDIST,1,2025,54.5992
KENYA,PWRDIST,1,2026,56.1896
KENYA,PWRDIST,1,2027,59.2532
KENYA,PWRDIST,1,2028,62.6198
KENYA,PWRDIST,1,2029,66.4146
KENYA,PWRDIST,1,2030,70.0744
KENYA,PWRDIST,1,2031,73.5814
KENYA,PWRDIST,1,2032,77.6614
KENYA,PWRDIST,1,2033,81.6008
KENYA,PWRDIST,1,2034,85.9252
KENYA,PWRDIST,1,2035,90.4002
KENYA,PWRDIST,1,2036,95.0004
KENYA,PWRDIST,1,2037,100.5754
KENYA,PWRDIST,1,2038,106.3824
KENYA,PWRDIST,1,2039,112.5223
KENYA,PWRDIST,1,2040,119.0315
KENYA,PWRDIST,1,2041,125.8895
KENYA,PWRDIST,1,2042,132.9869
KENYA,PWRDIST,1,2043,140.5561
KENYA,PWRDIST,1,2044,148.5288
KENYA,PWRDIST,1,2045,156.9573
KENYA,PWRDIST,1,2046,165.8514
KENYA,PWRDIST,1,2047,175.2192
KENYA,PWRDIST,1,2048,185.1236
KENYA,PWRDIST,1,2049,195.575
KENYA,PWRDIST,1,2050,206.5812
KENYA,PWRGEO001,1,2019,0.4472
KENYA,PWRGEO001,1,2020,0.4472
KENYA,PWRGEO001,1,2021,0.4472
KENYA,PWRGEO001,1,2022,0.4472
KENYA,PWRGEO001,1,2023,0.4472
KENYA,PWRGEO002,1,2019,4.1736
KENYA,PWRGEO002,1,2020,4.1736
KENYA,PWRGEO002,1,2021,4.1736
KENYA,PWRGEO002,1,2022,4.1736
KENYA,PWRGEO002,1,2023,4.1736
KENYA,PWRGEO002,1,2024,4.1736
KENYA,PWRGEO002,1,2025,4.1736
KENYA,PWRGEO002,1,2026,4.1736
KENYA,PWRGEO002,1,2027,4.1736
KENYA,PWRGEO002,1,2028,4.1736
KENYA,PWRGEO002,1,2029,4.1736
KENYA,PWRGEO002,1,2030,4.1736
KENYA,PWRGEO002,1,2031,4.1736
KENYA,PWRGEO002,1,2032,4.1736
KENYA,PWRGEO002,1,2033,4.1736
KENYA,PWRGEO002,1,2034,4.1736
KENYA,PWRGEO002,1,2035,4.1736
KENYA,PWRGEO002,1,2036,4.1736
KENYA,PWRGEO002,1,2037,4.1736
KENYA,PWRGEO002,1,2038,4.1736
KENYA,PWRGEO002,1,2039,4.1736
KENYA,PWRGEO002,1,2040,4.1736
KENYA,PWRGEO003,1,2019,3.0109
KENYA,PWRGEO003,1,2020,3.0109
KENYA,PWRGEO003,1,2021,3.0109
KENYA,PWRGEO003,1,2022,3.0109
KENYA,PWRGEO003,1,2023,3.0109
KENYA,PWRGEO003,1,2024,3.0109
KENYA,PWRGEO003,1,2025,3.0109
KENYA,PWRGEO003,1,2026,3.0109
KENYA,PWRGEO003,1,2027,3.0109
KENYA,PWRGEO003,1,2028,3.0109
KENYA,PWRGEO004,1,2019,1.902
KENYA,PWRGEO004,1,2020,1.902
KENYA,PWRGEO004,1,2021,1.902
KENYA,PWRGEO004,1,2022,1.902
KENYA,PWRGEO004,1,2023,1.902
KENYA,PWRGEO004,1,2024,1.902
KENYA,PWRGEO004,1,2025,1.902
KENYA,PWRGEO004,1,2026,1.902
KENYA,PWRGEO004,1,2027,1.902
KENYA,PWRGEO004,1,2028,1.902
KENYA,PWRGEO004,1,2029,1.902
KENYA,PWRGEO004,1,2030,1.902
KENYA,PWRGEO004,1,2031,1.902
KENYA,PWRGEO004,1,2032,1.902
KENYA,PWRGEO004,1,2033,1.902
KENYA,PWRGEO004,1,2034,1.902
KENYA,PWRGEO004,1,2035,1.902
KENYA,PWRGEO004,1,2036,1.902
KENYA,PWRGEO004,1,2037,1.902
KENYA,PWRGEO004,1,2038,1.902
KENYA,PWRGEO004,1,2039,1.902
KENYA,PWRGEO004,1,2040,1.902
KENYA,PWRGEO004,1,2041,1.902
KENYA,PWRGEO004,1,2042,1.902
KENYA,PWRGEO005,1,2019,1.1805
KENYA,PWRGEO005,1,2020,1.1805
KENYA,PWRGEO005,1,2021,1.1805
KENYA,PWRGEO005,1,2022,1.1805
KENYA,PWRGEO005,1,2023,1.1805
KENYA,PWRGEO005,1,2024,1.1805
KENYA,PWRGEO005,1,2025,1.1805
KENYA,PWRGEO005,1,2026,1.1805
KENYA,PWRGEO005,1,2027,1.1805
KENYA,PWRGEO005,1,2028,1.1805
KENYA,PWRGEO005,1,2029,1.1805
KENYA,PWRGEO005,1,2030,1.1805
KENYA,PWRGEO005,1,2031,1.1805
KENYA,PWRGEO005,1,2032,1.1805
KENYA,PWRGEO005,1,2033,1.1805
KENYA,PWRGEO005,1,2034,1.1805
KENYA,PWRGEO005,1,2035,1.1805
KENYA,PWRGEO005,1,2036,1.1805
KENYA,PWRGEO005,1,2037,1.1805
KENYA,PWRGEO006,1,2019,4.1736
KENYA,PWRGEO006,1,2020,4.1736
KENYA,PWRGEO006,1,2021,4.1736
KENYA,PWRGEO006,1,2022,4.1736
KENYA,PWRGEO006,1,2023,4.1736
KENYA,PWRGEO006,1,2024,4.1736
KENYA,PWRGEO006,1,2025,4.1736
KENYA,PWRGEO006,1,2026,4.1736
KENYA,PWRGEO006,1,2027,4.1736
KENYA,PWRGEO006,1,2028,4.1736
KENYA,PWRGEO006,1,2029,4.1736
KENYA,PWRGEO006,1,2030,4.1736
KENYA,PWRGEO006,1,2031,4.1736
KENYA,PWRGEO006,1,2032,4.1736
KENYA,PWRGEO006,1,2033,4.1736
KENYA,PWRGEO006,1,2034,4.1736
KENYA,PWRGEO006,1,2035,4.1736
KENYA,PWRGEO006,1,2036,4.1736
KENYA,PWRGEO006,1,2037,4.1736
KENYA,PWRGEO006,1,2038,4.1736
KENYA,PWRGEO006,1,2039,4.1736
KENYA,PWRGEO007,1,2019,1.3296
KENYA,PWRGEO007,1,2020,1.3296
KENYA,PWRGEO007,1,2021,1.3296
KENYA,PWRGEO007,1,2022,1.3296
KENYA,PWRGEO007,1,2023,1.3296
KENYA,PWRGEO007,1,2024,1.3296
KENYA,PWRGEO007,1,2025,1.3296
KENYA,PWRGEO007,1,2026,1.3296
KENYA,PWRGEO008,1,2019,0.8645
KENYA,PWRGEO008,1,2020,0.8645
KENYA,PWRGEO008,1,2021,0.8645
KENYA,PWRGEO008,1,2022,0.8645
KENYA,PWRGEO008,1,2023,0.8645
KENYA,PWRGEO008,1,2024,0.8645
KENYA,PWRGEO008,1,2025,0.8645
KENYA,PWRGEO008,1,2026,0.8645
KENYA,PWRGEO008,1,2027,0.8645
KENYA,PWRGEO008,1,2028,0.8645
KENYA,PWRGEO008,1,2029,0.8645
KENYA,PWRGEO008,1,2030,0.8645
KENYA,PWRGEO008,1,2031,0.8645
KENYA,PWRGEO008,1,2032,0.8645
KENYA,PWRGEO008,1,2033,0.8645
KENYA,PWRGEO008,1,2034,0.8645
KENYA,PWRGEO008,1,2035,0.8645
KENYA,PWRGEO008,1,2036,0.8645
KENYA,PWRGEO008,1,2037,0.8645
KENYA,PWRGEO008,1,2038,0.8645
KENYA,PWRGEO008,1,2039,0.8645
KENYA,PWRGEO008,1,2040,0.8645
KENYA,PWRGEO009,1,2019,0.8198
KENYA,PWRGEO009,1,2020,0.8198
KENYA,PWRGEO009,1,2021,0.8198
KENYA,PWRGEO009,1,2022,0.8198
KENYA,PWRGEO009,1,2023,0.8198
KENYA,PWRGEO009,1,2024,0.8198
KENYA,PWRGEO009,1,2025,0.8198
KENYA,PWRGEO009,1,2026,0.8198
KENYA,PWRGEO009,1,2027,0.8198
KENYA,PWRGEO009,1,2028,0.8198
KENYA,PWRGEO009,1,2029,0.8198
KENYA,PWRGEO009,1,2030,0.8198
KENYA,PWRGEO010,1,2023,1.0434
KENYA,PWRGEO010,1,2024,1.0434
KENYA,PWRGEO010,1,2025,1.0434
KENYA,PWRGEO010,1,2026,1.0434
KENYA,PWRGEO010,1,2027,1.0434
KENYA,PWRGEO010,1,2028,1.0434
KENYA,PWRGEO010,1,2029,1.0434
KENYA,PWRGEO010,1,2030,1.0434
KENYA,PWRGEO010,1,2031,1.0434
KENYA,PWRGEO010,1,2032,1.0434
KENYA,PWRGEO010,1,2033,1.0434
KENYA,PWRGEO010,1,2034,1.0434
KENYA,PWRGEO010,1,2035,1.0434
KENYA,PWRGEO010,1,2036,1.0434
KENYA,PWRGEO010,1,2037,1.0434
KENYA,PWRGEO010,1,2038,1.0434
KENYA,PWRGEO010,1,2039,1.0434
KENYA,PWRGEO010,1,2040,1.0434
KENYA,PWRGEO010,1,2041,1.0434
KENYA,PWRGEO010,1,2042,1.0434
KENYA,PWRGEO010,1,2043,1.0434
KENYA,PWRGEO010,1,2044,1.0434
KENYA,PWRGEO010,1,2045,1.0434
KENYA,PWRGEO010,1,2046,1.0434
KENYA,PWRGEO010,1,2047,1.0434
KENYA,PWRGEO011,1,2022,2.4833
KENYA,PWRGEO011,1,2023,2.4833
KENYA,PWRGEO011,1,2024,2.4833
KENYA,PWRGEO011,1,2025,2.4833
KENYA,PWRGEO011,1,2026,2.4833
KENYA,PWRGEO011,1,2027,2.4833
KENYA,PWRGEO011,1,2028,2.4833
KENYA,PWRGEO011,1,2029,2.4833
KENYA,PWRGEO011,1,2030,2.4833
KENYA,PWRGEO011,1,2031,2.4833
KENYA,PWRGEO011,1,2032,2.4833
KENYA,PWRGEO011,1,2033,2.4833
KENYA,PWRGEO011,1,2034,2.4833
KENYA,PWRGEO011,1,2035,2.4833
KENYA,PWRGEO011,1,2036,2.4833
KENYA,PWRGEO011,1,2037,2.4833
KENYA,PWRGEO011,1,2038,2.4833
KENYA,PWRGEO011,1,2039,2.4833
KENYA,PWRGEO011,1,2040,2.4833
KENYA,PWRGEO011,1,2041,2.4833
KENYA,PWRGEO011,1,2042,2.4833
KENYA,PWRGEO011,1,2043,2.4833
KENYA,PWRGEO011,1,2044,2.4833
KENYA,PWRGEO011,1,2045,2.4833
KENYA,PWRGEO011,1,2046,2.4833
KENYA,PWRGEO012,1,2019,4.7102
KENYA,PWRGEO012,1,2020,4.7102
KENYA,PWRGEO012,1,2021,4.7102
KENYA,PWRGEO012,1,2022,4.7102
KENYA,PWRGEO012,1,2023,4.7102
KENYA,PWRGEO012,1,2024,4.7102
KENYA,PWRGEO012,1,2025,4.7102
KENYA,PWRGEO012,1,2026,4.7102
KENYA,PWRGEO012,1,2027,4.7102
KENYA,PWRGEO012,1,2028,4.7102
KENYA,PWRGEO012,1,2029,4.7102
KENYA,PWRGEO012,1,2030,4.7102
KENYA,PWRGEO012,1,2031,4.7102
KENYA,PWRGEO012,1,2032,4.7102
KENYA,PWRGEO012,1,2033,4.7102
KENYA,PWRGEO012,1,2034,4.7102
KENYA,PWRGEO012,1,2035,4.7102
KENYA,PWRGEO012,1,2036,4.7102
KENYA,PWRGEO012,1,2037,4.7102
KENYA,PWRGEO012,1,2038,4.7102
KENYA,PWRGEO012,1,2039,4.7102
KENYA,PWRGEO012,1,2040,4.7102
KENYA,PWRGEO012,1,2041,4.7102
KENYA,PWRGEO012,1,2042,4.7102
KENYA,PWRGEO012,1,2043,4.7102
KENYA,PWRGEO012,1,2044,4.7102
KENYA,PWRGEO013,1,2029,4.1736
KENYA,PWRGEO013,1,2030,4.1736
KENYA,PWRGEO013,1,2031,4.1736
KENYA,PWRGEO013,1,2032,4.1736
KENYA,PWRGEO013,1,2033,4.1736
KENYA,PWRGEO013,1,2034,4.1736
KENYA,PWRGEO013,1,2035,4.1736
KENYA,PWRGEO013,1,2036,4.1736
KENYA,PWRGEO013,1,2037,4.1736
KENYA,PWRGEO013,1,2038,4.1736
KENYA,PWRGEO013,1,2039,4.1736
KENYA,PWRGEO013,1,2040,4.1736
KENYA,PWRGEO013,1,2041,4.1736
KENYA,PWRGEO013,1,2042,4.1736
KENYA,PWRGEO013,1,2043,4.1736
KENYA,PWRGEO013,1,2044,4.1736
KENYA,PWRGEO013,1,2045,4.1736
KENYA,PWRGEO013,1,2046,4.1736
KENYA,PWRGEO013,1,2047,4.1736
KENYA,PWRGEO013,1,2048,4.1736
KENYA,PWRGEO013,1,2049,4.1736
KENYA,PWRGEO013,1,2050,4.1736
KENYA,PWRGEO014,1,2029,4.1736
KENYA,PWRGEO014,1,2030,4.1736
KENYA,PWRGEO014,1,2031,4.1736
KENYA,PWRGEO014,1,2032,4.1736
KENYA,PWRGEO014,1,2033,4.1736
KENYA,PWRGEO014,1,2034,4.1736
KENYA,PWRGEO014,1,2035,4.1736
KENYA,PWRGEO014,1,2036,4.1736
KENYA,PWRGEO014,1,2037,4.1736
KENYA,PWRGEO014,1,2038,4.1736
KENYA,PWRGEO014,1,2039,4.1736
KENYA,PWRGEO014,1,2040,4.1736
KENYA,PWRGEO014,1,2041,4.1736
KENYA,PWRGEO014,1,2042,4.1736
KENYA,PWRGEO014,1,2043,4.1736
KENYA,PWRGEO014,1,2044,4.1736
KENYA,PWRGEO014,1,2045,4.1736
KENYA,PWRGEO014,1,2046,4.1736
KENYA,PWRGEO014,1,2047,4.1736
KENYA,PWRGEO014,1,2048,4.1736
KENYA,PWRGEO014,1,2049,4.1736
KENYA,PWRGEO014,1,2050,4.1736
KENYA,PWRGEO015,1,2034,4.1736
KENYA,PWRGEO015,1,2035,4.1736
KENYA,PWRGEO015,1,2036,4.1736
KENYA,PWRGEO015,1,2037,4.1736
KENYA,PWRGEO015,1,2038,4.1736
KENYA,PWRGEO015,1,2039,4.1736
KENYA,PWRGEO015,1,2040,4.1736
KENYA,PWRGEO015,1,2041,4.1736
KENYA,PWRGEO015,1,2042,4.1736
KENYA,PWRGEO015,1,2043,4.1736
KENYA,PWRGEO015,1,2044,4.1736
KENYA,PWRGEO015,1,2045,4.1736
KENYA,PWRGEO015,1,2046,4.1736
KENYA,PWRGEO015,1,2047,4.1736
KENYA,PWRGEO015,1,2048,4.1736
KENYA,PWRGEO015,1,2049,4.1736
KENYA,PWRGEO015,1,2050,4.1736
KENYA,PWRGEO016,1,2036,4.1736
KENYA,PWRGEO016,1,2037,4.1736
KENYA,PWRGEO016,1,2038,4.1736
KENYA,PWRGEO016,1,2039,4.1736
KENYA,PWRGEO016,1,2040,4.1736
KENYA,PWRGEO016,1,2041,4.1736
KENYA,PWRGEO016,1,2042,4.1736
KENYA,PWRGEO016,1,2043,4.1736
KENYA,PWRGEO016,1,2044,4.1736
KENYA,PWRGEO016,1,2045,4.1736
KENYA,PWRGEO016,1,2046,4.1736
KENYA,PWRGEO016,1,2047,4.1736
KENYA,PWRGEO016,1,2048,4.1736
KENYA,PWRGEO016,1,2049,4.1736
KENYA,PWRGEO016,1,2050,4.1736
KENYA,PWRGEO017,1,2028,0.7453
KENYA,PWRGEO017,1,2029,0.7453
KENYA,PWRGEO017,1,2030,0.7453
KENYA,PWRGEO017,1,2031,0.7453
KENYA,PWRGEO017,1,2032,0.7453
KENYA,PWRGEO017,1,2033,0.7453
KENYA,PWRGEO017,1,2034,0.7453
KENYA,PWRGEO017,1,2035,0.7453
KENYA,PWRGEO017,1,2036,0.7453
KENYA,PWRGEO017,1,2037,0.7453
KENYA,PWRGEO017,1,2038,0.7453
KENYA,PWRGEO017,1,2039,0.7453
KENYA,PWRGEO017,1,2040,0.7453
KENYA,PWRGEO017,1,2041,0.7453
KENYA,PWRGEO017,1,2042,0.7453
KENYA,PWRGEO017,1,2043,0.7453
KENYA,PWRGEO017,1,2044,0.7453
KENYA,PWRGEO017,1,2045,0.7453
KENYA,PWRGEO017,1,2046,0.7453
KENYA,PWRGEO017,1,2047,0.7453
KENYA,PWRGEO017,1,2048,0.7453
KENYA,PWRGEO017,1,2049,0.7453
KENYA,PWRGEO017,1,2050,0.7453
KENYA,PWRGEO018,1,2039,1.7887
KENYA,PWRGEO018,1,2040,1.7887
KENYA,PWRGEO018,1,2041,1.7887
KENYA,PWRGEO018,1,2042,1.7887
KENYA,PWRGEO018,1,2043,1.7887
KENYA,PWRGEO018,1,2044,1.7887
KENYA,PWRGEO018,1,2045,1.7887
KENYA,PWRGEO018,1,2046,1.7887
KENYA,PWRGEO018,1,2047,1.7887
KENYA,PWRGEO018,1,2048,1.7887
KENYA,PWRGEO018,1,2049,1.7887
KENYA,PWRGEO018,1,2050,1.7887
KENYA,PWRGEO019,1,2037,2.9811
KENYA,PWRGEO019,1,2038,2.9811
KENYA,PWRGEO019,1,2039,2.9811
KENYA,PWRGEO019,1,2040,2.9811
KENYA,PWRGEO019,1,2041,2.9811
KENYA,PWRGEO019,1,2042,2.9811
KENYA,PWRGEO019,1,2043,2.9811
KENYA,PWRGEO019,1,2044,2.9811
KENYA,PWRGEO019,1,2045,2.9811
KENYA,PWRGEO019,1,2046,2.9811
KENYA,PWRGEO019,1,2047,2.9811
KENYA,PWRGEO019,1,2048,2.9811
KENYA,PWRGEO019,1,2049,2.9811
KENYA,PWRGEO019,1,2050,2.9811
KENYA,PWRGEO020,1,2040,2.9811
KENYA,PWRGEO020,1,2041,2.9811
KENYA,PWRGEO020,1,2042,2.9811
KENYA,PWRGEO020,1,2043,2.9811
KENYA,PWRGEO020,1,2044,2.9811
KENYA,PWRGEO020,1,2045,2.9811
KENYA,PWRGEO020,1,2046,2.9811
KENYA,PWRGEO020,1,2047,2.9811
KENYA,PWRGEO020,1,2048,2.9811
KENYA,PWRGEO020,1,2049,2.9811
KENYA,PWRGEO020,1,2050,2.9811
KENYA,PWRGEO021,1,2040,2.9811
KENYA,PWRGEO021,1,2041,2.9811
KENYA,PWRGEO021,1,2042,2.9811
KENYA,PWRGEO021,1,2043,2.9811
KENYA,PWRGEO021,1,2044,2.9811
KENYA,PWRGEO021,1,2045,2.9811
KENYA,PWRGEO021,1,2046,2.9811
KENYA,PWRGEO021,1,2047,2.9811
KENYA,PWRGEO021,1,2048,2.9811
KENYA,PWRGEO021,1,2049,2.9811
KENYA,PWRGEO021,1,2050,2.9811
KENYA,PWRGEO024,1,2031,2.9811
KENYA,PWRGEO024,1,2032,2.9811
KENYA,PWRGEO024,1,2033,2.9811
KENYA,PWRGEO024,1,2034,2.9811
KENYA,PWRGEO024,1,2035,2.9811
KENYA,PWRGEO024,1,2036,2.9811
KENYA,PWRGEO024,1,2037,2.9811
KENYA,PWRGEO024,1,2038,2.9811
KENYA,PWRGEO024,1,2039,2.9811
KENYA,PWRGEO024,1,2040,2.9811
KENYA,PWRGEO024,1,2041,2.9811
KENYA,PWRGEO024,1,2042,2.9811
KENYA,PWRGEO024,1,2043,2.9811
KENYA,PWRGEO024,1,2044,2.9811
KENYA,PWRGEO024,1,2045,2.9811
KENYA,PWRGEO024,1,2046,2.9811
KENYA,PWRGEO024,1,2047,2.9811
KENYA,PWRGEO024,1,2048,2.9811
KENYA,PWRGEO024,1,2049,2.9811
KENYA,PWRGEO024,1,2050,2.9811
KENYA,PWRGEO025,1,2041,2.9811
KENYA,PWRGEO025,1,2042,2.9811
KENYA,PWRGEO025,1,2043,2.9811
KENYA,PWRGEO025,1,2044,2.9811
KENYA,PWRGEO025,1,2045,2.9811
KENYA,PWRGEO025,1,2046,2.9811
KENYA,PWRGEO025,1,2047,2.9811
KENYA,PWRGEO025,1,2048,2.9811
KENYA,PWRGEO025,1,2049,2.9811
KENYA,PWRGEO025,1,2050,2.9811
KENYA,PWRGEO026,1,2040,2.2325
KENYA,PWRGEO026,1,2041,2.9811
KENYA,PWRGEO026,1,2042,2.9811
KENYA,PWRGEO026,1,2043,2.9811
KENYA,PWRGEO026,1,2044,2.9811
KENYA,PWRGEO026,1,2045,2.9811
KENYA,PWRGEO026,1,2046,2.9811
KENYA,PWRGEO026,1,2047,2.9811
KENYA,PWRGEO026,1,2048,2.9811
KENYA,PWRGEO026,1,2049,2.9811
KENYA,PWRGEO026,1,2050,2.9811
KENYA,PWRGEO027,1,2025,1.0434
KENYA,PWRGEO027,1,2026,1.0434
KENYA,PWRGEO027,1,2027,1.0434
KENYA,PWRGEO027,1,2028,1.0434
KENYA,PWRGEO027,1,2029,1.0434
KENYA,PWRGEO027,1,2030,1.0434
KENYA,PWRGEO027,1,2031,1.0434
KENYA,PWRGEO027,1,2032,1.0434
KENYA,PWRGEO027,1,2033,1.0434
KENYA,PWRGEO027,1,2034,1.0434
KENYA,PWRGEO027,1,2035,1.0434
KENYA,PWRGEO027,1,2036,1.0434
KENYA,PWRGEO027,1,2037,1.0434
KENYA,PWRGEO027,1,2038,1.0434
KENYA,PWRGEO027,1,2039,1.0434
KENYA,PWRGEO027,1,2040,1.0434
KENYA,PWRGEO027,1,2041,1.0434
KENYA,PWRGEO027,1,2042,1.0434
KENYA,PWRGEO027,1,2043,1.0434
KENYA,PWRGEO027,1,2044,1.0434
KENYA,PWRGEO027,1,2045,1.0434
KENYA,PWRGEO027,1,2046,1.0434
KENYA,PWRGEO027,1,2047,1.0434
KENYA,PWRGEO027,1,2048,1.0434
KENYA,PWRGEO027,1,2049,1.0434
KENYA,PWRGEO028,1,2028,1.0434
KENYA,PWRGEO028,1,2029,1.0434
KENYA,PWRGEO028,1,2030,1.0434
KENYA,PWRGEO028,1,2031,1.0434
KENYA,PWRGEO028,1,2032,1.0434
KENYA,PWRGEO028,1,2033,1.0434
KENYA,PWRGEO028,1,2034,1.0434
KENYA,PWRGEO028,1,2035,1.0434
KENYA,PWRGEO028,1,2036,1.0434
KENYA,PWRGEO028,1,2037,1.0434
KENYA,PWRGEO028,1,2038,1.0434
KENYA,PWRGEO028,1,2039,1.0434
KENYA,PWRGEO028,1,2040,1.0434
KENYA,PWRGEO028,1,2041,1.0434
KENYA,PWRGEO028,1,2042,1.0434
KENYA,PWRGEO028,1,2043,1.0434
KENYA,PWRGEO028,1,2044,1.0434
KENYA,PWRGEO028,1,2045,1.0434
KENYA,PWRGEO028,1,2046,1.0434
KENYA,PWRGEO028,1,2047,1.0434
KENYA,PWRGEO028,1,2048,1.0434
KENYA,PWRGEO028,1,2049,1.0434
KENYA,PWRGEO028,1,2050,1.0434
KENYA,PWRGEO029,1,2038,2.9811
KENYA,PWRGEO029,1,2039,2.9811
KENYA,PWRGEO029,1,2040,2.9811
KENYA,PWRGEO029,1,2041,2.9811
KENYA,PWRGEO029,1,2042,2.9811
KENYA,PWRGEO029,1,2043,2.9811
KENYA,PWRGEO029,1,2044,2.9811
KENYA,PWRGEO029,1,2045,2.9811
KENYA,PWRGEO029,1,2046,2.9811
KENYA,PWRGEO029,1,2047,2.9811
KENYA,PWRGEO029,1,2048,2.9811
KENYA,PWRGEO029,1,2049,2.9811
KENYA,PWRGEO029,1,2050,2.9811
KENYA,PWRGEO030,1,2039,2.9811
KENYA,PWRGEO030,1,2040,2.9811
KENYA,PWRGEO030,1,2041,2.9811
KENYA,PWRGEO030,1,2042,2.9811
KENYA,PWRGEO030,1,2043,2.9811
KENYA,PWRGEO030,1,2044,2.9811
KENYA,PWRGEO030,1,2045,2.9811
KENYA,PWRGEO030,1,2046,2.9811
KENYA,PWRGEO030,1,2047,2.9811
KENYA,PWRGEO030,1,2048,2.9811
KENYA,PWRGEO030,1,2049,2.9811
KENYA,PWRGEO030,1,2050,2.9811
KENYA,PWRGEO031,1,2040,2.9811
KENYA,PWRGEO031,1,2041,2.9811
KENYA,PWRGEO031,1,2042,2.9811
KENYA,PWRGEO031,1,2043,2.9811
KENYA,PWRGEO031,1,2044,2.9811
KENYA,PWRGEO031,1,2045,2.9811
KENYA,PWRGEO031,1,2046,2.9811
KENYA,PWRGEO031,1,2047,2.9811
KENYA,PWRGEO031,1,2048,2.9811
KENYA,PWRGEO031,1,2049,2.9811
KENYA,PWRGEO031,1,2050,2.9811
KENYA,PWRGEO033,1,2025,0.5962
KENYA,PWRGEO033,1,2026,0.5962
KENYA,PWRGEO033,1,2027,0.5962
KENYA,PWRGEO033,1,2028,0.5962
KENYA,PWRGEO033,1,2029,0.5962
KENYA,PWRGEO033,1,2030,0.5962
KENYA,PWRGEO033,1,2031,0.5962
KENYA,PWRGEO033,1,2032,0.5962
KENYA,PWRGEO033,1,2033,0.5962
KENYA,PWRGEO033,1,2034,0.5962
KENYA,PWRGEO033,1,2035,0.5962
KENYA,PWRGEO033,1,2036,0.5962
KENYA,PWRGEO033,1,2037,0.5962
KENYA,PWRGEO033,1,2038,0.5962
KENYA,PWRGEO033,1,2039,0.5962
KENYA,PWRGEO033,1,2040,0.5962
KENYA,PWRGEO033,1,2041,0.5962
KENYA,PWRGEO033,1,2042,0.5962
KENYA,PWRGEO033,1,2043,0.5962
KENYA,PWRGEO033,1,2044,0.5962
KENYA,PWRGEO033,1,2045,0.5962
KENYA,PWRGEO033,1,2046,0.5962
KENYA,PWRGEO033,1,2047,0.5962
KENYA,PWRGEO033,1,2048,0.5962
KENYA,PWRGEO033,1,2049,0.5962
KENYA,PWRGEO034,1,2041,1.0434
KENYA,PWRGEO034,1,2042,1.0434
KENYA,PWRGEO034,1,2043,1.0434
KENYA,PWRGEO034,1,2044,1.0434
KENYA,PWRGEO034,1,2045,1.0434
KENYA,PWRGEO034,1,2046,1.0434
KENYA,PWRGEO034,1,2047,1.0434
KENYA,PWRGEO034,1,2048,1.0434
KENYA,PWRGEO034,1,2049,1.0434
KENYA,PWRGEO034,1,2050,1.0434
KENYA,PWRGEO035,1,2031,1.0434
KENYA,PWRGEO035,1,2032,1.0434
KENYA,PWRGEO035,1,2033,1.0434
KENYA,PWRGEO035,1,2034,1.0434
KENYA,PWRGEO035,1,2035,1.0434
KENYA,PWRGEO035,1,2036,1.0434
KENYA,PWRGEO035,1,2037,1.0434
KENYA,PWRGEO035,1,2038,1.0434
KENYA,PWRGEO035,1,2039,1.0434
KENYA,PWRGEO035,1,2040,1.0434
KENYA,PWRGEO035,1,2041,1.0434
KENYA,PWRGEO035,1,2042,1.0434
KENYA,PWRGEO035,1,2043,1.0434
KENYA,PWRGEO035,1,2044,1.0434
KENYA,PWRGEO035,1,2045,1.0434
KENYA,PWRGEO035,1,2046,1.0434
KENYA,PWRGEO035,1,2047,1.0434
KENYA,PWRGEO035,1,2048,1.0434
KENYA,PWRGEO035,1,2049,1.0434
KENYA,PWRGEO035,1,2050,1.0434
KENYA,PWRGEO038,1,2026,0.5962
KENYA,PWRGEO038,1,2027,0.5962
KENYA,PWRGEO038,1,2028,0.5962
KENYA,PWRGEO038,1,2029,0.5962
KENYA,PWRGEO038,1,2030,0.5962
KENYA,PWRGEO038,1,2031,0.5962
KENYA,PWRGEO038,1,2032,0.5962
KENYA,PWRGEO038,1,2033,0.5962
KENYA,PWRGEO038,1,2034,0.5962
KENYA,PWRGEO038,1,2035,0.5962
KENYA,PWRGEO038,1,2036,0.5962
KENYA,PWRGEO038,1,2037,0.5962
KENYA,PWRGEO038,1,2038,0.5962
KENYA,PWRGEO038,1,2039,0.5962
KENYA,PWRGEO038,1,2040,0.5962
KENYA,PWRGEO038,1,2041,0.5962
KENYA,PWRGEO038,1,2042,0.5962
KENYA,PWRGEO038,1,2043,0.5962
KENYA,PWRGEO038,1,2044,0.5962
KENYA,PWRGEO038,1,2045,0.5962
KENYA,PWRGEO038,1,2046,0.5962
KENYA,PWRGEO038,1,2047,0.5962
KENYA,PWRGEO038,1,2048,0.5962
KENYA,PWRGEO038,1,2049,0.5962
KENYA,PWRGEO038,1,2050,0.5962
KENYA,PWRGEO040,1,2019,0.5247
KENYA,PWRGEO040,1,2020,0.5247
KENYA,PWRGEO040,1,2021,0.5247
KENYA,PWRGEO040,1,2022,0.5247
KENYA,PWRGEO040,1,2023,0.5247
KENYA,PWRGEO040,1,2024,0.5247
KENYA,PWRGEO040,1,2025,0.5247
KENYA,PWRGEO040,1,2026,0.5247
KENYA,PWRGEO040,1,2027,0.5247
KENYA,PWRGEO040,1,2028,0.5247
KENYA,PWRGEO040,1,2029,0.5247
KENYA,PWRGEO040,1,2030,0.5247
KENYA,PWRGEO040,1,2031,0.5247
KENYA,PWRGEO040,1,2032,0.5247
KENYA,PWRGEO040,1,2033,0.5247
KENYA,PWRGEO040,1,2034,0.5247
KENYA,PWRGEO040,1,2035,0.5247
KENYA,PWRGEO040,1,2036,0.5247
KENYA,PWRGEO040,1,2037,0.5247
KENYA,PWRGEO040,1,2038,0.5247
KENYA,PWRGEO042,1,2039,1.4906
KENYA,PWRGEO042,1,2040,1.4906
KENYA,PWRGEO042,1,2041,1.4906
KENYA,PWRGEO042,1,2042,1.4906
KENYA,PWRGEO042,1,2043,1.4906
KENYA,PWRGEO042,1,2044,1.4906
KENYA,PWRGEO042,1,2045,1.4906
KENYA,PWRGEO042,1,2046,1.4906
KENYA,PWRGEO042,1,2047,1.4906
KENYA,PWRGEO042,1,2048,1.4906
KENYA,PWRGEO042,1,2049,1.4906
KENYA,PWRGEO042,1,2050,1.4906
KENYA,PWRGEO047,1,2019,0.4472
KENYA,PWRGEO047,1,2020,0.4472
KENYA,PWRGEO047,1,2021,0.4472
KENYA,PWRGEO047,1,2022,0.4472
KENYA,PWRGEO047,1,2023,0.4472
KENYA,PWRGEO049,1,2025,0.626
KENYA,PWRGEO049,1,2026,0.626
KENYA,PWRGEO049,1,2027,0.626
KENYA,PWRGEO049,1,2028,0.626
KENYA,PWRGEO049,1,2029,0.626
KENYA,PWRGEO049,1,2030,0.626
KENYA,PWRGEO049,1,2031,0.626
KENYA,PWRGEO049,1,2032,0.626
KENYA,PWRGEO049,1,2033,0.626
KENYA,PWRGEO049,1,2034,0.626
KENYA,PWRGEO049,1,2035,0.626
KENYA,PWRGEO049,1,2036,0.626
KENYA,PWRGEO049,1,2037,0.626
KENYA,PWRGEO049,1,2038,0.626
KENYA,PWRGEO049,1,2039,0.626
KENYA,PWRGEO049,1,2040,0.626
KENYA,PWRGEO049,1,2041,0.626
KENYA,PWRGEO049,1,2042,0.626
KENYA,PWRGEO049,1,2043,0.626
KENYA,PWRGEO049,1,2044,0.626
KENYA,PWRGEO049,1,2045,0.626
KENYA,PWRGEO049,1,2046,0.626
KENYA,PWRGEO049,1,2047,0.626
KENYA,PWRGEO049,1,2048,0.626
KENYA,PWRGEO049,1,2049,0.626
KENYA,PWRGEO049,1,2050,0.626
KENYA,PWRGEO050,1,2025,0.626
KENYA,PWRGEO050,1,2026,0.626
KENYA,PWRGEO050,1,2027,0.626
KENYA,PWRGEO050,1,2028,0.626
KENYA,PWRGEO050,1,2029,0.626
KENYA,PWRGEO050,1,2030,0.626
KENYA,PWRGEO050,1,2031,0.626
KENYA,PWRGEO050,1,2032,0.626
KENYA,PWRGEO050,1,2033,0.626
KENYA,PWRGEO050,1,2034,0.626
KENYA,PWRGEO050,1,2035,0.626
KENYA,PWRGEO050,1,2036,0.626
KENYA,PWRGEO050,1,2037,0.626
KENYA,PWRGEO050,1,2038,0.626
KENYA,PWRGEO050,1,2039,0.626
KENYA,PWRGEO050,1,2040,0.626
KENYA,PWRGEO050,1,2041,0.626
KENYA,PWRGEO050,1,2042,0.626
KENYA,PWRGEO050,1,2043,0.626
KENYA,PWRGEO050,1,2044,0.626
KENYA,PWRGEO050,1,2045,0.626
KENYA,PWRGEO050,1,2046,0.626
KENYA,PWRGEO050,1,2047,0.626
KENYA,PWRGEO050,1,2048,0.626
KENYA,PWRGEO050,1,2049,0.626
KENYA,PWRGEO050,1,2050,0.626
KENYA,PWRGEO051,1,2025,0.626
KENYA,PWRGEO051,1,2026,0.626
KENYA,PWRGEO051,1,2027,0.626
KENYA,PWRGEO051,1,2028,0.626
KENYA,PWRGEO051,1,2029,0.626
KENYA,PWRGEO051,1,2030,0.626
KENYA,PWRGEO051,1,2031,0.626
KENYA,PWRGEO051,1,2032,0.626
KENYA,PWRGEO051,1,2033,0.626
KENYA,PWRGEO051,1,2034,0.626
KENYA,PWRGEO051,1,2035,0.626
KENYA,PWRGEO051,1,2036,0.626
KENYA,PWRGEO051,1,2037,0.626
KENYA,PWRGEO051,1,2038,0.626
KENYA,PWRGEO051,1,2039,0.626
KENYA,PWRGEO051,1,2040,0.626
KENYA,PWRGEO051,1,2041,0.626
KENYA,PWRGEO051,1,2042,0.626
KENYA,PWRGEO051,1,2043,0.626
KENYA,PWRGEO051,1,2044,0.626
KENYA,PWRGEO051,1,2045,0.626
KENYA,PWRGEO051,1,2046,0.626
KENYA,PWRGEO051,1,2047,0.626
KENYA,PWRGEO051,1,2048,0.626
KENYA,PWRGEO051,1,2049,0.626
KENYA,PWRGEO051,1,2050,0.626
KENYA,PWRGEO102,1,2026,2.8575
KENYA,PWRGEO102,1,2027,5.0679
KENYA,PWRGEO102,1,2028,5.6642
KENYA,PWRGEO102,1,2029,5.6673
KENYA,PWRGEO102,1,2030,6.8566
KENYA,PWRGEO102,1,2031,7.4528
KENYA,PWRGEO102,1,2032,8.3472
KENYA,PWRGEO102,1,2033,9.2415
KENYA,PWRGEO102,1,2034,9.6985
KENYA,PWRGEO102,1,2035,11.3283
KENYA,PWRGEO102,1,2036,12.0509
KENYA,PWRGEO102,1,2037,14.0113
KENYA,PWRGEO102,1,2038,15.2038
KENYA,PWRGEO102,1,2039,16.9925
KENYA,PWRGEO102,1,2040,16.9925
KENYA,PWRGEO102,1,2041,20.5698
KENYA,PWRGEO102,1,2042,22.9547
KENYA,PWRGEO102,1,2043,25.3396
KENYA,PWRGEO102,1,2044,28.0226
KENYA,PWRGEO102,1,2045,31.0038
KENYA,PWRGEO102,1,2046,34.283
KENYA,PWRGEO102,1,2047,37.8604
KENYA,PWRGEO102,1,2048,41.7359
KENYA,PWRGEO102,1,2049,46.2076
KENYA,PWRGEO102,1,2050,50.9774
KENYA,PWRHFO002,1,2020,0.0079
KENYA,PWRHFO002,1,2021,0.0214
KENYA,PWRHFO002,1,2031,0.0457
KENYA,PWRHFO002,1,2032,0.0482
KENYA,PWRHFO002,1,2033,0.0603
KENYA,PWRHFO002,1,2034,0.2596
KENYA,PWRHFO003,1,2019,0.5424
KENYA,PWRHFO003,1,2020,0.6152
KENYA,PWRHFO003,1,2021,0.5588
KENYA,PWRHFO003,1,2022,0.2633
KENYA,PWRHFO003,1,2023,0.2893
KENYA,PWRHFO003,1,2024,0.4338
KENYA,PWRHFO004,1,2019,1.9717
KENYA,PWRHFO004,1,2020,2.4695
KENYA,PWRHFO004,1,2021,2.5811
KENYA,PWRHFO004,1,2022,0.7933
KENYA,PWRHFO004,1,2023,0.8179
KENYA,PWRHFO004,1,2024,1.0019
KENYA,PWRHFO004,1,2025,0.8856
KENYA,PWRHFO004,1,2026,0.0572
KENYA,PWRHFO004,1,2027,0.126
KENYA,PWRHFO004,1,2028,0.1929
KENYA,PWRHFO004,1,2029,0.128
KENYA,PWRHFO004,1,2030,0.72
KENYA,PWRHFO005,1,2019,0.5117
KENYA,PWRHFO005,1,2020,0.5793
KENYA,PWRHFO005,1,2021,0.6156
KENYA,PWRHFO005,1,2022,0.1672
KENYA,PWRHFO005,1,2023,0.2163
KENYA,PWRHFO005,1,2024,0.4184
KENYA,PWRHFO005,1,2025,0.4949
KENYA,PWRHFO006,1,2019,2.5742
KENYA,PWRHFO006,1,2020,2.5742
KENYA,PWRHFO006,1,2021,2.5742
KENYA,PWRHFO006,1,2022,0.8012
KENYA,PWRHFO006,1,2023,0.7991
KENYA,PWRHFO006,1,2024,1.3659
KENYA,PWRHFO006,1,2025,0.7568
KENYA,PWRHFO006,1,2026,0.3488
KENYA,PWRHFO006,1,2027,0.5452
KENYA,PWRHFO006,1,2028,0.5814
KENYA,PWRHFO006,1,2029,0.4786
KENYA,PWRHFO007,1,2019,0.2398
KENYA,PWRHFO007,1,2020,0.3624
KENYA,PWRHFO007,1,2021,0.42
KENYA,PWRHFO007,1,2022,0.0551
KENYA,PWRHFO007,1,2023,0.0227
KENYA,PWRHFO007,1,2024,0.2727
KENYA,PWRHFO007,1,2025,0.1499
KENYA,PWRHFO007,1,2027,0.0158
KENYA,PWRHFO007,1,2029,0.0179
KENYA,PWRHFO007,1,2030,0.0907
KENYA,PWRHFO007,1,2031,0.4169
KENYA,PWRHFO007,1,2032,0.3962
KENYA,PWRHFO007,1,2033,0.5004
KENYA,PWRHFO008,1,2019,0.04
KENYA,PWRHFO008,1,2020,0.0724
KENYA,PWRHFO008,1,2021,0.0798
KENYA,PWRHFO008,1,2024,0.0266
KENYA,PWRHFO008,1,2025,0.0266
KENYA,PWRHFO008,1,2030,0.0043
KENYA,PWRHFO008,1,2031,0.0907
KENYA,PWRHFO008,1,2032,0.1196
KENYA,PWRHFO008,1,2033,0.1041
KENYA,PWRHFO009,1,2019,0.287
KENYA,PWRHFO009,1,2020,0.319
KENYA,PWRHFO009,1,2021,0.3527
KENYA,PWRHFO009,1,2022,0.0227
KENYA,PWRHFO009,1,2023,0.0812
KENYA,PWRHFO009,1,2024,0.0948
KENYA,PWRHFO009,1,2025,0.1361
KENYA,PWRHFO009,1,2028,0.0253
KENYA,PWRHFO009,1,2030,0.0776
KENYA,PWRHFO009,1,2031,0.3216
KENYA,PWRHFO009,1,2032,0.3961
KENYA,PWRHFO009,1,2033,0.4009
KENYA,PWRHFO009,1,2034,0.5533
KENYA,PWRHFO009,1,2035,0.5022
KENYA,PWRHYD001,1,2019,0.3153
KENYA,PWRHYD001,1,2020,0.3153
KENYA,PWRHYD001,1,2021,0.3153
KENYA,PWRHYD001,1,2022,0.3153
KENYA,PWRHYD001,1,2023,0.3153
KENYA,PWRHYD001,1,2024,0.3153
KENYA,PWRHYD001,1,2025,0.3153
KENYA,PWRHYD001,1,2026,0.3153
KENYA,PWRHYD001,1,2027,0.3153
KENYA,PWRHYD001,1,2028,0.3153
KENYA,PWRHYD001,1,2029,0.3153
KENYA,PWRHYD001,1,2030,0.3153
KENYA,PWRHYD001,1,2031,0.3153
KENYA,PWRHYD001,1,2032,0.3153
KENYA,PWRHYD001,1,2033,0.3153
KENYA,PWRHYD001,1,2034,0.3153
KENYA,PWRHYD001,1,2035,0.3153
KENYA,PWRHYD001,1,2036,0.3153
KENYA,PWRHYD001,1,2037,0.3153
KENYA,PWRHYD001,1,2038,0.3153
KENYA,PWRHYD001,1,2039,0.3153
KENYA,PWRHYD001,1,2040,0.3153
KENYA,PWRHYD001,1,2041,0.3153
KENYA,PWRHYD001,1,2042,0.3153
KENYA,PWRHYD001,1,2043,0.3153
KENYA,PWRHYD001,1,2044,0.3153
KENYA,PWRHYD001,1,2045,0.3153
KENYA,PWRHYD001,1,2046,0.3153
KENYA,PWRHYD001,1,2047,0.3153
KENYA,PWRHYD001,1,2048,0.3153
KENYA,PWRHYD001,1,2049,0.3153
KENYA,PWRHYD001,1,2050,0.3153
KENYA,PWRHYD002,1,2019,0.4724
KENYA,PWRHYD002,1,2020,0.4724
KENYA,PWRHYD002,1,2021,0.4724
KENYA,PWRHYD002,1,2022,0.4724
KENYA,PWRHYD002,1,2023,0.4724
KENYA,PWRHYD002,1,2024,0.4724
KENYA,PWRHYD002,1,2025,0.4724
KENYA,PWRHYD002,1,2026,0.4724
KENYA,PWRHYD002,1,2027,0.4724
KENYA,PWRHYD002,1,2028,0.4724
KENYA,PWRHYD002,1,2029,0.4724
KENYA,PWRHYD002,1,2030,0.4724
KENYA,PWRHYD002,1,2031,0.4724
KENYA,PWRHYD002,1,2032,0.4724
KENYA,PWRHYD002,1,2033,0.4724
KENYA,PWRHYD002,1,2034,0.4724
KENYA,PWRHYD002,1,2035,0.4724
KENYA,PWRHYD002,1,2036,0.4724
KENYA,PWRHYD002,1,2037,0.4724
KENYA,PWRHYD002,1,2038,0.4724
KENYA,PWRHYD002,1,2039,0.4724
KENYA,PWRHYD002,1,2040,0.4724
KENYA,PWRHYD002,1,2041,0.4724
KENYA,PWRHYD002,1,2042,0.4724
KENYA,PWRHYD002,1,2043,0.4724
KENYA,PWRHYD002,1,2044,0.4724
KENYA,PWRHYD002,1,2045,0.4724
KENYA,PWRHYD002,1,2046,0.4724
KENYA,PWRHYD002,1,2047,0.4724
KENYA,PWRHYD002,1,2048,0.4724
KENYA,PWRHYD002,1,2049,0.4724
KENYA,PWRHYD002,1,2050,0.4724
KENYA,PWRHYD003,1,2019,1.3129
KENYA,PWRHYD003,1,2020,1.3129
KENYA,PWRHYD003,1,2021,1.3129
KENYA,PWRHYD003,1,2022,1.3129
KENYA,PWRHYD003,1,2023,1.3129
KENYA,PWRHYD003,1,2024,1.3129
KENYA,PWRHYD003,1,2025,1.3129
KENYA,PWRHYD003,1,2026,1.3129
KENYA,PWRHYD003,1,2027,1.3129
KENYA,PWRHYD003,1,2028,1.3129
KENYA,PWRHYD003,1,2029,1.3129
KENYA,PWRHYD003,1,2030,1.3129
KENYA,PWRHYD003,1,2031,1.3129
KENYA,PWRHYD003,1,2032,1.3129
KENYA,PWRHYD003,1,2033,1.3129
KENYA,PWRHYD003,1,2034,1.3129
KENYA,PWRHYD003,1,2035,1.3129
KENYA,PWRHYD003,1,2036,1.3129
KENYA,PWRHYD003,1,2037,1.3129
KENYA,PWRHYD003,1,2038,1.3129
KENYA,PWRHYD003,1,2039,1.3129
KENYA,PWRHYD003,1,2040,1.3129
KENYA,PWRHYD003,1,2041,1.3129
KENYA,PWRHYD003,1,2042,1.3129
KENYA,PWRHYD003,1,2043,1.3129
KENYA,PWRHYD003,1,2044,1.3129
KENYA,PWRHYD003,1,2045,1.3129
KENYA,PWRHYD003,1,2046,1.3129
KENYA,PWRHYD003,1,2047,1.3129
KENYA,PWRHYD003,1,2048,1.3129
KENYA,PWRHYD003,1,2049,1.3129
KENYA,PWRHYD003,1,2050,1.3129
KENYA,PWRHYD004,1,2019,2.6351
KENYA,PWRHYD004,1,2020,2.6351
KENYA,PWRHYD004,1,2021,2.6351
KENYA,PWRHYD004,1,2022,2.6351
KENYA,PWRHYD004,1,2023,2.6351
KENYA,PWRHYD004,1,2024,2.6351
KENYA,PWRHYD004,1,2025,2.6351
KENYA,PWRHYD004,1,2026,2.6351
KENYA,PWRHYD004,1,2027,2.6351
KENYA,PWRHYD004,1,2028,2.6351
KENYA,PWRHYD004,1,2029,2.6351
KENYA,PWRHYD004,1,2030,2.6351
KENYA,PWRHYD004,1,2031,2.6351
KENYA,PWRHYD004,1,2032,2.6351
KENYA,PWRHYD004,1,2033,2.6351
KENYA,PWRHYD004,1,2034,2.6351
KENYA,PWRHYD004,1,2035,2.6351
KENYA,PWRHYD004,1,2036,2.6351
KENYA,PWRHYD004,1,2037,2.6351
KENYA,PWRHYD004,1,2038,2.6351
KENYA,PWRHYD004,1,2039,2.6351
KENYA,PWRHYD004,1,2040,2.6351
KENYA,PWRHYD004,1,2041,2.6351
KENYA,PWRHYD004,1,2042,2.6351
KENYA,PWRHYD004,1,2043,2.6351
KENYA,PWRHYD004,1,2044,2.6351
KENYA,PWRHYD004,1,2045,2.6351
KENYA,PWRHYD004,1,2046,2.6351
KENYA,PWRHYD004,1,2047,2.6351
KENYA,PWRHYD004,1,2048,2.6351
KENYA,PWRHYD004,1,2049,2.6351
KENYA,PWRHYD004,1,2050,2.6351
KENYA,PWRHYD005,1,2019,0.5888
KENYA,PWRHYD005,1,2020,0.5888
KENYA,PWRHYD005,1,2021,0.5888
KENYA,PWRHYD005,1,2022,0.5888
KENYA,PWRHYD005,1,2023,0.5888
KENYA,PWRHYD005,1,2024,0.5888
KENYA,PWRHYD005,1,2025,0.5888
KENYA,PWRHYD005,1,2026,0.5888
KENYA,PWRHYD005,1,2027,0.5888
KENYA,PWRHYD005,1,2028,0.5888
KENYA,PWRHYD005,1,2029,0.5888
KENYA,PWRHYD005,1,2030,0.5888
KENYA,PWRHYD005,1,2031,0.5888
KENYA,PWRHYD005,1,2032,0.5888
KENYA,PWRHYD005,1,2033,0.5888
KENYA,PWRHYD005,1,2034,0.5888
KENYA,PWRHYD005,1,2035,0.5888
KENYA,PWRHYD005,1,2036,0.5888
KENYA,PWRHYD005,1,2037,0.5888
KENYA,PWRHYD005,1,2038,0.5888
KENYA,PWRHYD005,1,2039,0.5888
KENYA,PWRHYD005,1,2040,0.5888
KENYA,PWRHYD005,1,2041,0.5888
KENYA,PWRHYD005,1,2042,0.5888
KENYA,PWRHYD005,1,2043,0.5888
KENYA,PWRHYD005,1,2044,0.5888
KENYA,PWRHYD005,1,2045,0.5888
KENYA,PWRHYD005,1,2046,0.5888
KENYA,PWRHYD005,1,2047,0.5888
KENYA,PWRHYD005,1,2048,0.5888
KENYA,PWRHYD005,1,2049,0.5888
KENYA,PWRHYD005,1,2050,0.5888
KENYA,PWRHYD006,1,2019,3.0107
KENYA,PWRHYD006,1,2020,3.0107
KENYA,PWRHYD006,1,2021,3.0107
KENYA,PWRHYD006,1,2022,3.0107
KENYA,PWRHYD006,1,2023,3.0107
KENYA,PWRHYD006,1,2024,3.0107
KENYA,PWRHYD006,1,2025,3.0107
KENYA,PWRHYD006,1,2026,3.0107
KENYA,PWRHYD006,1,2027,3.0107
KENYA,PWRHYD006,1,2028,3.0107
KENYA,PWRHYD006,1,2029,3.0107
KENYA,PWRHYD006,1,2030,3.0107
KENYA,PWRHYD006,1,2031,3.0107
KENYA,PWRHYD006,1,2032,3.0107
KENYA,PWRHYD006,1,2033,3.0107
KENYA,PWRHYD006,1,2034,3.0107
KENYA,PWRHYD006,1,2035,3.0107
KENYA,PWRHYD006,1,2036,3.0107
KENYA,PWRHYD006,1,2037,3.0107
KENYA,PWRHYD006,1,2038,3.0107
KENYA,PWRHYD006,1,2039,3.0107
KENYA,PWRHYD006,1,2040,3.0107
KENYA,PWRHYD006,1,2041,3.0107
KENYA,PWRHYD006,1,2042,3.0107
KENYA,PWRHYD006,1,2043,3.0107
KENYA,PWRHYD006,1,2044,3.0107
KENYA,PWRHYD006,1,2045,3.0107
KENYA,PWRHYD006,1,2046,3.0107
KENYA,PWRHYD006,1,2047,3.0107
KENYA,PWRHYD006,1,2048,3.0107
KENYA,PWRHYD006,1,2049,3.0107
KENYA,PWRHYD006,1,2050,3.0107
KENYA,PWRHYD007,1,2019,1.7487
KENYA,PWRHYD007,1,2020,1.7487
KENYA,PWRHYD007,1,2021,1.7487
KENYA,PWRHYD007,1,2022,1.7487
KENYA,PWRHYD007,1,2023,1.7487
KENYA,PWRHYD007,1,2024,1.7487
KENYA,PWRHYD007,1,2025,1.7487
KENYA,PWRHYD007,1,2026,1.7487
KENYA,PWRHYD007,1,2027,1.7487
KENYA,PWRHYD007,1,2028,1.7487
KENYA,PWRHYD007,1,2029,1.7487
KENYA,PWRHYD007,1,2030,1.7487
KENYA,PWRHYD007,1,2031,1.7487
KENYA,PWRHYD007,1,2032,1.7487
KENYA,PWRHYD007,1,2033,1.7487
KENYA,PWRHYD007,1,2034,1.7487
KENYA,PWRHYD007,1,2035,1.7487
KENYA,PWRHYD007,1,2036,1.7487
KENYA,PWRHYD007,1,2037,1.7487
KENYA,PWRHYD007,1,2038,1.7487
KENYA,PWRHYD007,1,2039,1.7487
KENYA,PWRHYD007,1,2040,1.7487
KENYA,PWRHYD007,1,2041,1.7487
KENYA,PWRHYD007,1,2042,1.7487
KENYA,PWRHYD007,1,2043,1.7487
KENYA,PWRHYD007,1,2044,1.7487
KENYA,PWRHYD007,1,2045,1.7487
KENYA,PWRHYD007,1,2046,1.7487
KENYA,PWRHYD007,1,2047,1.7487
KENYA,PWRHYD007,1,2048,1.7487
KENYA,PWRHYD007,1,2049,1.7487
KENYA,PWRHYD007,1,2050,1.7487
KENYA,PWRHYD008,1,2019,1.2819
KENYA,PWRHYD008,1,2020,1.2819
KENYA,PWRHYD008,1,2021,1.2819
KENYA,PWRHYD008,1,2022,1.2819
KENYA,PWRHYD008,1,2023,1.2819
KENYA,PWRHYD008,1,2024,1.2819
KENYA,PWRHYD008,1,2025,1.2819
KENYA,PWRHYD008,1,2026,1.2819
KENYA,PWRHYD008,1,2027,1.2819
KENYA,PWRHYD008,1,2028,1.2819
KENYA,PWRHYD008,1,2029,1.2819
KENYA,PWRHYD008,1,2030,1.2819
KENYA,PWRHYD008,1,2031,1.2819
KENYA,PWRHYD008,1,2032,1.2819
KENYA,PWRHYD008,1,2033,1.2819
KENYA,PWRHYD008,1,2034,1.2819
KENYA,PWRHYD008,1,2035,1.2819
KENYA,PWRHYD008,1,2036,1.2819
KENYA,PWRHYD008,1,2037,1.2819
KENYA,PWRHYD008,1,2038,1.2819
KENYA,PWRHYD008,1,2039,1.2819
KENYA,PWRHYD008,1,2040,1.2819
KENYA,PWRHYD008,1,2041,1.2819
KENYA,PWRHYD009,1,2019,0.4125
KENYA,PWRHYD009,1,2020,0.4125
KENYA,PWRHYD009,1,2021,0.4125
KENYA,PWRHYD009,1,2022,0.4125
KENYA,PWRHYD009,1,2023,0.4125
KENYA,PWRHYD009,1,2024,0.4125
KENYA,PWRHYD009,1,2025,0.4125
KENYA,PWRHYD009,1,2026,0.4125
KENYA,PWRHYD009,1,2027,0.4125
KENYA,PWRHYD009,1,2028,0.4125
KENYA,PWRHYD009,1,2029,0.4125
KENYA,PWRHYD009,1,2030,0.4125
KENYA,PWRHYD009,1,2031,0.4125
KENYA,PWRHYD009,1,2032,0.4125
KENYA,PWRHYD009,1,2033,0.4125
KENYA,PWRHYD009,1,2034,0.4125
KENYA,PWRHYD009,1,2035,0.4125
KENYA,PWRHYD009,1,2036,0.4125
KENYA,PWRHYD009,1,2037,0.4125
KENYA,PWRHYD009,1,2038,0.4125
KENYA,PWRHYD009,1,2039,0.4125
KENYA,PWRHYD009,1,2040,0.4125
KENYA,PWRHYD009,1,2041,0.4125
KENYA,PWRHYD016,1,2019,0.2592
KENYA,PWRHYD016,1,2020,0.2592
KENYA,PWRHYD016,1,2021,0.2592
KENYA,PWRHYD016,1,2022,0.2592
KENYA,PWRHYD016,1,2023,0.3563
KENYA,PWRHYD016,1,2024,0.3895
KENYA,PWRHYD016,1,2025,0.3935
KENYA,PWRHYD016,1,2026,0.7232
KENYA,PWRHYD016,1,2027,0.8694
KENYA,PWRHYD016,1,2028,0.9106
KENYA,PWRHYD016,1,2029,1.009
KENYA,PWRHYD016,1,2030,1.4955
KENYA,PWRHYD016,1,2031,1.8691
KENYA,PWRHYD016,1,2032,2.111
KENYA,PWRHYD016,1,2033,2.5391
KENYA,PWRHYD016,1,2034,2.8728
KENYA,PWRHYD016,1,2035,3.2942
KENYA,PWRHYD016,1,2036,3.6651
KENYA,PWRHYD016,1,2037,3.7129
KENYA,PWRHYD016,1,2038,3.7648
KENYA,PWRHYD016,1,2039,3.8206
KENYA,PWRHYD016,1,2040,3.8831
KENYA,PWRHYD016,1,2041,3.9509
KENYA,PWRHYD016,1,2042,4.0253
KENYA,PWRHYD016,1,2043,4.1064
KENYA,PWRHYD016,1,2044,4.1942
KENYA,PWRHYD016,1,2045,4.2912
KENYA,PWRHYD016,1,2046,4.3976
KENYA,PWRHYD016,1,2047,4.5132
KENYA,PWRHYD016,1,2048,4.6395
KENYA,PWRHYD016,1,2049,4.7778
KENYA,PWRHYD016,1,2050,4.9293
KENYA,PWRNGS002,1,2036,0.331
KENYA,PWRNGS002,1,2037,0.493
KENYA,PWRNGS002,1,2038,0.4491
KENYA,PWRNGS002,1,2039,0.4638
KENYA,PWRNGS002,1,2040,0.4901
KENYA,PWRNGS002,1,2041,0.4915
KENYA,PWRNGS002,1,2042,0.4939
KENYA,PWRNGS002,1,2043,0.4558
KENYA,PWRNGS002,1,2044,0.4474
KENYA,PWRNGS002,1,2045,0.4773
KENYA,PWRNGS002,1,2046,0.4844
KENYA,PWRNGS002,1,2047,0.478
KENYA,PWRNGS002,1,2048,1.0566
KENYA,PWRNGS002,1,2049,1.2061
KENYA,PWRNGS002,1,2050,1.1356
KENYA,PWRNGS004,1,2031,0.0033
KENYA,PWRNGS004,1,2032,0.0122
KENYA,PWRNGS004,1,2033,0.0214
KENYA,PWRNGS004,1,2034,0.1211
KENYA,PWRNGS004,1,2035,0.5567
KENYA,PWRNGS004,1,2036,0.7363
KENYA,PWRNGS004,1,2037,0.7094
KENYA,PWRNGS004,1,2038,0.6561
KENYA,PWRNGS004,1,2039,0.7033
KENYA,PWRNGS004,1,2040,0.7188
KENYA,PWRNGS004,1,2041,0.7524
KENYA,PWRNGS004,1,2042,0.9458
KENYA,PWRNGS004,1,2043,0.961
KENYA,PWRNGS004,1,2044,0.9993
KENYA,PWRNGS004,1,2045,0.7583
KENYA,PWRNGS004,1,2046,0.6764
KENYA,PWRNGS004,1,2047,0.6908
KENYA,PWRNGS004,1,2048,0.698
KENYA,PWRNGS004,1,2049,0.713
KENYA,PWRNGS004,1,2050,0.7332
KENYA,PWRNGS005,1,2045,0.1211
KENYA,PWRNGS005,1,2046,0.1461
KENYA,PWRNGS005,1,2047,0.1712
KENYA,PWRNGS005,1,2048,0.1299
KENYA,PWRNGS005,1,2049,0.1612
KENYA,PWRNGS005,1,2050,0.1991
KENYA,PWRNGS006,1,2045,0.0196
KENYA,PWRNGS006,1,2046,0.0782
KENYA,PWRNGS006,1,2047,0.0858
KENYA,PWRNGS006,1,2048,0.0957
KENYA,PWRNGS006,1,2049,0.0714
KENYA,PWRNGS006,1,2050,0.1991
KENYA,PWRNGS009,1,2045,0.1752
KENYA,PWRNGS009,1,2046,0.2443
KENYA,PWRNGS009,1,2047,0.3329
KENYA,PWRNGS009,1,2048,0.1788
KENYA,PWRNGS009,1,2049,0.2658
KENYA,PWRNGS010,1,2045,0.0009
KENYA,PWRNGS010,1,2046,0.0008
KENYA,PWRNGS010,1,2047,0.004
KENYA,PWRNGS010,1,2048,0.0032
KENYA,PWRNGS010,1,2049,0.0032
KENYA,PWRNGS010,1,2050,0.0394
KENYA,PWRNGS011,1,2050,0.3478
KENYA,PWRPHS001,2,2034,0.2629
KENYA,PWRPHS001,2,2035,0.2629
KENYA,PWRPHS001,2,2036,0.3441
KENYA,PWRPHS001,2,2037,0.3441
KENYA,PWRPHS001,2,2038,0.3441
KENYA,PWRPHS001,2,2039,0.3441
KENYA,PWRPHS001,2,2040,0.3441
KENYA,PWRPHS001,2,2041,0.3441
KENYA,PWRPHS001,2,2042,0.3441
KENYA,PWRPHS001,2,2043,0.3441
KENYA,PWRPHS001,2,2044,0.3441
KENYA,PWRPHS001,2,2045,0.3441
KENYA,PWRPHS001,2,2046,0.3441
KENYA,PWRPHS001,2,2047,0.3441
KENYA,PWRPHS001,2,2048,0.3441
KENYA,PWRPHS001,2,2049,0.3441
KENYA,PWRPHS001,2,2050,0.3441
KENYA,PWRPHS001,1,2034,0.2629
KENYA,PWRPHS001,1,2035,0.2629
KENYA,PWRPHS001,1,2036,0.3441
KENYA,PWRPHS001,1,2037,0.3441
KENYA,PWRPHS001,1,2038,0.3441
KENYA,PWRPHS001,1,2039,0.3441
KENYA,PWRPHS001,1,2040,0.3441
KENYA,PWRPHS001,1,2041,0.3441
KENYA,PWRPHS001,1,2042,0.3441
KENYA,PWRPHS001,1,2043,0.3441
KENYA,PWRPHS001,1,2044,0.3441
KENYA,PWRPHS001,1,2045,0.3441
KENYA,PWRPHS001,1,2046,0.3441
KENYA,PWRPHS001,1,2047,0.3441
KENYA,PWRPHS001,1,2048,0.3441
KENYA,PWRPHS001,1,2049,0.3441
KENYA,PWRPHS001,1,2050,0.3441
KENYA,PWRPHS002,2,2035,0.1796
KENYA,PWRPHS002,2,2036,0.1796
KENYA,PWRPHS002,2,2037,0.2257
KENYA,PWRPHS002,2,2038,0.2257
KENYA,PWRPHS002,2,2039,0.2965
KENYA,PWRPHS002,2,2040,0.2965
KENYA,PWRPHS002,2,2041,0.2965
KENYA,PWRPHS002,2,2042,0.2965
KENYA,PWRPHS002,2,2043,0.2965
KENYA,PWRPHS002,2,2044,0.2965
KENYA,PWRPHS002,2,2045,0.2965
KENYA,PWRPHS002,2,2046,0.2965
KENYA,PWRPHS002,2,2047,0.2965
KENYA,PWRPHS002,2,2048,0.2965
KENYA,PWRPHS002,2,2049,0.2965
KENYA,PWRPHS002,2,2050,0.2965
KENYA,PWRPHS002,1,2035,0.1796
KENYA,PWRPHS002,1,2036,0.1796
KENYA,PWRPHS002,1,2037,0.2257
KENYA,PWRPHS002,1,2038,0.2257
KENYA,PWRPHS002,1,2039,0.2965
KENYA,PWRPHS002,1,2040,0.2965
KENYA,PWRPHS002,1,2041,0.2965
KENYA,PWRPHS002,1,2042,0.2965
KENYA,PWRPHS002,1,2043,0.2965
KENYA,PWRPHS002,1,2044,0.2965
KENYA,PWRPHS002,1,2045,0.2965
KENYA,PWRPHS002,1,2046,0.2965
KENYA,PWRPHS002,1,2047,0.2965
KENYA,PWRPHS002,1,2048,0.2965
KENYA,PWRPHS002,1,2049,0.2965
KENYA,PWRPHS002,1,2050,0.2965
KENYA,PWRSOL001,1,2019,0.3096
KENYA,PWRSOL001,1,2020,0.3096
KENYA,PWRSOL001,1,2021,0.3096
KENYA,PWRSOL001,1,2022,0.3096
KENYA,PWRSOL001,1,2023,0.3096
KENYA,PWRSOL001,1,2024,0.3096
KENYA,PWRSOL001,1,2025,0.3096
KENYA,PWRSOL001,1,2026,0.3096
KENYA,PWRSOL001,1,2027,0.3096
KENYA,PWRSOL001,1,2028,0.3096
KENYA,PWRSOL001,1,2029,0.3096
KENYA,PWRSOL001,1,2030,0.3096
KENYA,PWRSOL001,1,2031,0.3096
KENYA,PWRSOL001,1,2032,0.3096
KENYA,PWRSOL001,1,2033,0.3096
KENYA,PWRSOL001,1,2034,0.3096
KENYA,PWRSOL001,1,2035,0.3096
KENYA,PWRSOL001,1,2036,0.3096
KENYA,PWRSOL001,1,2037,0.3096
KENYA,PWRSOL002,1,2023,0.2477
KENYA,PWRSOL002,1,2024,0.2477
KENYA,PWRSOL002,1,2025,0.2477
KENYA,PWRSOL002,1,2026,0.2477
KENYA,PWRSOL002,1,2027,0.2477
KENYA,PWRSOL002,1,2028,0.2477
KENYA,PWRSOL002,1,2029,0.2477
KENYA,PWRSOL002,1,2030,0.2477
KENYA,PWRSOL002,1,2031,0.2477
KENYA,PWRSOL002,1,2032,0.2477
KENYA,PWRSOL002,1,2033,0.2477
KENYA,PWRSOL002,1,2034,0.2477
KENYA,PWRSOL002,1,2035,0.2477
KENYA,PWRSOL002,1,2036,0.2477
KENYA,PWRSOL002,1,2037,0.2477
KENYA,PWRSOL002,1,2038,0.2477
KENYA,PWRSOL002,1,2039,0.2477
KENYA,PWRSOL002,1,2040,0.2477
KENYA,PWRSOL002,1,2041,0.2477
KENYA,PWRSOL002,1,2042,0.2477
KENYA,PWRSOL004,1,2042,0.2477
KENYA,PWRSOL004,1,2043,0.2477
KENYA,PWRSOL004,1,2044,0.2477
KENYA,PWRSOL004,1,2045,0.2477
KENYA,PWRSOL004,1,2046,0.2477
KENYA,PWRSOL004,1,2047,0.2477
KENYA,PWRSOL004,1,2048,0.2477
KENYA,PWRSOL004,1,2049,0.2477
KENYA,PWRSOL004,1,2050,0.2477
KENYA,PWRSOL006,1,2023,0.0093
KENYA,PWRSOL006,1,2024,0.0093
KENYA,PWRSOL006,1,2025,0.0093
KENYA,PWRSOL006,1,2026,0.0093
KENYA,PWRSOL006,1,2027,0.0093
KENYA,PWRSOL006,1,2028,0.0093
KENYA,PWRSOL006,1,2029,0.0093
KENYA,PWRSOL006,1,2030,0.0093
KENYA,PWRSOL006,1,2031,0.0093
KENYA,PWRSOL006,1,2032,0.0093
KENYA,PWRSOL006,1,2033,0.0093
KENYA,PWRSOL006,1,2034,0.0093
KENYA,PWRSOL006,1,2035,0.0093
KENYA,PWRSOL006,1,2036,0.0093
KENYA,PWRSOL006,1,2037,0.0093
KENYA,PWRSOL006,1,2038,0.0093
KENYA,PWRSOL006,1,2039,0.0093
KENYA,PWRSOL006,1,2040,0.0093
KENYA,PWRSOL006,1,2041,0.0093
KENYA,PWRSOL006,1,2042,0.0093
KENYA,PWRSOL008,1,2022,0.2477
KENYA,PWRSOL008,1,2023,0.2477
KENYA,PWRSOL008,1,2024,0.2477
KENYA,PWRSOL008,1,2025,0.2477
KENYA,PWRSOL008,1,2026,0.2477
KENYA,PWRSOL008,1,2027,0.2477
KENYA,PWRSOL008,1,2028,0.2477
KENYA,PWRSOL008,1,2029,0.2477
KENYA,PWRSOL008,1,2030,0.2477
KENYA,PWRSOL008,1,2031,0.2477
KENYA,PWRSOL008,1,2032,0.2477
KENYA,PWRSOL008,1,2033,0.2477
KENYA,PWRSOL008,1,2034,0.2477
KENYA,PWRSOL008,1,2035,0.2477
KENYA,PWRSOL008,1,2036,0.2477
KENYA,PWRSOL008,1,2037,0.2477
KENYA,PWRSOL008,1,2038,0.2477
KENYA,PWRSOL008,1,2039,0.2477
KENYA,PWRSOL008,1,2040,0.2477
KENYA,PWRSOL008,1,2041,0.2477
KENYA,PWRSOL009,1,2026,0.2477
KENYA,PWRSOL009,1,2027,0.2477
KENYA,PWRSOL009,1,2028,0.2477
KENYA,PWRSOL009,1,2029,0.2477
KENYA,PWRSOL009,1,2030,0.2477
KENYA,PWRSOL009,1,2031,0.2477
KENYA,PWRSOL009,1,2032,0.2477
KENYA,PWRSOL009,1,2033,0.2477
KENYA,PWRSOL009,1,2034,0.2477
KENYA,PWRSOL009,1,2035,0.2477
KENYA,PWRSOL009,1,2036,0.2477
KENYA,PWRSOL009,1,2037,0.2477
KENYA,PWRSOL009,1,2038,0.2477
KENYA,PWRSOL009,1,2039,0.2477
KENYA,PWRSOL009,1,2040,0.2477
KENYA,PWRSOL009,1,2041,0.2477
KENYA,PWRSOL009,1,2042,0.2477
KENYA,PWRSOL009,1,2043,0.2477
KENYA,PWRSOL009,1,2044,0.2477
KENYA,PWRSOL009,1,2045,0.2477
KENYA,PWRSOL010,1,2021,0.2477
KENYA,PWRSOL010,1,2022,0.2477
KENYA,PWRSOL010,1,2023,0.2477
KENYA,PWRSOL010,1,2024,0.2477
KENYA,PWRSOL010,1,2025,0.2477
KENYA,PWRSOL010,1,2026,0.2477
KENYA,PWRSOL010,1,2027,0.2477
KENYA,PWRSOL010,1,2028,0.2477
KENYA,PWRSOL010,1,2029,0.2477
KENYA,PWRSOL010,1,2030,0.2477
KENYA,PWRSOL010,1,2031,0.2477
KENYA,PWRSOL010,1,2032,0.2477
KENYA,PWRSOL010,1,2033,0.2477
KENYA,PWRSOL010,1,2034,0.2477
KENYA,PWRSOL010,1,2035,0.2477
KENYA,PWRSOL010,1,2036,0.2477
KENYA,PWRSOL010,1,2037,0.2477
KENYA,PWRSOL010,1,2038,0.2477
KENYA,PWRSOL010,1,2039,0.2477
KENYA,PWRSOL010,1,2040,0.2477
KENYA,PWRSOL011,1,2019,0.0015
KENYA,PWRSOL011,1,2020,0.0015
KENYA,PWRSOL011,1,2021,0.0015
KENYA,PWRSOL011,1,2022,0.0015
KENYA,PWRSOL011,1,2023,0.0015
KENYA,PWRSOL011,1,2024,0.0015
KENYA,PWRSOL011,1,2025,0.0015
KENYA,PWRSOL011,1,2026,0.0015
KENYA,PWRSOL011,1,2027,0.0015
KENYA,PWRSOL011,1,2028,0.0015
KENYA,PWRSOL011,1,2029,0.0015
KENYA,PWRSOL011,1,2030,0.0015
KENYA,PWRSOL011,1,2031,0.0015
KENYA,PWRSOL011,1,2032,0.0015
KENYA,PWRSOL011,1,2033,0.0015
KENYA,PWRSOL011,1,2034,0.0015
KENYA,PWRSOL011,1,2035,0.0015
KENYA,PWRSOL011,1,2036,0.0015
KENYA,PWRSOL011,1,2037,0.0015
KENYA,PWRSOL012,1,2021,0.2477
KENYA,PWRSOL012,1,2022,0.2477
KENYA,PWRSOL012,1,2023,0.2477
KENYA,PWRSOL012,1,2024,0.2477
KENYA,PWRSOL012,1,2025,0.2477
KENYA,PWRSOL012,1,2026,0.2477
KENYA,PWRSOL012,1,2027,0.2477
KENYA,PWRSOL012,1,2028,0.2477
KENYA,PWRSOL012,1,2029,0.2477
KENYA,PWRSOL012,1,2030,0.2477
KENYA,PWRSOL012,1,2031,0.2477
KENYA,PWRSOL012,1,2032,0.2477
KENYA,PWRSOL012,1,2033,0.2477
KENYA,PWRSOL012,1,2034,0.2477
KENYA,PWRSOL012,1,2035,0.2477
KENYA,PWRSOL012,1,2036,0.2477
KENYA,PWRSOL012,1,2037,0.2477
KENYA,PWRSOL012,1,2038,0.2477
KENYA,PWRSOL012,1,2039,0.2477
KENYA,PWRSOL012,1,2040,0.2477
KENYA,PWRSOL015,1,2024,0.2477
KENYA,PWRSOL015,1,2025,0.2477
KENYA,PWRSOL015,1,2026,0.2477
KENYA,PWRSOL015,1,2027,0.2477
KENYA,PWRSOL015,1,2028,0.2477
KENYA,PWRSOL015,1,2029,0.2477
KENYA,PWRSOL015,1,2030,0.2477
KENYA,PWRSOL015,1,2031,0.2477
KENYA,PWRSOL015,1,2032,0.2477
KENYA,PWRSOL015,1,2033,0.2477
KENYA,PWRSOL015,1,2034,0.2477
KENYA,PWRSOL015,1,2035,0.2477
KENYA,PWRSOL015,1,2036,0.2477
KENYA,PWRSOL015,1,2037,0.2477
KENYA,PWRSOL015,1,2038,0.2477
KENYA,PWRSOL015,1,2039,0.2477
KENYA,PWRSOL015,1,2040,0.2477
KENYA,PWRSOL015,1,2041,0.2477
KENYA,PWRSOL015,1,2042,0.2477
KENYA,PWRSOL015,1,2043,0.2477
KENYA,PWRTRN,1,2019,47.3544
KENYA,PWRTRN,1,2020,48.1876
KENYA,PWRTRN,1,2021,50.3342
KENYA,PWRTRN,1,2022,51.9688
KENYA,PWRTRN,1,2023,53.39
KENYA,PWRTRN,1,2024,55.1362
KENYA,PWRTRN,1,2025,57.0764
KENYA,PWRTRN,1,2026,58.7388
KENYA,PWRTRN,1,2027,61.9415
KENYA,PWRTRN,1,2028,65.4608
KENYA,PWRTRN,1,2029,69.4277
KENYA,PWRTRN,1,2030,73.2536
KENYA,PWRTRN,1,2031,76.9197
KENYA,PWRTRN,1,2032,81.1848
KENYA,PWRTRN,1,2033,85.3029
KENYA,PWRTRN,1,2034,89.8235
KENYA,PWRTRN,1,2035,94.5015
KENYA,PWRTRN,1,2036,99.3104
KENYA,PWRTRN,1,2037,105.1384
KENYA,PWRTRN,1,2038,111.2089
KENYA,PWRTRN,1,2039,117.6273
KENYA,PWRTRN,1,2040,124.4318
KENYA,PWRTRN,1,2041,131.601
KENYA,PWRTRN,1,2042,139.0204
KENYA,PWRTRN,1,2043,146.933
KENYA,PWRTRN,1,2044,155.2674
KENYA,PWRTRN,1,2045,164.0783
KENYA,PWRTRN,1,2046,173.3759
KENYA,PWRTRN,1,2047,183.1688
KENYA,PWRTRN,1,2048,193.5225
KENYA,PWRTRN,1,2049,204.448
KENYA,PWRTRN,1,2050,215.9536
KENYA,PWRWND001,1,2019,0.056
KENYA,PWRWND001,1,2020,0.056
KENYA,PWRWND001,1,2021,0.056
KENYA,PWRWND001,1,2022,0.056
KENYA,PWRWND001,1,2023,0.056
KENYA,PWRWND001,1,2024,0.056
KENYA,PWRWND001,1,2025,0.056
KENYA,PWRWND001,1,2026,0.056
KENYA,PWRWND001,1,2027,0.056
KENYA,PWRWND002,1,2019,0.2242
KENYA,PWRWND002,1,2020,0.2242
KENYA,PWRWND002,1,2021,0.2242
KENYA,PWRWND002,1,2022,0.2242
KENYA,PWRWND002,1,2023,0.2242
KENYA,PWRWND002,1,2024,0.2242
KENYA,PWRWND002,1,2025,0.2242
KENYA,PWRWND002,1,2026,0.2242
KENYA,PWRWND002,1,2027,0.2242
KENYA,PWRWND002,1,2028,0.2242
KENYA,PWRWND002,1,2029,0.2242
KENYA,PWRWND002,1,2030,0.2242
KENYA,PWRWND002,1,2031,0.2242
KENYA,PWRWND002,1,2032,0.2242
KENYA,PWRWND002,1,2033,0.2242
KENYA,PWRWND002,1,2034,0.2242
KENYA,PWRWND003,1,2025,0.1209
KENYA,PWRWND003,1,2026,0.1209
KENYA,PWRWND003,1,2027,0.1209
KENYA,PWRWND003,1,2028,0.1209
KENYA,PWRWND003,1,2029,0.1209
KENYA,PWRWND003,1,2030,0.1209
KENYA,PWRWND003,1,2031,0.1209
KENYA,PWRWND003,1,2032,0.1209
KENYA,PWRWND003,1,2033,0.1209
KENYA,PWRWND003,1,2034,0.1209
KENYA,PWRWND003,1,2035,0.1209
KENYA,PWRWND003,1,2036,0.1209
KENYA,PWRWND003,1,2037,0.1209
KENYA,PWRWND003,1,2038,0.1209
KENYA,PWRWND003,1,2039,0.1209
KENYA,PWRWND003,1,2040,0.1209
KENYA,PWRWND003,1,2041,0.1209
KENYA,PWRWND003,1,2042,0.1209
KENYA,PWRWND003,1,2043,0.1209
KENYA,PWRWND003,1,2044,0.1209
KENYA,PWRWND005,1,2021,0.7238
KENYA,PWRWND005,1,2022,0.7238
KENYA,PWRWND005,1,2023,0.7238
KENYA,PWRWND005,1,2024,0.7238
KENYA,PWRWND005,1,2025,0.7238
KENYA,PWRWND005,1,2026,0.7238
KENYA,PWRWND005,1,2027,0.7238
KENYA,PWRWND005,1,2028,0.7238
KENYA,PWRWND005,1,2029,0.7238
KENYA,PWRWND005,1,2030,0.7238
KENYA,PWRWND005,1,2031,0.7238
KENYA,PWRWND005,1,2032,0.7238
KENYA,PWRWND005,1,2033,0.7238
KENYA,PWRWND005,1,2034,0.7238
KENYA,PWRWND005,1,2035,0.7238
KENYA,PWRWND005,1,2036,0.7238
KENYA,PWRWND005,1,2037,0.7238
KENYA,PWRWND005,1,2038,0.7238
KENYA,PWRWND005,1,2039,0.7238
KENYA,PWRWND005,1,2040,0.7238
KENYA,PWRWND006,1,2019,1.7342
KENYA,PWRWND006,1,2020,1.7342
KENYA,PWRWND006,1,2021,1.7342
KENYA,PWRWND006,1,2022,1.7342
KENYA,PWRWND006,1,2023,1.7342
KENYA,PWRWND006,1,2024,1.7342
KENYA,PWRWND006,1,2025,1.7342
KENYA,PWRWND006,1,2026,1.7342
KENYA,PWRWND006,1,2027,1.7342
KENYA,PWRWND006,1,2028,1.7342
KENYA,PWRWND006,1,2029,1.7342
KENYA,PWRWND006,1,2030,1.7342
KENYA,PWRWND006,1,2031,1.7342
KENYA,PWRWND006,1,2032,1.7342
KENYA,PWRWND006,1,2033,1.7342
KENYA,PWRWND006,1,2034,1.7342
KENYA,PWRWND006,1,2035,1.7342
KENYA,PWRWND006,1,2036,1.7342
KENYA,PWRWND006,1,2037,1.7342
KENYA,PWRWND010,1,2021,0.7238
KENYA,PWRWND010,1,2022,0.7238
KENYA,PWRWND010,1,2023,0.7238
KENYA,PWRWND010,1,2024,0.7238
KENYA,PWRWND010,1,2025,0.7238
KENYA,PWRWND010,1,2026,0.7238
KENYA,PWRWND010,1,2027,0.7238
KENYA,PWRWND010,1,2028,0.7238
KENYA,PWRWND010,1,2029,0.7238
KENYA,PWRWND010,1,2030,0.7238
KENYA,PWRWND010,1,2031,0.7238
KENYA,PWRWND010,1,2032,0.7238
KENYA,PWRWND010,1,2033,0.7238
KENYA,PWRWND010,1,2034,0.7238
KENYA,PWRWND010,1,2035,0.7238
KENYA,PWRWND010,1,2036,0.7238
KENYA,PWRWND010,1,2037,0.7238
KENYA,PWRWND010,1,2038,0.7238
KENYA,PWRWND010,1,2039,0.7238
KENYA,PWRWND010,1,2040,0.7238
KENYA,PWRWND011,1,2019,1.7342
KENYA,PWRWND011,1,2020,1.7342
KENYA,PWRWND011,1,2021,1.7342
KENYA,PWRWND011,1,2022,1.7342
KENYA,PWRWND011,1,2023,1.7342
KENYA,PWRWND011,1,2024,1.7342
KENYA,PWRWND011,1,2025,1.7342
KENYA,PWRWND011,1,2026,1.7342
KENYA,PWRWND011,1,2027,1.7342
KENYA,PWRWND011,1,2028,1.7342
KENYA,PWRWND011,1,2029,1.7342
KENYA,PWRWND011,1,2030,1.7342
KENYA,PWRWND011,1,2031,1.7342
KENYA,PWRWND011,1,2032,1.7342
KENYA,PWRWND011,1,2033,1.7342
KENYA,PWRWND011,1,2034,1.7342
KENYA,PWRWND011,1,2035,1.7342
KENYA,PWRWND011,1,2036,1.7342
KENYA,PWRWND011,1,2037,1.7342
KENYA,PWRWND013,1,2019,1.7342
KENYA,PWRWND013,1,2020,1.7342
KENYA,PWRWND013,1,2021,1.7342
KENYA,PWRWND013,1,2022,1.7342
KENYA,PWRWND013,1,2023,1.7342
KENYA,PWRWND013,1,2024,1.7342
KENYA,PWRWND013,1,2025,1.7342
KENYA,PWRWND013,1,2026,1.7342
KENYA,PWRWND013,1,2027,1.7342
KENYA,PWRWND013,1,2028,1.7342
KENYA,PWRWND013,1,2029,1.7342
KENYA,PWRWND013,1,2030,1.7342
KENYA,PWRWND013,1,2031,1.7342
KENYA,PWRWND013,1,2032,1.7342
KENYA,PWRWND013,1,2033,1.7342
KENYA,PWRWND013,1,2034,1.7342
KENYA,PWRWND013,1,2035,1.7342
KENYA,PWRWND013,1,2036,1.7342
KENYA,PWRWND013,1,2037,1.7342
KENYA,PWRWND013,1,2038,1.7342
KENYA,PWRWND015,1,2026,0.6306
KENYA,PWRWND015,1,2027,0.6306
KENYA,PWRWND015,1,2028,0.6306
KENYA,PWRWND015,1,2029,0.6306
KENYA,PWRWND015,1,2030,0.6306
KENYA,PWRWND015,1,2031,0.6306
KENYA,PWRWND015,1,2032,0.6306
KENYA,PWRWND015,1,2033,0.6306
KENYA,PWRWND015,1,2034,0.6306
KENYA,PWRWND015,1,2035,0.6306
KENYA,PWRWND015,1,2036,0.6306
KENYA,PWRWND015,1,2037,0.6306
KENYA,PWRWND015,1,2038,0.6306
KENYA,PWRWND015,1,2039,0.6306
KENYA,PWRWND015,1,2040,0.6306
KENYA,PWRWND015,1,2041,0.6306
KENYA,PWRWND015,1,2042,0.6306
KENYA,PWRWND015,1,2043,0.6306
KENYA,PWRWND015,1,2044,0.6306
KENYA,PWRWND015,1,2045,0.6306
KENYA,PWRWND018,1,2028,1.2618
KENYA,PWRWND018,1,2029,1.2618
KENYA,PWRWND018,1,2030,1.2618
KENYA,PWRWND018,1,2031,1.2618
KENYA,PWRWND018,1,2032,1.2618
KENYA,PWRWND018,1,2033,1.2618
KENYA,PWRWND018,1,2034,1.2618
KENYA,PWRWND018,1,2035,1.2618
KENYA,PWRWND018,1,2036,1.2618
KENYA,PWRWND018,1,2037,1.2618
KENYA,PWRWND018,1,2038,1.2618
KENYA,PWRWND018,1,2039,1.2618
KENYA,PWRWND018,1,2040,1.2618
KENYA,PWRWND018,1,2041,1.2618
KENYA,PWRWND018,1,2042,1.2618
KENYA,PWRWND018,1,2043,1.2618
KENYA,PWRWND018,1,2044,1.2618
KENYA,PWRWND018,1,2045,1.2618
KENYA,PWRWND018,1,2046,1.2618
KENYA,PWRWND018,1,2047,1.2618
KENYA,PWRWND018,1,2048,1.2618
KENYA,PWRWND018,1,2049,1.2618
KENYA,PWRWND018,1,2050,1.2618
KENYA,PWRWND101,1,2027,1.4297
KENYA,PWRWND101,1,2028,1.4297
KENYA,PWRWND101,1,2029,1.4297
KENYA,PWRWND101,1,2030,2.489
KENYA,PWRWND101,1,2031,2.489
KENYA,PWRWND101,1,2032,5.5844
KENYA,PWRWND101,1,2033,8.6348
KENYA,PWRWND101,1,2034,8.6348
KENYA,PWRWND101,1,2035,11.4911
KENYA,PWRWND101,1,2036,11.4911
KENYA,PWRWND101,1,2037,12.2121
KENYA,PWRWND101,1,2038,19.0591
KENYA,PWRWND101,1,2039,19.5545
KENYA,PWRWND101,1,2040,19.5545
KENYA,PWRWND101,1,2041,25.2864
KENYA,PWRWND101,1,2042,31.7221
KENYA,PWRWND101,1,2043,39.4735
KENYA,PWRWND101,1,2044,45.3667
KENYA,PWRWND101,1,2045,55.9397
KENYA,PWRWND101,1,2046,62.657
KENYA,PWRWND101,1,2047,71.0132
KENYA,PWRWND101,1,2048,77.636
KENYA,PWRWND101,1,2049,83.6305
KENYA,PWRWND101,1,2050,91.6878
