r,t,f,y,UseByTechnologyAnnual
KENYA,BESS_TECH,ELC001,2025,0.1631
KENYA,BESS_TECH,ELC001,2026,0.4084
KENYA,BESS_TECH,ELC001,2027,0.5819
KENYA,BESS_TECH,ELC001,2028,0.9162
KENYA,BESS_TECH,ELC001,2029,1.032
KENYA,BESS_TECH,ELC001,2030,1.128
KENYA,BESS_TECH,ELC001,2031,1.2445
KENYA,BESS_TECH,ELC001,2032,1.445
KENYA,BESS_TECH,ELC001,2033,1.6286
KENYA,BESS_TECH,ELC001,2034,2.1967
KENYA,BESS_TECH,ELC001,2035,2.5234
KENYA,BESS_TECH,ELC001,2036,2.0208
KENYA,BESS_TECH,ELC001,2037,1.8684
KENYA,BESS_TECH,ELC001,2038,1.1609
KENYA,BESS_TECH,ELC001,2039,0.7706
KENYA,BESS_TECH,ELC001,2040,0.2558
KENYA,BESS_TECH,ELC001,2041,2.1572
KENYA,BESS_TECH,ELC001,2042,2.6262
KENYA,BESS_TECH,ELC001,2043,4.9248
KENYA,BESS_TECH,ELC001,2044,6.366
KENYA,BESS_TECH,ELC001,2045,8.342
KENYA,BESS_TECH,ELC001,2046,9.4296
KENYA,BESS_TECH,ELC001,2047,11.2784
KENYA,BESS_TECH,ELC001,2048,10.916
KENYA,BESS_TECH,ELC001,2049,9.3225
KENYA,BESS_TECH,ELC001,2050,8.8725
KENYA,DEMCOMELC,ELC003,2019,6.2591
KENYA,DEMCOMELC,ELC003,2020,6.3686
KENYA,DEMCOMELC,ELC003,2021,6.6578
KENYA,DEMCOMELC,ELC003,2022,6.8802
KENYA,DEMCOMELC,ELC003,2023,7.0903
KENYA,DEMCOMELC,ELC003,2024,7.3334
KENYA,DEMCOMELC,ELC003,2025,7.5982
KENYA,DEMCOMELC,ELC003,2026,8.2896
KENYA,DEMCOMELC,ELC003,2027,9.0439
KENYA,DEMCOMELC,ELC003,2028,9.8669
KENYA,DEMCOMELC,ELC003,2029,10.7647
KENYA,DEMCOMELC,ELC003,2030,11.7442
KENYA,DEMCOMELC,ELC003,2031,12.8129
KENYA,DEMCOMELC,ELC003,2032,13.9788
KENYA,DEMCOMELC,ELC003,2033,15.2508
KENYA,DEMCOMELC,ELC003,2034,16.6385
KENYA,DEMCOMELC,ELC003,2035,18.1525
KENYA,DEMCOMELC,ELC003,2036,19.8043
KENYA,DEMCOMELC,ELC003,2037,21.6064
KENYA,DEMCOMELC,ELC003,2038,23.5724
KENYA,DEMCOMELC,ELC003,2039,25.7174
KENYA,DEMCOMELC,ELC003,2040,28.0576
KENYA,DEMCOMELC,ELC003,2041,30.6106
KENYA,DEMCOMELC,ELC003,2042,33.1545
KENYA,DEMCOMELC,ELC003,2043,35.858
KENYA,DEMCOMELC,ELC003,2044,38.7819
KENYA,DEMCOMELC,ELC003,2045,41.9442
KENYA,DEMCOMELC,ELC003,2046,45.3644
KENYA,DEMCOMELC,ELC003,2047,49.0635
KENYA,DEMCOMELC,ELC003,2048,53.0642
KENYA,DEMCOMELC,ELC003,2049,57.3912
KENYA,DEMCOMELC,ELC003,2050,62.0709
KENYA,DEMINDELC,ELC003,2019,21.5631
KENYA,DEMINDELC,ELC003,2020,21.9401
KENYA,DEMINDELC,ELC003,2021,22.9364
KENYA,DEMINDELC,ELC003,2022,23.7027
KENYA,DEMINDELC,ELC003,2023,24.4266
KENYA,DEMINDELC,ELC003,2024,25.264
KENYA,DEMINDELC,ELC003,2025,26.1763
KENYA,DEMINDELC,ELC003,2026,28.5582
KENYA,DEMINDELC,ELC003,2027,31.1568
KENYA,DEMINDELC,ELC003,2028,33.9919
KENYA,DEMINDELC,ELC003,2029,37.085
KENYA,DEMINDELC,ELC003,2030,40.4595
KENYA,DEMINDELC,ELC003,2031,44.1411
KENYA,DEMINDELC,ELC003,2032,48.1577
KENYA,DEMINDELC,ELC003,2033,52.5398
KENYA,DEMINDELC,ELC003,2034,57.3206
KENYA,DEMINDELC,ELC003,2035,62.5364
KENYA,DEMINDELC,ELC003,2036,68.2269
KENYA,DEMINDELC,ELC003,2037,74.4352
KENYA,DEMINDELC,ELC003,2038,81.2084
KENYA,DEMINDELC,ELC003,2039,88.5979
KENYA,DEMINDELC,ELC003,2040,96.6598
KENYA,DEMINDELC,ELC003,2041,105.4553
KENYA,DEMINDELC,ELC003,2042,114.2192
KENYA,DEMINDELC,ELC003,2043,123.5328
KENYA,DEMINDELC,ELC003,2044,133.6058
KENYA,DEMINDELC,ELC003,2045,144.5002
KENYA,DEMINDELC,ELC003,2046,156.283
KENYA,DEMINDELC,ELC003,2047,169.0265
KENYA,DEMINDELC,ELC003,2048,182.8092
KENYA,DEMINDELC,ELC003,2049,197.7157
KENYA,DEMINDELC,ELC003,2050,213.8377
KENYA,DEMRESELC,ELC003,2019,13.7907
KENYA,DEMRESELC,ELC003,2020,14.0318
KENYA,DEMRESELC,ELC003,2021,14.669
KENYA,DEMRESELC,ELC003,2022,15.1591
KENYA,DEMRESELC,ELC003,2023,15.6221
KENYA,DEMRESELC,ELC003,2024,16.1577
KENYA,DEMRESELC,ELC003,2025,16.7411
KENYA,DEMRESELC,ELC003,2026,18.2645
KENYA,DEMRESELC,ELC003,2027,19.9264
KENYA,DEMRESELC,ELC003,2028,21.7396
KENYA,DEMRESELC,ELC003,2029,23.7178
KENYA,DEMRESELC,ELC003,2030,25.876
KENYA,DEMRESELC,ELC003,2031,28.2306
KENYA,DEMRESELC,ELC003,2032,30.7994
KENYA,DEMRESELC,ELC003,2033,33.602
KENYA,DEMRESELC,ELC003,2034,36.6596
KENYA,DEMRESELC,ELC003,2035,39.9954
KENYA,DEMRESELC,ELC003,2036,43.6348
KENYA,DEMRESELC,ELC003,2037,47.6053
KENYA,DEMRESELC,ELC003,2038,51.9371
KENYA,DEMRESELC,ELC003,2039,56.6631
KENYA,DEMRESELC,ELC003,2040,61.8191
KENYA,DEMRESELC,ELC003,2041,67.4443
KENYA,DEMRESELC,ELC003,2042,73.0493
KENYA,DEMRESELC,ELC003,2043,79.0058
KENYA,DEMRESELC,ELC003,2044,85.4481
KENYA,DEMRESELC,ELC003,2045,92.4156
KENYA,DEMRESELC,ELC003,2046,99.9513
KENYA,DEMRESELC,ELC003,2047,108.1015
KENYA,DEMRESELC,ELC003,2048,116.9162
KENYA,DEMRESELC,ELC003,2049,126.4497
KENYA,DEMRESELC,ELC003,2050,136.7606
KENYA,PWRBIO001,BIO,2019,0.0901
KENYA,PWRBIO001,BIO,2020,0.0901
KENYA,PWRBIO001,BIO,2021,0.0901
KENYA,PWRBIO001,BIO,2022,0.0901
KENYA,PWRBIO001,BIO,2023,0.1533
KENYA,PWRBIO001,BIO,2024,0.1533
KENYA,PWRBIO001,BIO,2025,0.1533
KENYA,PWRBIO001,BIO,2026,0.6042
KENYA,PWRBIO001,BIO,2027,0.6042
KENYA,PWRBIO001,BIO,2028,0.9648
KENYA,PWRBIO001,BIO,2029,0.9648
KENYA,PWRBIO001,BIO,2030,3.1382
KENYA,PWRBIO001,BIO,2031,4.0398
KENYA,PWRBIO001,BIO,2032,4.5268
KENYA,PWRBIO001,BIO,2033,4.662
KENYA,PWRBIO001,BIO,2034,4.9325
KENYA,PWRBIO001,BIO,2035,4.946
KENYA,PWRBIO001,BIO,2036,5.3474
KENYA,PWRBIO001,BIO,2037,5.7486
KENYA,PWRBIO001,BIO,2038,6.1501
KENYA,PWRBIO001,BIO,2039,6.5512
KENYA,PWRBIO001,BIO,2040,6.9524
KENYA,PWRBIO001,BIO,2041,7.3539
KENYA,PWRBIO001,BIO,2042,7.7551
KENYA,PWRBIO001,BIO,2043,8.1562
KENYA,PWRBIO001,BIO,2044,8.5577
KENYA,PWRBIO001,BIO,2045,8.9589
KENYA,PWRBIO001,BIO,2046,9.3601
KENYA,PWRBIO001,BIO,2047,9.7615
KENYA,PWRBIO001,BIO,2048,9.7615
KENYA,PWRBIO001,BIO,2049,9.7615
KENYA,PWRBIO001,BIO,2050,9.7615
KENYA,PWRDIST,ELC002,2019,45.2992
KENYA,PWRDIST,ELC002,2020,46.0963
KENYA,PWRDIST,ELC002,2021,48.1497
KENYA,PWRDIST,ELC002,2022,49.7134
KENYA,PWRDIST,ELC002,2023,51.0729
KENYA,PWRDIST,ELC002,2024,52.7433
KENYA,PWRDIST,ELC002,2025,54.5993
KENYA,PWRDIST,ELC002,2026,59.1765
KENYA,PWRDIST,ELC002,2027,64.4035
KENYA,PWRDIST,ELC002,2028,70.2212
KENYA,PWRDIST,ELC002,2029,76.5111
KENYA,PWRDIST,ELC002,2030,82.9551
KENYA,PWRDIST,ELC002,2031,90.139
KENYA,PWRDIST,ELC002,2032,98.1572
KENYA,PWRDIST,ELC002,2033,106.7187
KENYA,PWRDIST,ELC002,2034,116.1806
KENYA,PWRDIST,ELC002,2035,126.4435
KENYA,PWRDIST,ELC002,2036,137.7094
KENYA,PWRDIST,ELC002,2037,150.3858
KENYA,PWRDIST,ELC002,2038,164.2009
KENYA,PWRDIST,ELC002,2039,179.2385
KENYA,PWRDIST,ELC002,2040,195.6442
KENYA,PWRDIST,ELC002,2041,213.5238
KENYA,PWRDIST,ELC002,2042,231.2682
KENYA,PWRDIST,ELC002,2043,250.123
KENYA,PWRDIST,ELC002,2044,270.4645
KENYA,PWRDIST,ELC002,2045,292.4678
KENYA,PWRDIST,ELC002,2046,316.2387
KENYA,PWRDIST,ELC002,2047,341.8836
KENYA,PWRDIST,ELC002,2048,369.6253
KENYA,PWRDIST,ELC002,2049,399.5958
KENYA,PWRDIST,ELC002,2050,431.9279
KENYA,PWRGEO001,GEO,2019,1.328
KENYA,PWRGEO001,GEO,2020,1.328
KENYA,PWRGEO001,GEO,2021,1.328
KENYA,PWRGEO001,GEO,2022,1.328
KENYA,PWRGEO001,GEO,2023,1.328
KENYA,PWRGEO002,GEO,2019,12.3954
KENYA,PWRGEO002,GEO,2020,12.3954
KENYA,PWRGEO002,GEO,2021,12.3954
KENYA,PWRGEO002,GEO,2022,12.3954
KENYA,PWRGEO002,GEO,2023,12.3954
KENYA,PWRGEO002,GEO,2024,12.3954
KENYA,PWRGEO002,GEO,2025,12.3954
KENYA,PWRGEO002,GEO,2026,12.3954
KENYA,PWRGEO002,GEO,2027,12.3954
KENYA,PWRGEO002,GEO,2028,12.3954
KENYA,PWRGEO002,GEO,2029,12.3954
KENYA,PWRGEO002,GEO,2030,12.3954
KENYA,PWRGEO002,GEO,2031,12.3954
KENYA,PWRGEO002,GEO,2032,12.3954
KENYA,PWRGEO002,GEO,2033,12.3954
KENYA,PWRGEO002,GEO,2034,12.3954
KENYA,PWRGEO002,GEO,2035,12.3954
KENYA,PWRGEO002,GEO,2036,12.3954
KENYA,PWRGEO002,GEO,2037,12.3954
KENYA,PWRGEO002,GEO,2038,12.3954
KENYA,PWRGEO002,GEO,2039,12.3954
KENYA,PWRGEO002,GEO,2040,12.3954
KENYA,PWRGEO003,GEO,2019,8.9424
KENYA,PWRGEO003,GEO,2020,8.9424
KENYA,PWRGEO003,GEO,2021,8.9424
KENYA,PWRGEO003,GEO,2022,8.9424
KENYA,PWRGEO003,GEO,2023,8.9424
KENYA,PWRGEO003,GEO,2024,8.9424
KENYA,PWRGEO003,GEO,2025,8.9424
KENYA,PWRGEO003,GEO,2026,8.9424
KENYA,PWRGEO003,GEO,2027,8.9424
KENYA,PWRGEO003,GEO,2028,8.9424
KENYA,PWRGEO004,GEO,2019,5.6488
KENYA,PWRGEO004,GEO,2020,5.6488
KENYA,PWRGEO004,GEO,2021,5.6488
KENYA,PWRGEO004,GEO,2022,5.6488
KENYA,PWRGEO004,GEO,2023,5.6488
KENYA,PWRGEO004,GEO,2024,5.6488
KENYA,PWRGEO004,GEO,2025,5.6488
KENYA,PWRGEO004,GEO,2026,5.6488
KENYA,PWRGEO004,GEO,2027,5.6488
KENYA,PWRGEO004,GEO,2028,5.6488
KENYA,PWRGEO004,GEO,2029,5.6488
KENYA,PWRGEO004,GEO,2030,5.6488
KENYA,PWRGEO004,GEO,2031,5.6488
KENYA,PWRGEO004,GEO,2032,5.6488
KENYA,PWRGEO004,GEO,2033,5.6488
KENYA,PWRGEO004,GEO,2034,5.6488
KENYA,PWRGEO004,GEO,2035,5.6488
KENYA,PWRGEO004,GEO,2036,5.6488
KENYA,PWRGEO004,GEO,2037,5.6488
KENYA,PWRGEO004,GEO,2038,5.6488
KENYA,PWRGEO004,GEO,2039,5.6488
KENYA,PWRGEO004,GEO,2040,5.6488
KENYA,PWRGEO004,GEO,2041,5.6488
KENYA,PWRGEO004,GEO,2042,5.6488
KENYA,PWRGEO005,GEO,2019,3.5061
KENYA,PWRGEO005,GEO,2020,3.5061
KENYA,PWRGEO005,GEO,2021,3.5061
KENYA,PWRGEO005,GEO,2022,3.5061
KENYA,PWRGEO005,GEO,2023,3.5061
KENYA,PWRGEO005,GEO,2024,3.5061
KENYA,PWRGEO005,GEO,2025,3.5061
KENYA,PWRGEO005,GEO,2026,3.5061
KENYA,PWRGEO005,GEO,2027,3.5061
KENYA,PWRGEO005,GEO,2028,3.5061
KENYA,PWRGEO005,GEO,2029,3.5061
KENYA,PWRGEO005,GEO,2030,3.5061
KENYA,PWRGEO005,GEO,2031,3.5061
KENYA,PWRGEO005,GEO,2032,3.5061
KENYA,PWRGEO005,GEO,2033,3.5061
KENYA,PWRGEO005,GEO,2034,3.5061
KENYA,PWRGEO005,GEO,2035,3.5061
KENYA,PWRGEO005,GEO,2036,3.5061
KENYA,PWRGEO005,GEO,2037,3.5061
KENYA,PWRGEO006,GEO,2019,12.3954
KENYA,PWRGEO006,GEO,2020,12.3954
KENYA,PWRGEO006,GEO,2021,12.3954
KENYA,PWRGEO006,GEO,2022,12.3954
KENYA,PWRGEO006,GEO,2023,12.3954
KENYA,PWRGEO006,GEO,2024,12.3954
KENYA,PWRGEO006,GEO,2025,12.3954
KENYA,PWRGEO006,GEO,2026,12.3954
KENYA,PWRGEO006,GEO,2027,12.3954
KENYA,PWRGEO006,GEO,2028,12.3954
KENYA,PWRGEO006,GEO,2029,12.3954
KENYA,PWRGEO006,GEO,2030,12.3954
KENYA,PWRGEO006,GEO,2031,12.3954
KENYA,PWRGEO006,GEO,2032,12.3954
KENYA,PWRGEO006,GEO,2033,12.3954
KENYA,PWRGEO006,GEO,2034,12.3954
KENYA,PWRGEO006,GEO,2035,12.3954
KENYA,PWRGEO006,GEO,2036,12.3954
KENYA,PWRGEO006,GEO,2037,12.3954
KENYA,PWRGEO006,GEO,2038,12.3954
KENYA,PWRGEO006,GEO,2039,12.3954
KENYA,PWRGEO007,GEO,2019,3.9488
KENYA,PWRGEO007,GEO,2020,3.9489
KENYA,PWRGEO007,GEO,2021,3.9489
KENYA,PWRGEO007,GEO,2022,3.9489
KENYA,PWRGEO007,GEO,2023,3.9489
KENYA,PWRGEO007,GEO,2024,3.9489
KENYA,PWRGEO007,GEO,2025,3.9489
KENYA,PWRGEO007,GEO,2026,3.9489
KENYA,PWRGEO008,GEO,2019,2.5675
KENYA,PWRGEO008,GEO,2020,2.5675
KENYA,PWRGEO008,GEO,2021,2.5675
KENYA,PWRGEO008,GEO,2022,2.5675
KENYA,PWRGEO008,GEO,2023,2.5675
KENYA,PWRGEO008,GEO,2024,2.5675
KENYA,PWRGEO008,GEO,2025,2.5675
KENYA,PWRGEO008,GEO,2026,2.5675
KENYA,PWRGEO008,GEO,2027,2.5675
KENYA,PWRGEO008,GEO,2028,2.5675
KENYA,PWRGEO008,GEO,2029,2.5675
KENYA,PWRGEO008,GEO,2030,2.5675
KENYA,PWRGEO008,GEO,2031,2.5675
KENYA,PWRGEO008,GEO,2032,2.5675
KENYA,PWRGEO008,GEO,2033,2.5675
KENYA,PWRGEO008,GEO,2034,2.5675
KENYA,PWRGEO008,GEO,2035,2.5675
KENYA,PWRGEO008,GEO,2036,2.5675
KENYA,PWRGEO008,GEO,2037,2.5675
KENYA,PWRGEO008,GEO,2038,2.5675
KENYA,PWRGEO008,GEO,2039,2.5675
KENYA,PWRGEO008,GEO,2040,2.5675
KENYA,PWRGEO009,GEO,2019,2.4347
KENYA,PWRGEO009,GEO,2020,2.4347
KENYA,PWRGEO009,GEO,2021,2.4347
KENYA,PWRGEO009,GEO,2022,2.4347
KENYA,PWRGEO009,GEO,2023,2.4347
KENYA,PWRGEO009,GEO,2024,2.4347
KENYA,PWRGEO009,GEO,2025,2.4347
KENYA,PWRGEO009,GEO,2026,2.4347
KENYA,PWRGEO009,GEO,2027,2.4347
KENYA,PWRGEO009,GEO,2028,2.4347
KENYA,PWRGEO009,GEO,2029,2.4347
KENYA,PWRGEO009,GEO,2030,2.4347
KENYA,PWRGEO010,GEO,2023,3.099
KENYA,PWRGEO010,GEO,2024,3.099
KENYA,PWRGEO010,GEO,2025,3.099
KENYA,PWRGEO010,GEO,2026,3.099
KENYA,PWRGEO010,GEO,2027,3.099
KENYA,PWRGEO010,GEO,2028,3.099
KENYA,PWRGEO010,GEO,2029,3.099
KENYA,PWRGEO010,GEO,2030,3.099
KENYA,PWRGEO010,GEO,2031,3.099
KENYA,PWRGEO010,GEO,2032,3.099
KENYA,PWRGEO010,GEO,2033,3.099
KENYA,PWRGEO010,GEO,2034,3.099
KENYA,PWRGEO010,GEO,2035,3.099
KENYA,PWRGEO010,GEO,2036,3.099
KENYA,PWRGEO010,GEO,2037,3.099
KENYA,PWRGEO010,GEO,2038,3.099
KENYA,PWRGEO010,GEO,2039,3.099
KENYA,PWRGEO010,GEO,2040,3.099
KENYA,PWRGEO010,GEO,2041,3.099
KENYA,PWRGEO010,GEO,2042,3.099
KENYA,PWRGEO010,GEO,2043,3.099
KENYA,PWRGEO010,GEO,2044,3.099
KENYA,PWRGEO010,GEO,2045,3.099
KENYA,PWRGEO010,GEO,2046,3.099
KENYA,PWRGEO010,GEO,2047,3.099
KENYA,PWRGEO011,GEO,2022,7.3752
KENYA,PWRGEO011,GEO,2023,7.3752
KENYA,PWRGEO011,GEO,2024,7.3752
KENYA,PWRGEO011,GEO,2025,7.3752
KENYA,PWRGEO011,GEO,2026,7.3752
KENYA,PWRGEO011,GEO,2027,7.3752
KENYA,PWRGEO011,GEO,2028,7.3752
KENYA,PWRGEO011,GEO,2029,7.3752
KENYA,PWRGEO011,GEO,2030,7.3752
KENYA,PWRGEO011,GEO,2031,7.3752
KENYA,PWRGEO011,GEO,2032,7.3752
KENYA,PWRGEO011,GEO,2033,7.3752
KENYA,PWRGEO011,GEO,2034,7.3752
KENYA,PWRGEO011,GEO,2035,7.3752
KENYA,PWRGEO011,GEO,2036,7.3752
KENYA,PWRGEO011,GEO,2037,7.3752
KENYA,PWRGEO011,GEO,2038,7.3752
KENYA,PWRGEO011,GEO,2039,7.3752
KENYA,PWRGEO011,GEO,2040,7.3752
KENYA,PWRGEO011,GEO,2041,7.3752
KENYA,PWRGEO011,GEO,2042,7.3752
KENYA,PWRGEO011,GEO,2043,7.3752
KENYA,PWRGEO011,GEO,2044,7.3752
KENYA,PWRGEO011,GEO,2045,7.3752
KENYA,PWRGEO011,GEO,2046,7.3752
KENYA,PWRGEO012,GEO,2019,13.9893
KENYA,PWRGEO012,GEO,2020,13.9893
KENYA,PWRGEO012,GEO,2021,13.9893
KENYA,PWRGEO012,GEO,2022,13.9893
KENYA,PWRGEO012,GEO,2023,13.9893
KENYA,PWRGEO012,GEO,2024,13.9893
KENYA,PWRGEO012,GEO,2025,13.9893
KENYA,PWRGEO012,GEO,2026,13.9893
KENYA,PWRGEO012,GEO,2027,13.9893
KENYA,PWRGEO012,GEO,2028,13.9893
KENYA,PWRGEO012,GEO,2029,13.9893
KENYA,PWRGEO012,GEO,2030,13.9893
KENYA,PWRGEO012,GEO,2031,13.9893
KENYA,PWRGEO012,GEO,2032,13.9893
KENYA,PWRGEO012,GEO,2033,13.9893
KENYA,PWRGEO012,GEO,2034,13.9893
KENYA,PWRGEO012,GEO,2035,13.9893
KENYA,PWRGEO012,GEO,2036,13.9893
KENYA,PWRGEO012,GEO,2037,13.9893
KENYA,PWRGEO012,GEO,2038,13.9893
KENYA,PWRGEO012,GEO,2039,13.9893
KENYA,PWRGEO012,GEO,2040,13.9893
KENYA,PWRGEO012,GEO,2041,13.9893
KENYA,PWRGEO012,GEO,2042,13.9893
KENYA,PWRGEO012,GEO,2043,13.9893
KENYA,PWRGEO012,GEO,2044,13.9893
KENYA,PWRGEO013,GEO,2029,12.3954
KENYA,PWRGEO013,GEO,2030,12.3954
KENYA,PWRGEO013,GEO,2031,12.3954
KENYA,PWRGEO013,GEO,2032,12.3954
KENYA,PWRGEO013,GEO,2033,12.3954
KENYA,PWRGEO013,GEO,2034,12.3954
KENYA,PWRGEO013,GEO,2035,12.3954
KENYA,PWRGEO013,GEO,2036,12.3954
KENYA,PWRGEO013,GEO,2037,12.3954
KENYA,PWRGEO013,GEO,2038,12.3954
KENYA,PWRGEO013,GEO,2039,12.3954
KENYA,PWRGEO013,GEO,2040,12.3954
KENYA,PWRGEO013,GEO,2041,12.3954
KENYA,PWRGEO013,GEO,2042,12.3954
KENYA,PWRGEO013,GEO,2043,12.3954
KENYA,PWRGEO013,GEO,2044,12.3954
KENYA,PWRGEO013,GEO,2045,12.3955
KENYA,PWRGEO013,GEO,2046,12.3954
KENYA,PWRGEO013,GEO,2047,12.3954
KENYA,PWRGEO013,GEO,2048,12.3954
KENYA,PWRGEO013,GEO,2049,12.3954
KENYA,PWRGEO013,GEO,2050,12.3954
KENYA,PWRGEO014,GEO,2029,12.3954
KENYA,PWRGEO014,GEO,2030,12.3954
KENYA,PWRGEO014,GEO,2031,12.3954
KENYA,PWRGEO014,GEO,2032,12.3954
KENYA,PWRGEO014,GEO,2033,12.3954
KENYA,PWRGEO014,GEO,2034,12.3954
KENYA,PWRGEO014,GEO,2035,12.3954
KENYA,PWRGEO014,GEO,2036,12.3954
KENYA,PWRGEO014,GEO,2037,12.3954
KENYA,PWRGEO014,GEO,2038,12.3954
KENYA,PWRGEO014,GEO,2039,12.3954
KENYA,PWRGEO014,GEO,2040,12.3954
KENYA,PWRGEO014,GEO,2041,12.3954
KENYA,PWRGEO014,GEO,2042,12.3954
KENYA,PWRGEO014,GEO,2043,12.3954
KENYA,PWRGEO014,GEO,2044,12.3954
KENYA,PWRGEO014,GEO,2045,12.3954
KENYA,PWRGEO014,GEO,2046,12.3954
KENYA,PWRGEO014,GEO,2047,12.3955
KENYA,PWRGEO014,GEO,2048,12.3954
KENYA,PWRGEO014,GEO,2049,12.3954
KENYA,PWRGEO014,GEO,2050,12.3954
KENYA,PWRGEO015,GEO,2034,12.3954
KENYA,PWRGEO015,GEO,2035,12.3954
KENYA,PWRGEO015,GEO,2036,12.3954
KENYA,PWRGEO015,GEO,2037,12.3954
KENYA,PWRGEO015,GEO,2038,12.3954
KENYA,PWRGEO015,GEO,2039,12.3954
KENYA,PWRGEO015,GEO,2040,12.3954
KENYA,PWRGEO015,GEO,2041,12.3954
KENYA,PWRGEO015,GEO,2042,12.3954
KENYA,PWRGEO015,GEO,2043,12.3954
KENYA,PWRGEO015,GEO,2044,12.3954
KENYA,PWRGEO015,GEO,2045,12.3954
KENYA,PWRGEO015,GEO,2046,12.3954
KENYA,PWRGEO015,GEO,2047,12.3954
KENYA,PWRGEO015,GEO,2048,12.3954
KENYA,PWRGEO015,GEO,2049,12.3954
KENYA,PWRGEO015,GEO,2050,12.3954
KENYA,PWRGEO016,GEO,2036,12.3954
KENYA,PWRGEO016,GEO,2037,12.3954
KENYA,PWRGEO016,GEO,2038,12.3954
KENYA,PWRGEO016,GEO,2039,12.3954
KENYA,PWRGEO016,GEO,2040,12.3955
KENYA,PWRGEO016,GEO,2041,12.3954
KENYA,PWRGEO016,GEO,2042,12.3954
KENYA,PWRGEO016,GEO,2043,12.3954
KENYA,PWRGEO016,GEO,2044,12.3954
KENYA,PWRGEO016,GEO,2045,12.3954
KENYA,PWRGEO016,GEO,2046,12.3954
KENYA,PWRGEO016,GEO,2047,12.3954
KENYA,PWRGEO016,GEO,2048,12.3954
KENYA,PWRGEO016,GEO,2049,12.3954
KENYA,PWRGEO016,GEO,2050,12.3954
KENYA,PWRGEO017,GEO,2028,2.2135
KENYA,PWRGEO017,GEO,2029,2.2135
KENYA,PWRGEO017,GEO,2030,2.2135
KENYA,PWRGEO017,GEO,2031,2.2135
KENYA,PWRGEO017,GEO,2032,2.2135
KENYA,PWRGEO017,GEO,2033,2.2135
KENYA,PWRGEO017,GEO,2034,2.2135
KENYA,PWRGEO017,GEO,2035,2.2135
KENYA,PWRGEO017,GEO,2036,2.2135
KENYA,PWRGEO017,GEO,2037,2.2135
KENYA,PWRGEO017,GEO,2038,2.2135
KENYA,PWRGEO017,GEO,2039,2.2135
KENYA,PWRGEO017,GEO,2040,2.2135
KENYA,PWRGEO017,GEO,2041,2.2135
KENYA,PWRGEO017,GEO,2042,2.2135
KENYA,PWRGEO017,GEO,2043,2.2135
KENYA,PWRGEO017,GEO,2044,2.2135
KENYA,PWRGEO017,GEO,2045,2.2135
KENYA,PWRGEO017,GEO,2046,2.2135
KENYA,PWRGEO017,GEO,2047,2.2135
KENYA,PWRGEO017,GEO,2048,2.2135
KENYA,PWRGEO017,GEO,2049,2.2135
KENYA,PWRGEO017,GEO,2050,2.2135
KENYA,PWRGEO018,GEO,2039,5.3125
KENYA,PWRGEO018,GEO,2040,5.3125
KENYA,PWRGEO018,GEO,2041,5.3125
KENYA,PWRGEO018,GEO,2042,5.3125
KENYA,PWRGEO018,GEO,2043,5.3125
KENYA,PWRGEO018,GEO,2044,5.3125
KENYA,PWRGEO018,GEO,2045,5.3125
KENYA,PWRGEO018,GEO,2046,5.3125
KENYA,PWRGEO018,GEO,2047,5.3125
KENYA,PWRGEO018,GEO,2048,5.3125
KENYA,PWRGEO018,GEO,2049,5.3125
KENYA,PWRGEO018,GEO,2050,5.3125
KENYA,PWRGEO019,GEO,2037,8.854
KENYA,PWRGEO019,GEO,2038,8.854
KENYA,PWRGEO019,GEO,2039,8.854
KENYA,PWRGEO019,GEO,2040,8.854
KENYA,PWRGEO019,GEO,2041,8.854
KENYA,PWRGEO019,GEO,2042,8.854
KENYA,PWRGEO019,GEO,2043,8.854
KENYA,PWRGEO019,GEO,2044,8.854
KENYA,PWRGEO019,GEO,2045,8.854
KENYA,PWRGEO019,GEO,2046,8.854
KENYA,PWRGEO019,GEO,2047,8.854
KENYA,PWRGEO019,GEO,2048,8.854
KENYA,PWRGEO019,GEO,2049,8.854
KENYA,PWRGEO019,GEO,2050,8.854
KENYA,PWRGEO020,GEO,2040,8.854
KENYA,PWRGEO020,GEO,2041,8.854
KENYA,PWRGEO020,GEO,2042,8.854
KENYA,PWRGEO020,GEO,2043,8.854
KENYA,PWRGEO020,GEO,2044,8.854
KENYA,PWRGEO020,GEO,2045,8.854
KENYA,PWRGEO020,GEO,2046,8.854
KENYA,PWRGEO020,GEO,2047,8.854
KENYA,PWRGEO020,GEO,2048,8.854
KENYA,PWRGEO020,GEO,2049,8.854
KENYA,PWRGEO020,GEO,2050,8.854
KENYA,PWRGEO021,GEO,2040,8.854
KENYA,PWRGEO021,GEO,2041,8.854
KENYA,PWRGEO021,GEO,2042,8.854
KENYA,PWRGEO021,GEO,2043,8.854
KENYA,PWRGEO021,GEO,2044,8.854
KENYA,PWRGEO021,GEO,2045,8.854
KENYA,PWRGEO021,GEO,2046,8.854
KENYA,PWRGEO021,GEO,2047,8.854
KENYA,PWRGEO021,GEO,2048,8.854
KENYA,PWRGEO021,GEO,2049,8.854
KENYA,PWRGEO021,GEO,2050,8.854
KENYA,PWRGEO024,GEO,2031,8.854
KENYA,PWRGEO024,GEO,2032,8.854
KENYA,PWRGEO024,GEO,2033,8.854
KENYA,PWRGEO024,GEO,2034,8.854
KENYA,PWRGEO024,GEO,2035,8.854
KENYA,PWRGEO024,GEO,2036,8.854
KENYA,PWRGEO024,GEO,2037,8.854
KENYA,PWRGEO024,GEO,2038,8.854
KENYA,PWRGEO024,GEO,2039,8.854
KENYA,PWRGEO024,GEO,2040,8.854
KENYA,PWRGEO024,GEO,2041,8.854
KENYA,PWRGEO024,GEO,2042,8.854
KENYA,PWRGEO024,GEO,2043,8.854
KENYA,PWRGEO024,GEO,2044,8.854
KENYA,PWRGEO024,GEO,2045,8.854
KENYA,PWRGEO024,GEO,2046,8.854
KENYA,PWRGEO024,GEO,2047,8.854
KENYA,PWRGEO024,GEO,2048,8.854
KENYA,PWRGEO024,GEO,2049,8.854
KENYA,PWRGEO024,GEO,2050,8.854
KENYA,PWRGEO025,GEO,2040,8.854
KENYA,PWRGEO025,GEO,2041,8.854
KENYA,PWRGEO025,GEO,2042,8.854
KENYA,PWRGEO025,GEO,2043,8.854
KENYA,PWRGEO025,GEO,2044,8.854
KENYA,PWRGEO025,GEO,2045,8.854
KENYA,PWRGEO025,GEO,2046,8.854
KENYA,PWRGEO025,GEO,2047,8.854
KENYA,PWRGEO025,GEO,2048,8.854
KENYA,PWRGEO025,GEO,2049,8.854
KENYA,PWRGEO025,GEO,2050,8.854
KENYA,PWRGEO026,GEO,2040,8.854
KENYA,PWRGEO026,GEO,2041,8.854
KENYA,PWRGEO026,GEO,2042,8.854
KENYA,PWRGEO026,GEO,2043,8.854
KENYA,PWRGEO026,GEO,2044,8.854
KENYA,PWRGEO026,GEO,2045,8.854
KENYA,PWRGEO026,GEO,2046,8.854
KENYA,PWRGEO026,GEO,2047,8.854
KENYA,PWRGEO026,GEO,2048,8.854
KENYA,PWRGEO026,GEO,2049,8.854
KENYA,PWRGEO026,GEO,2050,8.854
KENYA,PWRGEO027,GEO,2025,3.099
KENYA,PWRGEO027,GEO,2026,3.099
KENYA,PWRGEO027,GEO,2027,3.099
KENYA,PWRGEO027,GEO,2028,3.099
KENYA,PWRGEO027,GEO,2029,3.099
KENYA,PWRGEO027,GEO,2030,3.099
KENYA,PWRGEO027,GEO,2031,3.099
KENYA,PWRGEO027,GEO,2032,3.099
KENYA,PWRGEO027,GEO,2033,3.099
KENYA,PWRGEO027,GEO,2034,3.099
KENYA,PWRGEO027,GEO,2035,3.099
KENYA,PWRGEO027,GEO,2036,3.099
KENYA,PWRGEO027,GEO,2037,3.099
KENYA,PWRGEO027,GEO,2038,3.099
KENYA,PWRGEO027,GEO,2039,3.099
KENYA,PWRGEO027,GEO,2040,3.099
KENYA,PWRGEO027,GEO,2041,3.099
KENYA,PWRGEO027,GEO,2042,3.099
KENYA,PWRGEO027,GEO,2043,3.099
KENYA,PWRGEO027,GEO,2044,3.099
KENYA,PWRGEO027,GEO,2045,3.099
KENYA,PWRGEO027,GEO,2046,3.099
KENYA,PWRGEO027,GEO,2047,3.099
KENYA,PWRGEO027,GEO,2048,3.099
KENYA,PWRGEO027,GEO,2049,3.099
KENYA,PWRGEO028,GEO,2028,3.099
KENYA,PWRGEO028,GEO,2029,3.099
KENYA,PWRGEO028,GEO,2030,3.099
KENYA,PWRGEO028,GEO,2031,3.099
KENYA,PWRGEO028,GEO,2032,3.099
KENYA,PWRGEO028,GEO,2033,3.099
KENYA,PWRGEO028,GEO,2034,3.099
KENYA,PWRGEO028,GEO,2035,3.099
KENYA,PWRGEO028,GEO,2036,3.099
KENYA,PWRGEO028,GEO,2037,3.099
KENYA,PWRGEO028,GEO,2038,3.099
KENYA,PWRGEO028,GEO,2039,3.099
KENYA,PWRGEO028,GEO,2040,3.099
KENYA,PWRGEO028,GEO,2041,3.099
KENYA,PWRGEO028,GEO,2042,3.099
KENYA,PWRGEO028,GEO,2043,3.099
KENYA,PWRGEO028,GEO,2044,3.099
KENYA,PWRGEO028,GEO,2045,3.099
KENYA,PWRGEO028,GEO,2046,3.099
KENYA,PWRGEO028,GEO,2047,3.099
KENYA,PWRGEO028,GEO,2048,3.099
KENYA,PWRGEO028,GEO,2049,3.099
KENYA,PWRGEO028,GEO,2050,3.099
KENYA,PWRGEO029,GEO,2038,8.854
KENYA,PWRGEO029,GEO,2039,8.854
KENYA,PWRGEO029,GEO,2040,8.854
KENYA,PWRGEO029,GEO,2041,8.854
KENYA,PWRGEO029,GEO,2042,8.854
KENYA,PWRGEO029,GEO,2043,8.854
KENYA,PWRGEO029,GEO,2044,8.854
KENYA,PWRGEO029,GEO,2045,8.854
KENYA,PWRGEO029,GEO,2046,8.854
KENYA,PWRGEO029,GEO,2047,8.854
KENYA,PWRGEO029,GEO,2048,8.854
KENYA,PWRGEO029,GEO,2049,8.854
KENYA,PWRGEO029,GEO,2050,8.854
KENYA,PWRGEO030,GEO,2039,8.854
KENYA,PWRGEO030,GEO,2040,8.854
KENYA,PWRGEO030,GEO,2041,8.854
KENYA,PWRGEO030,GEO,2042,8.854
KENYA,PWRGEO030,GEO,2043,8.854
KENYA,PWRGEO030,GEO,2044,8.854
KENYA,PWRGEO030,GEO,2045,8.854
KENYA,PWRGEO030,GEO,2046,8.854
KENYA,PWRGEO030,GEO,2047,8.854
KENYA,PWRGEO030,GEO,2048,8.854
KENYA,PWRGEO030,GEO,2049,8.854
KENYA,PWRGEO030,GEO,2050,8.854
KENYA,PWRGEO031,GEO,2040,8.854
KENYA,PWRGEO031,GEO,2041,8.854
KENYA,PWRGEO031,GEO,2042,8.854
KENYA,PWRGEO031,GEO,2043,8.854
KENYA,PWRGEO031,GEO,2044,8.854
KENYA,PWRGEO031,GEO,2045,8.854
KENYA,PWRGEO031,GEO,2046,8.854
KENYA,PWRGEO031,GEO,2047,8.854
KENYA,PWRGEO031,GEO,2048,8.854
KENYA,PWRGEO031,GEO,2049,8.854
KENYA,PWRGEO031,GEO,2050,8.854
KENYA,PWRGEO033,GEO,2025,1.7707
KENYA,PWRGEO033,GEO,2026,1.7707
KENYA,PWRGEO033,GEO,2027,1.7707
KENYA,PWRGEO033,GEO,2028,1.7707
KENYA,PWRGEO033,GEO,2029,1.7707
KENYA,PWRGEO033,GEO,2030,1.7707
KENYA,PWRGEO033,GEO,2031,1.7707
KENYA,PWRGEO033,GEO,2032,1.7707
KENYA,PWRGEO033,GEO,2033,1.7707
KENYA,PWRGEO033,GEO,2034,1.7707
KENYA,PWRGEO033,GEO,2035,1.7707
KENYA,PWRGEO033,GEO,2036,1.7707
KENYA,PWRGEO033,GEO,2037,1.7707
KENYA,PWRGEO033,GEO,2038,1.7707
KENYA,PWRGEO033,GEO,2039,1.7707
KENYA,PWRGEO033,GEO,2040,1.7707
KENYA,PWRGEO033,GEO,2041,1.7707
KENYA,PWRGEO033,GEO,2042,1.7707
KENYA,PWRGEO033,GEO,2043,1.7707
KENYA,PWRGEO033,GEO,2044,1.7707
KENYA,PWRGEO033,GEO,2045,1.7707
KENYA,PWRGEO033,GEO,2046,1.7707
KENYA,PWRGEO033,GEO,2047,1.7707
KENYA,PWRGEO033,GEO,2048,1.7707
KENYA,PWRGEO033,GEO,2049,1.7707
KENYA,PWRGEO034,GEO,2040,3.099
KENYA,PWRGEO034,GEO,2041,3.099
KENYA,PWRGEO034,GEO,2042,3.099
KENYA,PWRGEO034,GEO,2043,3.099
KENYA,PWRGEO034,GEO,2044,3.099
KENYA,PWRGEO034,GEO,2045,3.099
KENYA,PWRGEO034,GEO,2046,3.099
KENYA,PWRGEO034,GEO,2047,3.099
KENYA,PWRGEO034,GEO,2048,3.099
KENYA,PWRGEO034,GEO,2049,3.099
KENYA,PWRGEO034,GEO,2050,3.099
KENYA,PWRGEO035,GEO,2031,3.099
KENYA,PWRGEO035,GEO,2032,3.099
KENYA,PWRGEO035,GEO,2033,3.099
KENYA,PWRGEO035,GEO,2034,3.099
KENYA,PWRGEO035,GEO,2035,3.099
KENYA,PWRGEO035,GEO,2036,3.099
KENYA,PWRGEO035,GEO,2037,3.099
KENYA,PWRGEO035,GEO,2038,3.099
KENYA,PWRGEO035,GEO,2039,3.099
KENYA,PWRGEO035,GEO,2040,3.099
KENYA,PWRGEO035,GEO,2041,3.099
KENYA,PWRGEO035,GEO,2042,3.099
KENYA,PWRGEO035,GEO,2043,3.099
KENYA,PWRGEO035,GEO,2044,3.099
KENYA,PWRGEO035,GEO,2045,3.099
KENYA,PWRGEO035,GEO,2046,3.099
KENYA,PWRGEO035,GEO,2047,3.099
KENYA,PWRGEO035,GEO,2048,3.099
KENYA,PWRGEO035,GEO,2049,3.099
KENYA,PWRGEO035,GEO,2050,3.099
KENYA,PWRGEO038,GEO,2026,1.7707
KENYA,PWRGEO038,GEO,2027,1.7707
KENYA,PWRGEO038,GEO,2028,1.7707
KENYA,PWRGEO038,GEO,2029,1.7707
KENYA,PWRGEO038,GEO,2030,1.7707
KENYA,PWRGEO038,GEO,2031,1.7707
KENYA,PWRGEO038,GEO,2032,1.7707
KENYA,PWRGEO038,GEO,2033,1.7707
KENYA,PWRGEO038,GEO,2034,1.7707
KENYA,PWRGEO038,GEO,2035,1.7707
KENYA,PWRGEO038,GEO,2036,1.7707
KENYA,PWRGEO038,GEO,2037,1.7707
KENYA,PWRGEO038,GEO,2038,1.7707
KENYA,PWRGEO038,GEO,2039,1.7707
KENYA,PWRGEO038,GEO,2040,1.7707
KENYA,PWRGEO038,GEO,2041,1.7707
KENYA,PWRGEO038,GEO,2042,1.7707
KENYA,PWRGEO038,GEO,2043,1.7707
KENYA,PWRGEO038,GEO,2044,1.7707
KENYA,PWRGEO038,GEO,2045,1.7707
KENYA,PWRGEO038,GEO,2046,1.7707
KENYA,PWRGEO038,GEO,2047,1.7707
KENYA,PWRGEO038,GEO,2048,1.7707
KENYA,PWRGEO038,GEO,2049,1.7707
KENYA,PWRGEO038,GEO,2050,1.7707
KENYA,PWRGEO040,GEO,2019,1.5582
KENYA,PWRGEO040,GEO,2020,1.5582
KENYA,PWRGEO040,GEO,2021,1.5582
KENYA,PWRGEO040,GEO,2022,1.5582
KENYA,PWRGEO040,GEO,2023,1.5582
KENYA,PWRGEO040,GEO,2024,1.5582
KENYA,PWRGEO040,GEO,2025,1.5582
KENYA,PWRGEO040,GEO,2026,1.5582
KENYA,PWRGEO040,GEO,2027,1.5582
KENYA,PWRGEO040,GEO,2028,1.5582
KENYA,PWRGEO040,GEO,2029,1.5582
KENYA,PWRGEO040,GEO,2030,1.5582
KENYA,PWRGEO040,GEO,2031,1.5582
KENYA,PWRGEO040,GEO,2032,1.5582
KENYA,PWRGEO040,GEO,2033,1.5582
KENYA,PWRGEO040,GEO,2034,1.5582
KENYA,PWRGEO040,GEO,2035,1.5582
KENYA,PWRGEO040,GEO,2036,1.5582
KENYA,PWRGEO040,GEO,2037,1.5582
KENYA,PWRGEO040,GEO,2038,1.5582
KENYA,PWRGEO042,GEO,2039,4.427
KENYA,PWRGEO042,GEO,2040,4.427
KENYA,PWRGEO042,GEO,2041,4.427
KENYA,PWRGEO042,GEO,2042,4.427
KENYA,PWRGEO042,GEO,2043,4.427
KENYA,PWRGEO042,GEO,2044,4.427
KENYA,PWRGEO042,GEO,2045,4.427
KENYA,PWRGEO042,GEO,2046,4.427
KENYA,PWRGEO042,GEO,2047,4.427
KENYA,PWRGEO042,GEO,2048,4.427
KENYA,PWRGEO042,GEO,2049,4.427
KENYA,PWRGEO042,GEO,2050,4.427
KENYA,PWRGEO047,GEO,2019,1.328
KENYA,PWRGEO047,GEO,2020,1.328
KENYA,PWRGEO047,GEO,2021,1.328
KENYA,PWRGEO047,GEO,2022,1.328
KENYA,PWRGEO047,GEO,2023,1.328
KENYA,PWRGEO049,GEO,2025,1.8594
KENYA,PWRGEO049,GEO,2026,1.8595
KENYA,PWRGEO049,GEO,2027,1.8595
KENYA,PWRGEO049,GEO,2028,1.8595
KENYA,PWRGEO049,GEO,2029,1.8595
KENYA,PWRGEO049,GEO,2030,1.8595
KENYA,PWRGEO049,GEO,2031,1.8595
KENYA,PWRGEO049,GEO,2032,1.8595
KENYA,PWRGEO049,GEO,2033,1.8595
KENYA,PWRGEO049,GEO,2034,1.8594
KENYA,PWRGEO049,GEO,2035,1.8595
KENYA,PWRGEO049,GEO,2036,1.8595
KENYA,PWRGEO049,GEO,2037,1.8595
KENYA,PWRGEO049,GEO,2038,1.8595
KENYA,PWRGEO049,GEO,2039,1.8595
KENYA,PWRGEO049,GEO,2040,1.8595
KENYA,PWRGEO049,GEO,2041,1.8595
KENYA,PWRGEO049,GEO,2042,1.8595
KENYA,PWRGEO049,GEO,2043,1.8595
KENYA,PWRGEO049,GEO,2044,1.8595
KENYA,PWRGEO049,GEO,2045,1.8595
KENYA,PWRGEO049,GEO,2046,1.8595
KENYA,PWRGEO049,GEO,2047,1.8595
KENYA,PWRGEO049,GEO,2048,1.8594
KENYA,PWRGEO049,GEO,2049,1.8595
KENYA,PWRGEO049,GEO,2050,1.8594
KENYA,PWRGEO050,GEO,2025,1.8595
KENYA,PWRGEO050,GEO,2026,1.8595
KENYA,PWRGEO050,GEO,2027,1.8595
KENYA,PWRGEO050,GEO,2028,1.8595
KENYA,PWRGEO050,GEO,2029,1.8595
KENYA,PWRGEO050,GEO,2030,1.8594
KENYA,PWRGEO050,GEO,2031,1.8595
KENYA,PWRGEO050,GEO,2032,1.8595
KENYA,PWRGEO050,GEO,2033,1.8595
KENYA,PWRGEO050,GEO,2034,1.8595
KENYA,PWRGEO050,GEO,2035,1.8595
KENYA,PWRGEO050,GEO,2036,1.8595
KENYA,PWRGEO050,GEO,2037,1.8595
KENYA,PWRGEO050,GEO,2038,1.8595
KENYA,PWRGEO050,GEO,2039,1.8594
KENYA,PWRGEO050,GEO,2040,1.8595
KENYA,PWRGEO050,GEO,2041,1.8595
KENYA,PWRGEO050,GEO,2042,1.8595
KENYA,PWRGEO050,GEO,2043,1.8594
KENYA,PWRGEO050,GEO,2044,1.8595
KENYA,PWRGEO050,GEO,2045,1.8595
KENYA,PWRGEO050,GEO,2046,1.8594
KENYA,PWRGEO050,GEO,2047,1.8595
KENYA,PWRGEO050,GEO,2048,1.8594
KENYA,PWRGEO050,GEO,2049,1.8595
KENYA,PWRGEO050,GEO,2050,1.8595
KENYA,PWRGEO051,GEO,2025,1.8595
KENYA,PWRGEO051,GEO,2026,1.8595
KENYA,PWRGEO051,GEO,2027,1.8595
KENYA,PWRGEO051,GEO,2028,1.8595
KENYA,PWRGEO051,GEO,2029,1.8595
KENYA,PWRGEO051,GEO,2030,1.8595
KENYA,PWRGEO051,GEO,2031,1.8595
KENYA,PWRGEO051,GEO,2032,1.8594
KENYA,PWRGEO051,GEO,2033,1.8595
KENYA,PWRGEO051,GEO,2034,1.8595
KENYA,PWRGEO051,GEO,2035,1.8595
KENYA,PWRGEO051,GEO,2036,1.8595
KENYA,PWRGEO051,GEO,2037,1.8595
KENYA,PWRGEO051,GEO,2038,1.8595
KENYA,PWRGEO051,GEO,2039,1.8595
KENYA,PWRGEO051,GEO,2040,1.8595
KENYA,PWRGEO051,GEO,2041,1.8595
KENYA,PWRGEO051,GEO,2042,1.8595
KENYA,PWRGEO051,GEO,2043,1.8595
KENYA,PWRGEO051,GEO,2044,1.8595
KENYA,PWRGEO051,GEO,2045,1.8595
KENYA,PWRGEO051,GEO,2046,1.8595
KENYA,PWRGEO051,GEO,2047,1.8595
KENYA,PWRGEO051,GEO,2048,1.8595
KENYA,PWRGEO051,GEO,2049,1.8594
KENYA,PWRGEO051,GEO,2050,1.8595
KENYA,PWRGEO101,GEO,2026,0.8855
KENYA,PWRGEO101,GEO,2027,1.892
KENYA,PWRGEO101,GEO,2028,3.0367
KENYA,PWRGEO101,GEO,2029,4.3383
KENYA,PWRGEO101,GEO,2030,5.8179
KENYA,PWRGEO101,GEO,2031,7.5002
KENYA,PWRGEO101,GEO,2032,9.4132
KENYA,PWRGEO101,GEO,2033,11.5883
KENYA,PWRGEO101,GEO,2034,14.0612
KENYA,PWRGEO101,GEO,2035,16.873
KENYA,PWRGEO101,GEO,2036,20.0699
KENYA,PWRGEO101,GEO,2037,23.7049
KENYA,PWRGEO101,GEO,2038,27.8379
KENYA,PWRGEO101,GEO,2039,32.5373
KENYA,PWRGEO101,GEO,2040,37.8801
KENYA,PWRGEO101,GEO,2041,43.9551
KENYA,PWRGEO101,GEO,2042,50.8623
KENYA,PWRGEO101,GEO,2043,58.7159
KENYA,PWRGEO101,GEO,2044,67.6454
KENYA,PWRGEO101,GEO,2045,77.7981
KENYA,PWRGEO101,GEO,2046,89.342
KENYA,PWRGEO101,GEO,2047,102.4672
KENYA,PWRGEO101,GEO,2048,113.8656
KENYA,PWRGEO101,GEO,2049,113.8656
KENYA,PWRGEO101,GEO,2050,113.8656
KENYA,PWRGEO102,GEO,2026,13.2809
KENYA,PWRGEO102,GEO,2027,15.0517
KENYA,PWRGEO102,GEO,2028,16.8224
KENYA,PWRGEO102,GEO,2029,18.5934
KENYA,PWRGEO102,GEO,2030,20.3642
KENYA,PWRGEO102,GEO,2031,24.3484
KENYA,PWRGEO102,GEO,2032,27.2702
KENYA,PWRGEO102,GEO,2033,30.1921
KENYA,PWRGEO102,GEO,2034,33.1139
KENYA,PWRGEO102,GEO,2035,37.0094
KENYA,PWRGEO102,GEO,2036,40.9052
KENYA,PWRGEO102,GEO,2037,45.775
KENYA,PWRGEO102,GEO,2038,49.6707
KENYA,PWRGEO102,GEO,2039,55.5144
KENYA,PWRGEO102,GEO,2040,61.3578
KENYA,PWRGEO102,GEO,2041,67.2015
KENYA,PWRGEO102,GEO,2042,74.9931
KENYA,PWRGEO102,GEO,2043,82.7847
KENYA,PWRGEO102,GEO,2044,91.5499
KENYA,PWRGEO102,GEO,2045,101.2894
KENYA,PWRGEO102,GEO,2046,112.0025
KENYA,PWRGEO102,GEO,2047,123.6899
KENYA,PWRGEO102,GEO,2048,136.3509
KENYA,PWRGEO102,GEO,2049,150.9601
KENYA,PWRGEO102,GEO,2050,166.543
KENYA,PWRHFO002,HFONAI,2020,0.0205
KENYA,PWRHFO002,HFONAI,2021,0.0489
KENYA,PWRHFO002,HFONAI,2030,1.0687
KENYA,PWRHFO002,HFONAI,2031,1.0175
KENYA,PWRHFO002,HFONAI,2032,1.1195
KENYA,PWRHFO002,HFONAI,2033,1.1195
KENYA,PWRHFO002,HFONAI,2034,1.1195
KENYA,PWRHFO003,HFOMOM,2019,1.3561
KENYA,PWRHFO003,HFOMOM,2020,1.5381
KENYA,PWRHFO003,HFOMOM,2021,1.3838
KENYA,PWRHFO003,HFOMOM,2022,0.6395
KENYA,PWRHFO003,HFOMOM,2023,0.6592
KENYA,PWRHFO003,HFOMOM,2024,1.0088
KENYA,PWRHFO004,HFOMOM,2019,4.7517
KENYA,PWRHFO004,HFOMOM,2020,5.9515
KENYA,PWRHFO004,HFOMOM,2021,6.0127
KENYA,PWRHFO004,HFOMOM,2022,1.8192
KENYA,PWRHFO004,HFOMOM,2023,1.8666
KENYA,PWRHFO004,HFOMOM,2024,2.314
KENYA,PWRHFO004,HFOMOM,2025,2.0391
KENYA,PWRHFO004,HFOMOM,2026,0.2122
KENYA,PWRHFO004,HFOMOM,2027,2.0615
KENYA,PWRHFO004,HFOMOM,2028,2.1868
KENYA,PWRHFO004,HFOMOM,2029,2.1868
KENYA,PWRHFO004,HFOMOM,2030,2.2908
KENYA,PWRHFO005,HFOMOM,2019,1.2896
KENYA,PWRHFO005,HFOMOM,2020,1.4599
KENYA,PWRHFO005,HFOMOM,2021,1.5285
KENYA,PWRHFO005,HFOMOM,2022,0.3468
KENYA,PWRHFO005,HFOMOM,2023,0.4249
KENYA,PWRHFO005,HFOMOM,2024,0.9291
KENYA,PWRHFO005,HFOMOM,2025,0.9763
KENYA,PWRHFO006,HFOMOM,2019,5.9465
KENYA,PWRHFO006,HFOMOM,2020,5.9465
KENYA,PWRHFO006,HFOMOM,2021,5.9465
KENYA,PWRHFO006,HFOMOM,2022,1.8422
KENYA,PWRHFO006,HFOMOM,2023,1.8292
KENYA,PWRHFO006,HFOMOM,2024,2.0973
KENYA,PWRHFO006,HFOMOM,2025,1.8081
KENYA,PWRHFO006,HFOMOM,2026,0.9006
KENYA,PWRHFO006,HFOMOM,2027,1.6917
KENYA,PWRHFO006,HFOMOM,2028,1.6917
KENYA,PWRHFO006,HFOMOM,2029,1.6917
KENYA,PWRHFO007,HFONAI,2019,0.4974
KENYA,PWRHFO007,HFONAI,2020,0.9594
KENYA,PWRHFO007,HFONAI,2021,0.928
KENYA,PWRHFO007,HFONAI,2022,0.1025
KENYA,PWRHFO007,HFONAI,2023,0.0674
KENYA,PWRHFO007,HFONAI,2024,0.2559
KENYA,PWRHFO007,HFONAI,2025,0.3614
KENYA,PWRHFO007,HFONAI,2026,0.0214
KENYA,PWRHFO007,HFONAI,2027,0.4835
KENYA,PWRHFO007,HFONAI,2028,1.0974
KENYA,PWRHFO007,HFONAI,2029,1.1329
KENYA,PWRHFO007,HFONAI,2030,1.6132
KENYA,PWRHFO007,HFONAI,2031,1.6656
KENYA,PWRHFO007,HFONAI,2032,3.3009
KENYA,PWRHFO007,HFONAI,2033,5.9401
KENYA,PWRHFO008,HFONAI,2019,0.0991
KENYA,PWRHFO008,HFONAI,2020,0.1796
KENYA,PWRHFO008,HFONAI,2021,0.19
KENYA,PWRHFO008,HFONAI,2024,0.0444
KENYA,PWRHFO008,HFONAI,2025,0.0402
KENYA,PWRHFO008,HFONAI,2027,0.0483
KENYA,PWRHFO008,HFONAI,2028,0.1733
KENYA,PWRHFO008,HFONAI,2029,0.1733
KENYA,PWRHFO008,HFONAI,2030,1.5713
KENYA,PWRHFO008,HFONAI,2031,1.5713
KENYA,PWRHFO008,HFONAI,2032,1.646
KENYA,PWRHFO008,HFONAI,2033,1.646
KENYA,PWRHFO009,HFONAI,2019,0.7405
KENYA,PWRHFO009,HFONAI,2020,0.6416
KENYA,PWRHFO009,HFONAI,2021,0.8251
KENYA,PWRHFO009,HFONAI,2022,0.052
KENYA,PWRHFO009,HFONAI,2023,0.1312
KENYA,PWRHFO009,HFONAI,2024,0.4452
KENYA,PWRHFO009,HFONAI,2025,0.2267
KENYA,PWRHFO009,HFONAI,2027,0.5503
KENYA,PWRHFO009,HFONAI,2028,0.9929
KENYA,PWRHFO009,HFONAI,2029,1.064
KENYA,PWRHFO009,HFONAI,2030,1.539
KENYA,PWRHFO009,HFONAI,2031,1.539
KENYA,PWRHFO009,HFONAI,2032,3.8594
KENYA,PWRHFO009,HFONAI,2033,5.6671
KENYA,PWRHFO009,HFONAI,2034,1.7955
KENYA,PWRHFO009,HFONAI,2035,3.4198
KENYA,PWRHYD001,HYD,2019,0.3154
KENYA,PWRHYD001,HYD,2020,0.3154
KENYA,PWRHYD001,HYD,2021,0.3154
KENYA,PWRHYD001,HYD,2022,0.3154
KENYA,PWRHYD001,HYD,2023,0.3154
KENYA,PWRHYD001,HYD,2024,0.3154
KENYA,PWRHYD001,HYD,2025,0.3154
KENYA,PWRHYD001,HYD,2026,0.3154
KENYA,PWRHYD001,HYD,2027,0.3154
KENYA,PWRHYD001,HYD,2028,0.3154
KENYA,PWRHYD001,HYD,2029,0.3154
KENYA,PWRHYD001,HYD,2030,0.3154
KENYA,PWRHYD001,HYD,2031,0.3154
KENYA,PWRHYD001,HYD,2032,0.3154
KENYA,PWRHYD001,HYD,2033,0.3154
KENYA,PWRHYD001,HYD,2034,0.3154
KENYA,PWRHYD001,HYD,2035,0.3154
KENYA,PWRHYD001,HYD,2036,0.3154
KENYA,PWRHYD001,HYD,2037,0.3154
KENYA,PWRHYD001,HYD,2038,0.3154
KENYA,PWRHYD001,HYD,2039,0.3154
KENYA,PWRHYD001,HYD,2040,0.3154
KENYA,PWRHYD001,HYD,2041,0.3154
KENYA,PWRHYD001,HYD,2042,0.3154
KENYA,PWRHYD001,HYD,2043,0.3154
KENYA,PWRHYD001,HYD,2044,0.3154
KENYA,PWRHYD001,HYD,2045,0.3154
KENYA,PWRHYD001,HYD,2046,0.3154
KENYA,PWRHYD001,HYD,2047,0.3154
KENYA,PWRHYD001,HYD,2048,0.3154
KENYA,PWRHYD001,HYD,2049,0.3154
KENYA,PWRHYD001,HYD,2050,0.3154
KENYA,PWRHYD002,HYD,2019,0.4723
KENYA,PWRHYD002,HYD,2020,0.4723
KENYA,PWRHYD002,HYD,2021,0.4723
KENYA,PWRHYD002,HYD,2022,0.4723
KENYA,PWRHYD002,HYD,2023,0.4723
KENYA,PWRHYD002,HYD,2024,0.4723
KENYA,PWRHYD002,HYD,2025,0.4723
KENYA,PWRHYD002,HYD,2026,0.4723
KENYA,PWRHYD002,HYD,2027,0.4723
KENYA,PWRHYD002,HYD,2028,0.4723
KENYA,PWRHYD002,HYD,2029,0.4723
KENYA,PWRHYD002,HYD,2030,0.4723
KENYA,PWRHYD002,HYD,2031,0.4723
KENYA,PWRHYD002,HYD,2032,0.4723
KENYA,PWRHYD002,HYD,2033,0.4723
KENYA,PWRHYD002,HYD,2034,0.4723
KENYA,PWRHYD002,HYD,2035,0.4723
KENYA,PWRHYD002,HYD,2036,0.4723
KENYA,PWRHYD002,HYD,2037,0.4723
KENYA,PWRHYD002,HYD,2038,0.4723
KENYA,PWRHYD002,HYD,2039,0.4723
KENYA,PWRHYD002,HYD,2040,0.4723
KENYA,PWRHYD002,HYD,2041,0.4723
KENYA,PWRHYD002,HYD,2042,0.4723
KENYA,PWRHYD002,HYD,2043,0.4723
KENYA,PWRHYD002,HYD,2044,0.4723
KENYA,PWRHYD002,HYD,2045,0.4723
KENYA,PWRHYD002,HYD,2046,0.4723
KENYA,PWRHYD002,HYD,2047,0.4723
KENYA,PWRHYD002,HYD,2048,0.4723
KENYA,PWRHYD002,HYD,2049,0.4723
KENYA,PWRHYD002,HYD,2050,0.4723
KENYA,PWRHYD003,HYD,2019,1.3129
KENYA,PWRHYD003,HYD,2020,1.3129
KENYA,PWRHYD003,HYD,2021,1.3129
KENYA,PWRHYD003,HYD,2022,1.3129
KENYA,PWRHYD003,HYD,2023,1.3129
KENYA,PWRHYD003,HYD,2024,1.3129
KENYA,PWRHYD003,HYD,2025,1.3129
KENYA,PWRHYD003,HYD,2026,1.3129
KENYA,PWRHYD003,HYD,2027,1.3129
KENYA,PWRHYD003,HYD,2028,1.3129
KENYA,PWRHYD003,HYD,2029,1.3129
KENYA,PWRHYD003,HYD,2030,1.3129
KENYA,PWRHYD003,HYD,2031,1.3129
KENYA,PWRHYD003,HYD,2032,1.3129
KENYA,PWRHYD003,HYD,2033,1.3129
KENYA,PWRHYD003,HYD,2034,1.3129
KENYA,PWRHYD003,HYD,2035,1.3129
KENYA,PWRHYD003,HYD,2036,1.3129
KENYA,PWRHYD003,HYD,2037,1.3129
KENYA,PWRHYD003,HYD,2038,1.3129
KENYA,PWRHYD003,HYD,2039,1.3129
KENYA,PWRHYD003,HYD,2040,1.3129
KENYA,PWRHYD003,HYD,2041,1.3129
KENYA,PWRHYD003,HYD,2042,1.3129
KENYA,PWRHYD003,HYD,2043,1.3129
KENYA,PWRHYD003,HYD,2044,1.3129
KENYA,PWRHYD003,HYD,2045,1.3129
KENYA,PWRHYD003,HYD,2046,1.3129
KENYA,PWRHYD003,HYD,2047,1.3129
KENYA,PWRHYD003,HYD,2048,1.3129
KENYA,PWRHYD003,HYD,2049,1.3129
KENYA,PWRHYD003,HYD,2050,1.3129
KENYA,PWRHYD004,HYD,2019,2.6352
KENYA,PWRHYD004,HYD,2020,2.6352
KENYA,PWRHYD004,HYD,2021,2.6352
KENYA,PWRHYD004,HYD,2022,2.6352
KENYA,PWRHYD004,HYD,2023,2.6351
KENYA,PWRHYD004,HYD,2024,2.6352
KENYA,PWRHYD004,HYD,2025,2.6352
KENYA,PWRHYD004,HYD,2026,2.6352
KENYA,PWRHYD004,HYD,2027,2.6352
KENYA,PWRHYD004,HYD,2028,2.6351
KENYA,PWRHYD004,HYD,2029,2.6352
KENYA,PWRHYD004,HYD,2030,2.6352
KENYA,PWRHYD004,HYD,2031,2.6352
KENYA,PWRHYD004,HYD,2032,2.6352
KENYA,PWRHYD004,HYD,2033,2.6352
KENYA,PWRHYD004,HYD,2034,2.6352
KENYA,PWRHYD004,HYD,2035,2.6352
KENYA,PWRHYD004,HYD,2036,2.6352
KENYA,PWRHYD004,HYD,2037,2.6352
KENYA,PWRHYD004,HYD,2038,2.6352
KENYA,PWRHYD004,HYD,2039,2.6352
KENYA,PWRHYD004,HYD,2040,2.6352
KENYA,PWRHYD004,HYD,2041,2.6352
KENYA,PWRHYD004,HYD,2042,2.6352
KENYA,PWRHYD004,HYD,2043,2.6352
KENYA,PWRHYD004,HYD,2044,2.6352
KENYA,PWRHYD004,HYD,2045,2.6352
KENYA,PWRHYD004,HYD,2046,2.6352
KENYA,PWRHYD004,HYD,2047,2.6352
KENYA,PWRHYD004,HYD,2048,2.6352
KENYA,PWRHYD004,HYD,2049,2.6352
KENYA,PWRHYD004,HYD,2050,2.6352
KENYA,PWRHYD005,HYD,2019,0.5888
KENYA,PWRHYD005,HYD,2020,0.5888
KENYA,PWRHYD005,HYD,2021,0.5888
KENYA,PWRHYD005,HYD,2022,0.5888
KENYA,PWRHYD005,HYD,2023,0.5888
KENYA,PWRHYD005,HYD,2024,0.5888
KENYA,PWRHYD005,HYD,2025,0.5888
KENYA,PWRHYD005,HYD,2026,0.5888
KENYA,PWRHYD005,HYD,2027,0.5888
KENYA,PWRHYD005,HYD,2028,0.5888
KENYA,PWRHYD005,HYD,2029,0.5888
KENYA,PWRHYD005,HYD,2030,0.5888
KENYA,PWRHYD005,HYD,2031,0.5888
KENYA,PWRHYD005,HYD,2032,0.5888
KENYA,PWRHYD005,HYD,2033,0.5888
KENYA,PWRHYD005,HYD,2034,0.5888
KENYA,PWRHYD005,HYD,2035,0.5888
KENYA,PWRHYD005,HYD,2036,0.5888
KENYA,PWRHYD005,HYD,2037,0.5888
KENYA,PWRHYD005,HYD,2038,0.5888
KENYA,PWRHYD005,HYD,2039,0.5888
KENYA,PWRHYD005,HYD,2040,0.5888
KENYA,PWRHYD005,HYD,2041,0.5888
KENYA,PWRHYD005,HYD,2042,0.5888
KENYA,PWRHYD005,HYD,2043,0.5888
KENYA,PWRHYD005,HYD,2044,0.5888
KENYA,PWRHYD005,HYD,2045,0.5888
KENYA,PWRHYD005,HYD,2046,0.5888
KENYA,PWRHYD005,HYD,2047,0.5888
KENYA,PWRHYD005,HYD,2048,0.5888
KENYA,PWRHYD005,HYD,2049,0.5888
KENYA,PWRHYD005,HYD,2050,0.5888
KENYA,PWRHYD006,HYD,2019,3.0107
KENYA,PWRHYD006,HYD,2020,3.0107
KENYA,PWRHYD006,HYD,2021,3.0107
KENYA,PWRHYD006,HYD,2022,3.0107
KENYA,PWRHYD006,HYD,2023,3.0107
KENYA,PWRHYD006,HYD,2024,3.0107
KENYA,PWRHYD006,HYD,2025,3.0107
KENYA,PWRHYD006,HYD,2026,3.0107
KENYA,PWRHYD006,HYD,2027,3.0107
KENYA,PWRHYD006,HYD,2028,3.0107
KENYA,PWRHYD006,HYD,2029,3.0107
KENYA,PWRHYD006,HYD,2030,3.0107
KENYA,PWRHYD006,HYD,2031,3.0107
KENYA,PWRHYD006,HYD,2032,3.0107
KENYA,PWRHYD006,HYD,2033,3.0107
KENYA,PWRHYD006,HYD,2034,3.0107
KENYA,PWRHYD006,HYD,2035,3.0107
KENYA,PWRHYD006,HYD,2036,3.0107
KENYA,PWRHYD006,HYD,2037,3.0107
KENYA,PWRHYD006,HYD,2038,3.0107
KENYA,PWRHYD006,HYD,2039,3.0107
KENYA,PWRHYD006,HYD,2040,3.0107
KENYA,PWRHYD006,HYD,2041,3.0107
KENYA,PWRHYD006,HYD,2042,3.0107
KENYA,PWRHYD006,HYD,2043,3.0107
KENYA,PWRHYD006,HYD,2044,3.0107
KENYA,PWRHYD006,HYD,2045,3.0107
KENYA,PWRHYD006,HYD,2046,3.0107
KENYA,PWRHYD006,HYD,2047,3.0107
KENYA,PWRHYD006,HYD,2048,3.0107
KENYA,PWRHYD006,HYD,2049,3.0107
KENYA,PWRHYD006,HYD,2050,3.0107
KENYA,PWRHYD007,HYD,2019,1.7487
KENYA,PWRHYD007,HYD,2020,1.7487
KENYA,PWRHYD007,HYD,2021,1.7487
KENYA,PWRHYD007,HYD,2022,1.7487
KENYA,PWRHYD007,HYD,2023,1.7487
KENYA,PWRHYD007,HYD,2024,1.7487
KENYA,PWRHYD007,HYD,2025,1.7487
KENYA,PWRHYD007,HYD,2026,1.7487
KENYA,PWRHYD007,HYD,2027,1.7487
KENYA,PWRHYD007,HYD,2028,1.7487
KENYA,PWRHYD007,HYD,2029,1.7487
KENYA,PWRHYD007,HYD,2030,1.7487
KENYA,PWRHYD007,HYD,2031,1.7487
KENYA,PWRHYD007,HYD,2032,1.7487
KENYA,PWRHYD007,HYD,2033,1.7487
KENYA,PWRHYD007,HYD,2034,1.7487
KENYA,PWRHYD007,HYD,2035,1.7487
KENYA,PWRHYD007,HYD,2036,1.7487
KENYA,PWRHYD007,HYD,2037,1.7487
KENYA,PWRHYD007,HYD,2038,1.7487
KENYA,PWRHYD007,HYD,2039,1.7487
KENYA,PWRHYD007,HYD,2040,1.7487
KENYA,PWRHYD007,HYD,2041,1.7487
KENYA,PWRHYD007,HYD,2042,1.7487
KENYA,PWRHYD007,HYD,2043,1.7487
KENYA,PWRHYD007,HYD,2044,1.7487
KENYA,PWRHYD007,HYD,2045,1.7487
KENYA,PWRHYD007,HYD,2046,1.7487
KENYA,PWRHYD007,HYD,2047,1.7487
KENYA,PWRHYD007,HYD,2048,1.7487
KENYA,PWRHYD007,HYD,2049,1.7487
KENYA,PWRHYD007,HYD,2050,1.7487
KENYA,PWRHYD008,HYD,2019,1.2819
KENYA,PWRHYD008,HYD,2020,1.2819
KENYA,PWRHYD008,HYD,2021,1.2819
KENYA,PWRHYD008,HYD,2022,1.2819
KENYA,PWRHYD008,HYD,2023,1.2819
KENYA,PWRHYD008,HYD,2024,1.2819
KENYA,PWRHYD008,HYD,2025,1.2819
KENYA,PWRHYD008,HYD,2026,1.2819
KENYA,PWRHYD008,HYD,2027,1.2819
KENYA,PWRHYD008,HYD,2028,1.2819
KENYA,PWRHYD008,HYD,2029,1.2819
KENYA,PWRHYD008,HYD,2030,1.2819
KENYA,PWRHYD008,HYD,2031,1.2819
KENYA,PWRHYD008,HYD,2032,1.2819
KENYA,PWRHYD008,HYD,2033,1.2819
KENYA,PWRHYD008,HYD,2034,1.2819
KENYA,PWRHYD008,HYD,2035,1.2819
KENYA,PWRHYD008,HYD,2036,1.2819
KENYA,PWRHYD008,HYD,2037,1.2819
KENYA,PWRHYD008,HYD,2038,1.2819
KENYA,PWRHYD008,HYD,2039,1.2819
KENYA,PWRHYD008,HYD,2040,1.2819
KENYA,PWRHYD008,HYD,2041,1.2819
KENYA,PWRHYD009,HYD,2019,0.4125
KENYA,PWRHYD009,HYD,2020,0.4125
KENYA,PWRHYD009,HYD,2021,0.4125
KENYA,PWRHYD009,HYD,2022,0.4125
KENYA,PWRHYD009,HYD,2023,0.4125
KENYA,PWRHYD009,HYD,2024,0.4125
KENYA,PWRHYD009,HYD,2025,0.4125
KENYA,PWRHYD009,HYD,2026,0.4125
KENYA,PWRHYD009,HYD,2027,0.4125
KENYA,PWRHYD009,HYD,2028,0.4125
KENYA,PWRHYD009,HYD,2029,0.4125
KENYA,PWRHYD009,HYD,2030,0.4125
KENYA,PWRHYD009,HYD,2031,0.4125
KENYA,PWRHYD009,HYD,2032,0.4125
KENYA,PWRHYD009,HYD,2033,0.4125
KENYA,PWRHYD009,HYD,2034,0.4125
KENYA,PWRHYD009,HYD,2035,0.4125
KENYA,PWRHYD009,HYD,2036,0.4125
KENYA,PWRHYD009,HYD,2037,0.4125
KENYA,PWRHYD009,HYD,2038,0.4125
KENYA,PWRHYD009,HYD,2039,0.4125
KENYA,PWRHYD009,HYD,2040,0.4125
KENYA,PWRHYD009,HYD,2041,0.4125
KENYA,PWRHYD015,HYD,2033,1.2064
KENYA,PWRHYD015,HYD,2034,1.2064
KENYA,PWRHYD015,HYD,2035,1.2064
KENYA,PWRHYD015,HYD,2036,1.2064
KENYA,PWRHYD015,HYD,2037,1.2064
KENYA,PWRHYD015,HYD,2038,1.2064
KENYA,PWRHYD015,HYD,2039,1.2064
KENYA,PWRHYD015,HYD,2040,1.2064
KENYA,PWRHYD015,HYD,2041,1.2064
KENYA,PWRHYD015,HYD,2042,1.2064
KENYA,PWRHYD015,HYD,2043,1.2064
KENYA,PWRHYD015,HYD,2044,1.2064
KENYA,PWRHYD015,HYD,2045,1.2064
KENYA,PWRHYD015,HYD,2046,1.2064
KENYA,PWRHYD015,HYD,2047,1.2064
KENYA,PWRHYD015,HYD,2048,1.2064
KENYA,PWRHYD015,HYD,2049,1.2064
KENYA,PWRHYD015,HYD,2050,1.2064
KENYA,PWRHYD016,HYD,2019,0.2592
KENYA,PWRHYD016,HYD,2020,0.2592
KENYA,PWRHYD016,HYD,2021,0.2592
KENYA,PWRHYD016,HYD,2022,0.2592
KENYA,PWRHYD016,HYD,2023,0.3563
KENYA,PWRHYD016,HYD,2024,0.3895
KENYA,PWRHYD016,HYD,2025,0.3935
KENYA,PWRHYD016,HYD,2026,0.7232
KENYA,PWRHYD016,HYD,2027,0.8694
KENYA,PWRHYD016,HYD,2028,0.9106
KENYA,PWRHYD016,HYD,2029,1.009
KENYA,PWRHYD016,HYD,2030,1.4955
KENYA,PWRHYD016,HYD,2031,1.8691
KENYA,PWRHYD016,HYD,2032,2.111
KENYA,PWRHYD016,HYD,2033,2.5391
KENYA,PWRHYD016,HYD,2034,2.8728
KENYA,PWRHYD016,HYD,2035,3.2942
KENYA,PWRHYD016,HYD,2036,3.6651
KENYA,PWRHYD016,HYD,2037,3.7129
KENYA,PWRHYD016,HYD,2038,3.7648
KENYA,PWRHYD016,HYD,2039,3.8206
KENYA,PWRHYD016,HYD,2040,3.8831
KENYA,PWRHYD016,HYD,2041,3.9509
KENYA,PWRHYD016,HYD,2042,4.0254
KENYA,PWRHYD016,HYD,2043,4.1064
KENYA,PWRHYD016,HYD,2044,4.1942
KENYA,PWRHYD016,HYD,2045,4.2912
KENYA,PWRHYD016,HYD,2046,4.3976
KENYA,PWRHYD016,HYD,2047,4.5132
KENYA,PWRHYD016,HYD,2048,4.6395
KENYA,PWRHYD016,HYD,2049,4.7777
KENYA,PWRHYD016,HYD,2050,4.9293
KENYA,PWRHYD101,HYD,2021,0.1329
KENYA,PWRHYD101,HYD,2022,0.285
KENYA,PWRHYD101,HYD,2023,0.4588
KENYA,PWRHYD101,HYD,2024,0.6576
KENYA,PWRHYD101,HYD,2025,0.8849
KENYA,PWRHYD101,HYD,2026,1.1447
KENYA,PWRHYD101,HYD,2027,1.442
KENYA,PWRHYD101,HYD,2028,1.7818
KENYA,PWRHYD101,HYD,2029,2.1705
KENYA,PWRHYD101,HYD,2030,2.6148
KENYA,PWRHYD101,HYD,2031,3.123
KENYA,PWRHYD101,HYD,2032,3.7041
KENYA,PWRHYD101,HYD,2033,4.3686
KENYA,PWRHYD101,HYD,2034,5.1284
KENYA,PWRHYD101,HYD,2035,5.9973
KENYA,PWRHYD101,HYD,2036,6.9908
KENYA,PWRHYD101,HYD,2037,8.1269
KENYA,PWRHYD101,HYD,2038,9.4261
KENYA,PWRHYD101,HYD,2039,9.4261
KENYA,PWRHYD101,HYD,2040,9.4261
KENYA,PWRHYD101,HYD,2041,9.4261
KENYA,PWRHYD101,HYD,2042,9.4261
KENYA,PWRHYD101,HYD,2043,9.4261
KENYA,PWRHYD101,HYD,2044,9.4261
KENYA,PWRHYD101,HYD,2045,9.4261
KENYA,PWRHYD101,HYD,2046,9.4261
KENYA,PWRHYD101,HYD,2047,9.4261
KENYA,PWRHYD101,HYD,2048,9.4261
KENYA,PWRHYD101,HYD,2049,9.4261
KENYA,PWRHYD101,HYD,2050,9.4261
KENYA,PWRNGS002,NGS,2031,2.96
KENYA,PWRNGS002,NGS,2032,6.6418
KENYA,PWRNGS002,NGS,2033,7.6229
KENYA,PWRNGS002,NGS,2034,16.0888
KENYA,PWRNGS002,NGS,2035,21.9173
KENYA,PWRNGS002,NGS,2036,10.9882
KENYA,PWRNGS002,NGS,2037,12.8459
KENYA,PWRNGS002,NGS,2038,21.9173
KENYA,PWRNGS002,NGS,2039,8.8251
KENYA,PWRNGS002,NGS,2040,5.9713
KENYA,PWRNGS002,NGS,2041,6.5665
KENYA,PWRNGS002,NGS,2042,5.929
KENYA,PWRNGS002,NGS,2043,6.1525
KENYA,PWRNGS002,NGS,2044,6.8618
KENYA,PWRNGS002,NGS,2045,6.5579
KENYA,PWRNGS002,NGS,2046,6.9067
KENYA,PWRNGS002,NGS,2047,7.0511
KENYA,PWRNGS002,NGS,2048,6.6652
KENYA,PWRNGS002,NGS,2049,6.956
KENYA,PWRNGS002,NGS,2050,6.593
KENYA,PWRNGS003,NGS,2041,6.422
KENYA,PWRNGS003,NGS,2042,6.3033
KENYA,PWRNGS003,NGS,2043,6.4417
KENYA,PWRNGS003,NGS,2044,6.1631
KENYA,PWRNGS003,NGS,2045,7.7152
KENYA,PWRNGS003,NGS,2046,7.3074
KENYA,PWRNGS003,NGS,2047,7.2147
KENYA,PWRNGS003,NGS,2048,7.2576
KENYA,PWRNGS003,NGS,2049,6.3117
KENYA,PWRNGS003,NGS,2050,7.051
KENYA,PWRNGS004,NGS,2030,1.4287
KENYA,PWRNGS004,NGS,2031,1.0302
KENYA,PWRNGS004,NGS,2032,1.2201
KENYA,PWRNGS004,NGS,2033,4.1502
KENYA,PWRNGS004,NGS,2034,4.2919
KENYA,PWRNGS004,NGS,2035,4.6195
KENYA,PWRNGS004,NGS,2036,4.5964
KENYA,PWRNGS004,NGS,2037,4.6572
KENYA,PWRNGS004,NGS,2038,4.8932
KENYA,PWRNGS004,NGS,2039,4.6711
KENYA,PWRNGS004,NGS,2040,4.6711
KENYA,PWRNGS004,NGS,2041,4.6711
KENYA,PWRNGS004,NGS,2042,4.6711
KENYA,PWRNGS004,NGS,2043,4.6711
KENYA,PWRNGS004,NGS,2044,4.6711
KENYA,PWRNGS004,NGS,2045,4.6711
KENYA,PWRNGS004,NGS,2046,4.6711
KENYA,PWRNGS004,NGS,2047,4.6711
KENYA,PWRNGS004,NGS,2048,4.6711
KENYA,PWRNGS004,NGS,2049,4.6711
KENYA,PWRNGS004,NGS,2050,4.6711
KENYA,PWRNGS005,NGS,2033,0.269
KENYA,PWRNGS005,NGS,2034,1.3616
KENYA,PWRNGS005,NGS,2035,1.4611
KENYA,PWRNGS005,NGS,2036,1.5035
KENYA,PWRNGS005,NGS,2037,1.5993
KENYA,PWRNGS005,NGS,2038,1.5752
KENYA,PWRNGS005,NGS,2039,0.6695
KENYA,PWRNGS005,NGS,2040,0.805
KENYA,PWRNGS005,NGS,2041,1.5426
KENYA,PWRNGS005,NGS,2042,0.8191
KENYA,PWRNGS005,NGS,2043,2.0372
KENYA,PWRNGS005,NGS,2044,1.5851
KENYA,PWRNGS005,NGS,2045,2.1279
KENYA,PWRNGS005,NGS,2046,1.3184
KENYA,PWRNGS005,NGS,2047,1.6312
KENYA,PWRNGS005,NGS,2048,1.5966
KENYA,PWRNGS005,NGS,2049,1.3664
KENYA,PWRNGS005,NGS,2050,1.2209
KENYA,PWRNGS006,NGS,2034,0.6589
KENYA,PWRNGS006,NGS,2035,1.1888
KENYA,PWRNGS006,NGS,2036,0.9543
KENYA,PWRNGS006,NGS,2037,1.5941
KENYA,PWRNGS006,NGS,2038,1.7554
KENYA,PWRNGS006,NGS,2039,1.4895
KENYA,PWRNGS006,NGS,2040,0.5774
KENYA,PWRNGS006,NGS,2041,1.4443
KENYA,PWRNGS006,NGS,2042,1.4499
KENYA,PWRNGS006,NGS,2043,1.7406
KENYA,PWRNGS006,NGS,2044,1.7613
KENYA,PWRNGS006,NGS,2045,1.4018
KENYA,PWRNGS006,NGS,2046,1.8278
KENYA,PWRNGS006,NGS,2047,1.4549
KENYA,PWRNGS006,NGS,2048,1.5258
KENYA,PWRNGS006,NGS,2049,1.6666
KENYA,PWRNGS006,NGS,2050,1.0866
KENYA,PWRNGS009,NGS,2033,0.6137
KENYA,PWRNGS009,NGS,2034,1.8952
KENYA,PWRNGS009,NGS,2035,1.4121
KENYA,PWRNGS009,NGS,2036,1.96
KENYA,PWRNGS009,NGS,2037,2.23
KENYA,PWRNGS009,NGS,2038,3.7417
KENYA,PWRNGS009,NGS,2039,1.9111
KENYA,PWRNGS009,NGS,2040,1.528
KENYA,PWRNGS009,NGS,2041,2.6298
KENYA,PWRNGS009,NGS,2042,1.8995
KENYA,PWRNGS009,NGS,2043,2.7739
KENYA,PWRNGS009,NGS,2044,2.2568
KENYA,PWRNGS009,NGS,2045,2.5198
KENYA,PWRNGS009,NGS,2046,2.5198
KENYA,PWRNGS009,NGS,2047,2.6375
KENYA,PWRNGS009,NGS,2048,2.6701
KENYA,PWRNGS009,NGS,2049,2.5445
KENYA,PWRNGS010,NGS,2035,2.8558
KENYA,PWRNGS010,NGS,2036,1.7259
KENYA,PWRNGS010,NGS,2037,2.7619
KENYA,PWRNGS010,NGS,2038,2.8235
KENYA,PWRNGS010,NGS,2039,2.013
KENYA,PWRNGS010,NGS,2040,1.4461
KENYA,PWRNGS010,NGS,2041,3.0513
KENYA,PWRNGS010,NGS,2042,2.2161
KENYA,PWRNGS010,NGS,2043,3.1381
KENYA,PWRNGS010,NGS,2044,3.5069
KENYA,PWRNGS010,NGS,2045,2.8979
KENYA,PWRNGS010,NGS,2046,2.2799
KENYA,PWRNGS010,NGS,2047,2.8235
KENYA,PWRNGS010,NGS,2048,2.5895
KENYA,PWRNGS010,NGS,2049,2.8235
KENYA,PWRNGS010,NGS,2050,2.0363
KENYA,PWRNGS011,NGS,2034,2.0208
KENYA,PWRNGS011,NGS,2035,2.3606
KENYA,PWRNGS011,NGS,2036,2.1212
KENYA,PWRNGS011,NGS,2037,2.5732
KENYA,PWRNGS011,NGS,2038,3.4271
KENYA,PWRNGS011,NGS,2039,1.6739
KENYA,PWRNGS011,NGS,2040,2.1256
KENYA,PWRNGS011,NGS,2041,2.4937
KENYA,PWRNGS011,NGS,2042,2.1587
KENYA,PWRNGS011,NGS,2043,3.104
KENYA,PWRNGS011,NGS,2044,2.5895
KENYA,PWRNGS011,NGS,2045,2.3958
KENYA,PWRNGS011,NGS,2046,3.1985
KENYA,PWRNGS011,NGS,2047,2.9785
KENYA,PWRNGS011,NGS,2048,2.6995
KENYA,PWRNGS011,NGS,2049,2.2687
KENYA,PWRNGS011,NGS,2050,2.5383
KENYA,PWRNGS018,NGS,2033,0.1555
KENYA,PWRNGS018,NGS,2034,1.9046
KENYA,PWRNGS018,NGS,2035,6.831
KENYA,PWRNGS018,NGS,2036,5.5571
KENYA,PWRNGS018,NGS,2037,7.9756
KENYA,PWRNGS018,NGS,2038,14.7004
KENYA,PWRNGS018,NGS,2039,17.6161
KENYA,PWRNGS018,NGS,2040,16.8449
KENYA,PWRNGS018,NGS,2041,16.8489
KENYA,PWRNGS018,NGS,2042,20.6515
KENYA,PWRNGS018,NGS,2043,23.8866
KENYA,PWRNGS018,NGS,2044,30.063
KENYA,PWRNGS018,NGS,2045,38.3175
KENYA,PWRNGS018,NGS,2046,40.7035
KENYA,PWRNGS018,NGS,2047,40.4658
KENYA,PWRNGS018,NGS,2048,37.0503
KENYA,PWRNGS018,NGS,2049,33.2461
KENYA,PWRNGS018,NGS,2050,30.1659
KENYA,PWRPHS001,ELC001,2037,0.0392
KENYA,PWRPHS001,ELC001,2038,0.1407
KENYA,PWRPHS001,ELC001,2039,0.1407
KENYA,PWRPHS001,ELC001,2040,0.2453
KENYA,PWRPHS001,ELC001,2041,0.2453
KENYA,PWRPHS001,ELC001,2042,0.2453
KENYA,PWRPHS001,ELC001,2043,0.2453
KENYA,PWRPHS001,ELC001,2044,0.2453
KENYA,PWRPHS001,ELC001,2045,0.2453
KENYA,PWRPHS001,ELC001,2046,0.2453
KENYA,PWRPHS001,ELC001,2047,0.2453
KENYA,PWRPHS001,ELC001,2048,0.2453
KENYA,PWRPHS001,ELC001,2049,0.2453
KENYA,PWRPHS001,ELC001,2050,0.2453
KENYA,PWRPHS002,ELC001,2038,0.1504
KENYA,PWRPHS002,ELC001,2039,0.1504
KENYA,PWRPHS002,ELC001,2040,0.3619
KENYA,PWRPHS002,ELC001,2041,0.3619
KENYA,PWRPHS002,ELC001,2042,0.3619
KENYA,PWRPHS002,ELC001,2043,0.3619
KENYA,PWRPHS002,ELC001,2044,0.3619
KENYA,PWRPHS002,ELC001,2045,0.3619
KENYA,PWRPHS002,ELC001,2046,0.3619
KENYA,PWRPHS002,ELC001,2047,0.3619
KENYA,PWRPHS002,ELC001,2048,0.3619
KENYA,PWRPHS002,ELC001,2049,0.3619
KENYA,PWRPHS002,ELC001,2050,0.3619
KENYA,PWRSOL001,SOL,2019,0.3096
KENYA,PWRSOL001,SOL,2020,0.3096
KENYA,PWRSOL001,SOL,2021,0.3096
KENYA,PWRSOL001,SOL,2022,0.3096
KENYA,PWRSOL001,SOL,2023,0.3096
KENYA,PWRSOL001,SOL,2024,0.3096
KENYA,PWRSOL001,SOL,2025,0.3096
KENYA,PWRSOL001,SOL,2026,0.3096
KENYA,PWRSOL001,SOL,2027,0.3096
KENYA,PWRSOL001,SOL,2028,0.3096
KENYA,PWRSOL001,SOL,2029,0.3096
KENYA,PWRSOL001,SOL,2030,0.3096
KENYA,PWRSOL001,SOL,2031,0.3096
KENYA,PWRSOL001,SOL,2032,0.3096
KENYA,PWRSOL001,SOL,2033,0.3096
KENYA,PWRSOL001,SOL,2034,0.3096
KENYA,PWRSOL001,SOL,2035,0.3096
KENYA,PWRSOL001,SOL,2036,0.3096
KENYA,PWRSOL001,SOL,2037,0.3096
KENYA,PWRSOL002,SOL,2023,0.2477
KENYA,PWRSOL002,SOL,2024,0.2477
KENYA,PWRSOL002,SOL,2025,0.2477
KENYA,PWRSOL002,SOL,2026,0.2477
KENYA,PWRSOL002,SOL,2027,0.2477
KENYA,PWRSOL002,SOL,2028,0.2477
KENYA,PWRSOL002,SOL,2029,0.2477
KENYA,PWRSOL002,SOL,2030,0.2477
KENYA,PWRSOL002,SOL,2031,0.2477
KENYA,PWRSOL002,SOL,2032,0.2477
KENYA,PWRSOL002,SOL,2033,0.2477
KENYA,PWRSOL002,SOL,2034,0.2477
KENYA,PWRSOL002,SOL,2035,0.2477
KENYA,PWRSOL002,SOL,2036,0.2477
KENYA,PWRSOL002,SOL,2037,0.2477
KENYA,PWRSOL002,SOL,2038,0.2477
KENYA,PWRSOL002,SOL,2039,0.2477
KENYA,PWRSOL002,SOL,2040,0.2477
KENYA,PWRSOL002,SOL,2041,0.2477
KENYA,PWRSOL002,SOL,2042,0.2477
KENYA,PWRSOL003,SOL,2032,0.1858
KENYA,PWRSOL003,SOL,2033,0.1858
KENYA,PWRSOL003,SOL,2034,0.1858
KENYA,PWRSOL003,SOL,2035,0.1858
KENYA,PWRSOL003,SOL,2036,0.1858
KENYA,PWRSOL003,SOL,2037,0.1858
KENYA,PWRSOL003,SOL,2038,0.1858
KENYA,PWRSOL003,SOL,2039,0.1858
KENYA,PWRSOL003,SOL,2040,0.1858
KENYA,PWRSOL003,SOL,2041,0.1858
KENYA,PWRSOL003,SOL,2042,0.1858
KENYA,PWRSOL003,SOL,2043,0.1858
KENYA,PWRSOL003,SOL,2044,0.1858
KENYA,PWRSOL003,SOL,2045,0.1858
KENYA,PWRSOL003,SOL,2046,0.1858
KENYA,PWRSOL003,SOL,2047,0.1858
KENYA,PWRSOL003,SOL,2048,0.1858
KENYA,PWRSOL003,SOL,2049,0.1858
KENYA,PWRSOL003,SOL,2050,0.1858
KENYA,PWRSOL004,SOL,2032,0.2477
KENYA,PWRSOL004,SOL,2033,0.2477
KENYA,PWRSOL004,SOL,2034,0.2477
KENYA,PWRSOL004,SOL,2035,0.2477
KENYA,PWRSOL004,SOL,2036,0.2477
KENYA,PWRSOL004,SOL,2037,0.2477
KENYA,PWRSOL004,SOL,2038,0.2477
KENYA,PWRSOL004,SOL,2039,0.2477
KENYA,PWRSOL004,SOL,2040,0.2477
KENYA,PWRSOL004,SOL,2041,0.2477
KENYA,PWRSOL004,SOL,2042,0.2477
KENYA,PWRSOL004,SOL,2043,0.2477
KENYA,PWRSOL004,SOL,2044,0.2477
KENYA,PWRSOL004,SOL,2045,0.2477
KENYA,PWRSOL004,SOL,2046,0.2477
KENYA,PWRSOL004,SOL,2047,0.2477
KENYA,PWRSOL004,SOL,2048,0.2477
KENYA,PWRSOL004,SOL,2049,0.2477
KENYA,PWRSOL004,SOL,2050,0.2477
KENYA,PWRSOL005,SOL,2032,0.2477
KENYA,PWRSOL005,SOL,2033,0.2477
KENYA,PWRSOL005,SOL,2034,0.2477
KENYA,PWRSOL005,SOL,2035,0.2477
KENYA,PWRSOL005,SOL,2036,0.2477
KENYA,PWRSOL005,SOL,2037,0.2477
KENYA,PWRSOL005,SOL,2038,0.2477
KENYA,PWRSOL005,SOL,2039,0.2477
KENYA,PWRSOL005,SOL,2040,0.2477
KENYA,PWRSOL005,SOL,2041,0.2477
KENYA,PWRSOL005,SOL,2042,0.2477
KENYA,PWRSOL005,SOL,2043,0.2477
KENYA,PWRSOL005,SOL,2044,0.2477
KENYA,PWRSOL005,SOL,2045,0.2477
KENYA,PWRSOL005,SOL,2046,0.2477
KENYA,PWRSOL005,SOL,2047,0.2477
KENYA,PWRSOL005,SOL,2048,0.2477
KENYA,PWRSOL005,SOL,2049,0.2477
KENYA,PWRSOL005,SOL,2050,0.2477
KENYA,PWRSOL006,SOL,2023,0.0093
KENYA,PWRSOL006,SOL,2024,0.0093
KENYA,PWRSOL006,SOL,2025,0.0093
KENYA,PWRSOL006,SOL,2026,0.0093
KENYA,PWRSOL006,SOL,2027,0.0093
KENYA,PWRSOL006,SOL,2028,0.0093
KENYA,PWRSOL006,SOL,2029,0.0093
KENYA,PWRSOL006,SOL,2030,0.0093
KENYA,PWRSOL006,SOL,2031,0.0093
KENYA,PWRSOL006,SOL,2032,0.0093
KENYA,PWRSOL006,SOL,2033,0.0093
KENYA,PWRSOL006,SOL,2034,0.0093
KENYA,PWRSOL006,SOL,2035,0.0093
KENYA,PWRSOL006,SOL,2036,0.0093
KENYA,PWRSOL006,SOL,2037,0.0093
KENYA,PWRSOL006,SOL,2038,0.0093
KENYA,PWRSOL006,SOL,2039,0.0093
KENYA,PWRSOL006,SOL,2040,0.0093
KENYA,PWRSOL006,SOL,2041,0.0093
KENYA,PWRSOL006,SOL,2042,0.0093
KENYA,PWRSOL008,SOL,2022,0.2477
KENYA,PWRSOL008,SOL,2023,0.2477
KENYA,PWRSOL008,SOL,2024,0.2477
KENYA,PWRSOL008,SOL,2025,0.2477
KENYA,PWRSOL008,SOL,2026,0.2477
KENYA,PWRSOL008,SOL,2027,0.2477
KENYA,PWRSOL008,SOL,2028,0.2477
KENYA,PWRSOL008,SOL,2029,0.2477
KENYA,PWRSOL008,SOL,2030,0.2477
KENYA,PWRSOL008,SOL,2031,0.2477
KENYA,PWRSOL008,SOL,2032,0.2477
KENYA,PWRSOL008,SOL,2033,0.2477
KENYA,PWRSOL008,SOL,2034,0.2477
KENYA,PWRSOL008,SOL,2035,0.2477
KENYA,PWRSOL008,SOL,2036,0.2477
KENYA,PWRSOL008,SOL,2037,0.2477
KENYA,PWRSOL008,SOL,2038,0.2477
KENYA,PWRSOL008,SOL,2039,0.2477
KENYA,PWRSOL008,SOL,2040,0.2477
KENYA,PWRSOL008,SOL,2041,0.2477
KENYA,PWRSOL009,SOL,2026,0.2477
KENYA,PWRSOL009,SOL,2027,0.2477
KENYA,PWRSOL009,SOL,2028,0.2477
KENYA,PWRSOL009,SOL,2029,0.2477
KENYA,PWRSOL009,SOL,2030,0.2477
KENYA,PWRSOL009,SOL,2031,0.2477
KENYA,PWRSOL009,SOL,2032,0.2477
KENYA,PWRSOL009,SOL,2033,0.2477
KENYA,PWRSOL009,SOL,2034,0.2477
KENYA,PWRSOL009,SOL,2035,0.2477
KENYA,PWRSOL009,SOL,2036,0.2477
KENYA,PWRSOL009,SOL,2037,0.2477
KENYA,PWRSOL009,SOL,2038,0.2477
KENYA,PWRSOL009,SOL,2039,0.2477
KENYA,PWRSOL009,SOL,2040,0.2477
KENYA,PWRSOL009,SOL,2041,0.2477
KENYA,PWRSOL009,SOL,2042,0.2477
KENYA,PWRSOL009,SOL,2043,0.2477
KENYA,PWRSOL009,SOL,2044,0.2477
KENYA,PWRSOL009,SOL,2045,0.2477
KENYA,PWRSOL010,SOL,2021,0.2477
KENYA,PWRSOL010,SOL,2022,0.2477
KENYA,PWRSOL010,SOL,2023,0.2477
KENYA,PWRSOL010,SOL,2024,0.2477
KENYA,PWRSOL010,SOL,2025,0.2477
KENYA,PWRSOL010,SOL,2026,0.2477
KENYA,PWRSOL010,SOL,2027,0.2477
KENYA,PWRSOL010,SOL,2028,0.2477
KENYA,PWRSOL010,SOL,2029,0.2477
KENYA,PWRSOL010,SOL,2030,0.2477
KENYA,PWRSOL010,SOL,2031,0.2477
KENYA,PWRSOL010,SOL,2032,0.2477
KENYA,PWRSOL010,SOL,2033,0.2477
KENYA,PWRSOL010,SOL,2034,0.2477
KENYA,PWRSOL010,SOL,2035,0.2477
KENYA,PWRSOL010,SOL,2036,0.2477
KENYA,PWRSOL010,SOL,2037,0.2477
KENYA,PWRSOL010,SOL,2038,0.2477
KENYA,PWRSOL010,SOL,2039,0.2477
KENYA,PWRSOL010,SOL,2040,0.2477
KENYA,PWRSOL011,SOL,2019,0.0015
KENYA,PWRSOL011,SOL,2020,0.0015
KENYA,PWRSOL011,SOL,2021,0.0015
KENYA,PWRSOL011,SOL,2022,0.0015
KENYA,PWRSOL011,SOL,2023,0.0015
KENYA,PWRSOL011,SOL,2024,0.0015
KENYA,PWRSOL011,SOL,2025,0.0015
KENYA,PWRSOL011,SOL,2026,0.0015
KENYA,PWRSOL011,SOL,2027,0.0015
KENYA,PWRSOL011,SOL,2028,0.0015
KENYA,PWRSOL011,SOL,2029,0.0015
KENYA,PWRSOL011,SOL,2030,0.0015
KENYA,PWRSOL011,SOL,2031,0.0015
KENYA,PWRSOL011,SOL,2032,0.0015
KENYA,PWRSOL011,SOL,2033,0.0015
KENYA,PWRSOL011,SOL,2034,0.0015
KENYA,PWRSOL011,SOL,2035,0.0015
KENYA,PWRSOL011,SOL,2036,0.0015
KENYA,PWRSOL011,SOL,2037,0.0015
KENYA,PWRSOL012,SOL,2021,0.2477
KENYA,PWRSOL012,SOL,2022,0.2477
KENYA,PWRSOL012,SOL,2023,0.2477
KENYA,PWRSOL012,SOL,2024,0.2477
KENYA,PWRSOL012,SOL,2025,0.2477
KENYA,PWRSOL012,SOL,2026,0.2477
KENYA,PWRSOL012,SOL,2027,0.2477
KENYA,PWRSOL012,SOL,2028,0.2477
KENYA,PWRSOL012,SOL,2029,0.2477
KENYA,PWRSOL012,SOL,2030,0.2477
KENYA,PWRSOL012,SOL,2031,0.2477
KENYA,PWRSOL012,SOL,2032,0.2477
KENYA,PWRSOL012,SOL,2033,0.2477
KENYA,PWRSOL012,SOL,2034,0.2477
KENYA,PWRSOL012,SOL,2035,0.2477
KENYA,PWRSOL012,SOL,2036,0.2477
KENYA,PWRSOL012,SOL,2037,0.2477
KENYA,PWRSOL012,SOL,2038,0.2477
KENYA,PWRSOL012,SOL,2039,0.2477
KENYA,PWRSOL012,SOL,2040,0.2477
KENYA,PWRSOL013,SOL,2032,0.0619
KENYA,PWRSOL013,SOL,2033,0.0619
KENYA,PWRSOL013,SOL,2034,0.0619
KENYA,PWRSOL013,SOL,2035,0.0619
KENYA,PWRSOL013,SOL,2036,0.0619
KENYA,PWRSOL013,SOL,2037,0.0619
KENYA,PWRSOL013,SOL,2038,0.0619
KENYA,PWRSOL013,SOL,2039,0.0619
KENYA,PWRSOL013,SOL,2040,0.0619
KENYA,PWRSOL013,SOL,2041,0.0619
KENYA,PWRSOL013,SOL,2042,0.0619
KENYA,PWRSOL013,SOL,2043,0.0619
KENYA,PWRSOL013,SOL,2044,0.0619
KENYA,PWRSOL013,SOL,2045,0.0619
KENYA,PWRSOL013,SOL,2046,0.0619
KENYA,PWRSOL013,SOL,2047,0.0619
KENYA,PWRSOL013,SOL,2048,0.0619
KENYA,PWRSOL013,SOL,2049,0.0619
KENYA,PWRSOL013,SOL,2050,0.0619
KENYA,PWRSOL014,SOL,2032,0.2632
KENYA,PWRSOL014,SOL,2033,0.2632
KENYA,PWRSOL014,SOL,2034,0.2632
KENYA,PWRSOL014,SOL,2035,0.2632
KENYA,PWRSOL014,SOL,2036,0.2632
KENYA,PWRSOL014,SOL,2037,0.2632
KENYA,PWRSOL014,SOL,2038,0.2632
KENYA,PWRSOL014,SOL,2039,0.2632
KENYA,PWRSOL014,SOL,2040,0.2632
KENYA,PWRSOL014,SOL,2041,0.2632
KENYA,PWRSOL014,SOL,2042,0.2632
KENYA,PWRSOL014,SOL,2043,0.2632
KENYA,PWRSOL014,SOL,2044,0.2632
KENYA,PWRSOL014,SOL,2045,0.2632
KENYA,PWRSOL014,SOL,2046,0.2632
KENYA,PWRSOL014,SOL,2047,0.2632
KENYA,PWRSOL014,SOL,2048,0.2632
KENYA,PWRSOL014,SOL,2049,0.2632
KENYA,PWRSOL014,SOL,2050,0.2632
KENYA,PWRSOL015,SOL,2024,0.2477
KENYA,PWRSOL015,SOL,2025,0.2477
KENYA,PWRSOL015,SOL,2026,0.2477
KENYA,PWRSOL015,SOL,2027,0.2477
KENYA,PWRSOL015,SOL,2028,0.2477
KENYA,PWRSOL015,SOL,2029,0.2477
KENYA,PWRSOL015,SOL,2030,0.2477
KENYA,PWRSOL015,SOL,2031,0.2477
KENYA,PWRSOL015,SOL,2032,0.2477
KENYA,PWRSOL015,SOL,2033,0.2477
KENYA,PWRSOL015,SOL,2034,0.2477
KENYA,PWRSOL015,SOL,2035,0.2477
KENYA,PWRSOL015,SOL,2036,0.2477
KENYA,PWRSOL015,SOL,2037,0.2477
KENYA,PWRSOL015,SOL,2038,0.2477
KENYA,PWRSOL015,SOL,2039,0.2477
KENYA,PWRSOL015,SOL,2040,0.2477
KENYA,PWRSOL015,SOL,2041,0.2477
KENYA,PWRSOL015,SOL,2042,0.2477
KENYA,PWRSOL015,SOL,2043,0.2477
KENYA,PWRSOL101,SOL,2026,0.0619
KENYA,PWRSOL101,SOL,2027,0.1465
KENYA,PWRSOL101,SOL,2028,0.262
KENYA,PWRSOL101,SOL,2029,0.4199
KENYA,PWRSOL101,SOL,2030,0.6355
KENYA,PWRSOL101,SOL,2031,0.93
KENYA,PWRSOL101,SOL,2032,1.3323
KENYA,PWRSOL101,SOL,2033,1.8818
KENYA,PWRSOL101,SOL,2034,2.6324
KENYA,PWRSOL101,SOL,2035,3.6578
KENYA,PWRSOL101,SOL,2036,5.0585
KENYA,PWRSOL101,SOL,2037,6.9718
KENYA,PWRSOL101,SOL,2038,9.5854
KENYA,PWRSOL101,SOL,2039,13.1556
KENYA,PWRSOL101,SOL,2040,18.0325
KENYA,PWRSOL101,SOL,2041,24.6943
KENYA,PWRSOL101,SOL,2042,30.2541
KENYA,PWRSOL101,SOL,2043,35.4808
KENYA,PWRSOL101,SOL,2044,38.4665
KENYA,PWRSOL101,SOL,2045,40.0429
KENYA,PWRSOL101,SOL,2046,39.981
KENYA,PWRSOL101,SOL,2047,39.8964
KENYA,PWRSOL101,SOL,2048,39.7808
KENYA,PWRSOL101,SOL,2049,39.623
KENYA,PWRSOL101,SOL,2050,39.4074
KENYA,PWRTRN,ELC001,2019,47.3544
KENYA,PWRTRN,ELC001,2020,48.1876
KENYA,PWRTRN,ELC001,2021,50.3342
KENYA,PWRTRN,ELC001,2022,51.9688
KENYA,PWRTRN,ELC001,2023,53.39
KENYA,PWRTRN,ELC001,2024,55.1362
KENYA,PWRTRN,ELC001,2025,57.0764
KENYA,PWRTRN,ELC001,2026,61.8613
KENYA,PWRTRN,ELC001,2027,67.3255
KENYA,PWRTRN,ELC001,2028,73.4071
KENYA,PWRTRN,ELC001,2029,79.9823
KENYA,PWRTRN,ELC001,2030,86.7187
KENYA,PWRTRN,ELC001,2031,94.2285
KENYA,PWRTRN,ELC001,2032,102.6105
KENYA,PWRTRN,ELC001,2033,111.5604
KENYA,PWRTRN,ELC001,2034,121.4516
KENYA,PWRTRN,ELC001,2035,132.1801
KENYA,PWRTRN,ELC001,2036,143.9572
KENYA,PWRTRN,ELC001,2037,157.2086
KENYA,PWRTRN,ELC001,2038,171.6505
KENYA,PWRTRN,ELC001,2039,187.3703
KENYA,PWRTRN,ELC001,2040,204.5204
KENYA,PWRTRN,ELC001,2041,223.2111
KENYA,PWRTRN,ELC001,2042,241.7606
KENYA,PWRTRN,ELC001,2043,261.4708
KENYA,PWRTRN,ELC001,2044,282.7352
KENYA,PWRTRN,ELC001,2045,305.7368
KENYA,PWRTRN,ELC001,2046,330.5862
KENYA,PWRTRN,ELC001,2047,357.3945
KENYA,PWRTRN,ELC001,2048,386.3949
KENYA,PWRTRN,ELC001,2049,417.725
KENYA,PWRTRN,ELC001,2050,451.524
KENYA,PWRURN001,URN,2036,28.4268
KENYA,PWRURN001,URN,2037,28.4268
KENYA,PWRURN001,URN,2038,28.4268
KENYA,PWRURN001,URN,2039,28.4268
KENYA,PWRURN001,URN,2040,28.4268
KENYA,PWRURN001,URN,2041,28.4268
KENYA,PWRURN001,URN,2042,28.4268
KENYA,PWRURN001,URN,2043,28.4268
KENYA,PWRURN001,URN,2044,28.4268
KENYA,PWRURN001,URN,2045,28.4268
KENYA,PWRURN001,URN,2046,28.4268
KENYA,PWRURN001,URN,2047,28.4268
KENYA,PWRURN001,URN,2048,28.4268
KENYA,PWRURN001,URN,2049,25.6678
KENYA,PWRURN001,URN,2050,18.1656
KENYA,PWRURN002,URN,2039,28.4268
KENYA,PWRURN002,URN,2040,28.4268
KENYA,PWRURN002,URN,2041,28.4268
KENYA,PWRURN002,URN,2042,28.4268
KENYA,PWRURN002,URN,2043,28.4268
KENYA,PWRURN002,URN,2044,28.4268
KENYA,PWRURN002,URN,2045,28.4268
KENYA,PWRURN002,URN,2046,28.4268
KENYA,PWRURN002,URN,2047,28.4268
KENYA,PWRURN002,URN,2048,28.4268
KENYA,PWRURN002,URN,2049,25.2665
KENYA,PWRURN002,URN,2050,18.4028
KENYA,PWRURN003,URN,2042,28.4268
KENYA,PWRURN003,URN,2043,28.4268
KENYA,PWRURN003,URN,2044,28.4268
KENYA,PWRURN003,URN,2045,28.4268
KENYA,PWRURN003,URN,2046,28.4268
KENYA,PWRURN003,URN,2047,28.4268
KENYA,PWRURN003,URN,2048,28.4268
KENYA,PWRURN003,URN,2049,24.0555
KENYA,PWRURN003,URN,2050,18.4024
KENYA,PWRWND001,WND,2019,0.0561
KENYA,PWRWND001,WND,2020,0.0561
KENYA,PWRWND001,WND,2021,0.0561
KENYA,PWRWND001,WND,2022,0.0561
KENYA,PWRWND001,WND,2023,0.0561
KENYA,PWRWND001,WND,2024,0.0561
KENYA,PWRWND001,WND,2025,0.0561
KENYA,PWRWND001,WND,2026,0.0561
KENYA,PWRWND001,WND,2027,0.0561
KENYA,PWRWND002,WND,2019,0.2242
KENYA,PWRWND002,WND,2020,0.2242
KENYA,PWRWND002,WND,2021,0.2242
KENYA,PWRWND002,WND,2022,0.2242
KENYA,PWRWND002,WND,2023,0.2242
KENYA,PWRWND002,WND,2024,0.2242
KENYA,PWRWND002,WND,2025,0.2242
KENYA,PWRWND002,WND,2026,0.2242
KENYA,PWRWND002,WND,2027,0.2242
KENYA,PWRWND002,WND,2028,0.2242
KENYA,PWRWND002,WND,2029,0.2242
KENYA,PWRWND002,WND,2030,0.2242
KENYA,PWRWND002,WND,2031,0.2242
KENYA,PWRWND002,WND,2032,0.2242
KENYA,PWRWND002,WND,2033,0.2242
KENYA,PWRWND002,WND,2034,0.2242
KENYA,PWRWND003,WND,2025,0.1209
KENYA,PWRWND003,WND,2026,0.1209
KENYA,PWRWND003,WND,2027,0.1209
KENYA,PWRWND003,WND,2028,0.1209
KENYA,PWRWND003,WND,2029,0.1209
KENYA,PWRWND003,WND,2030,0.1209
KENYA,PWRWND003,WND,2031,0.1209
KENYA,PWRWND003,WND,2032,0.1209
KENYA,PWRWND003,WND,2033,0.1209
KENYA,PWRWND003,WND,2034,0.1209
KENYA,PWRWND003,WND,2035,0.1209
KENYA,PWRWND003,WND,2036,0.1209
KENYA,PWRWND003,WND,2037,0.1209
KENYA,PWRWND003,WND,2038,0.1209
KENYA,PWRWND003,WND,2039,0.1209
KENYA,PWRWND003,WND,2040,0.1209
KENYA,PWRWND003,WND,2041,0.1209
KENYA,PWRWND003,WND,2042,0.1209
KENYA,PWRWND003,WND,2043,0.1209
KENYA,PWRWND003,WND,2044,0.1209
KENYA,PWRWND005,WND,2021,0.7238
KENYA,PWRWND005,WND,2022,0.7238
KENYA,PWRWND005,WND,2023,0.7238
KENYA,PWRWND005,WND,2024,0.7238
KENYA,PWRWND005,WND,2025,0.7238
KENYA,PWRWND005,WND,2026,0.7238
KENYA,PWRWND005,WND,2027,0.7238
KENYA,PWRWND005,WND,2028,0.7238
KENYA,PWRWND005,WND,2029,0.7238
KENYA,PWRWND005,WND,2030,0.7238
KENYA,PWRWND005,WND,2031,0.7238
KENYA,PWRWND005,WND,2032,0.7238
KENYA,PWRWND005,WND,2033,0.7238
KENYA,PWRWND005,WND,2034,0.7238
KENYA,PWRWND005,WND,2035,0.7238
KENYA,PWRWND005,WND,2036,0.7238
KENYA,PWRWND005,WND,2037,0.7238
KENYA,PWRWND005,WND,2038,0.7238
KENYA,PWRWND005,WND,2039,0.7238
KENYA,PWRWND005,WND,2040,0.7238
KENYA,PWRWND006,WND,2019,1.7342
KENYA,PWRWND006,WND,2020,1.7342
KENYA,PWRWND006,WND,2021,1.7342
KENYA,PWRWND006,WND,2022,1.7342
KENYA,PWRWND006,WND,2023,1.7342
KENYA,PWRWND006,WND,2024,1.7342
KENYA,PWRWND006,WND,2025,1.7342
KENYA,PWRWND006,WND,2026,1.7342
KENYA,PWRWND006,WND,2027,1.7342
KENYA,PWRWND006,WND,2028,1.7342
KENYA,PWRWND006,WND,2029,1.7342
KENYA,PWRWND006,WND,2030,1.7342
KENYA,PWRWND006,WND,2031,1.7342
KENYA,PWRWND006,WND,2032,1.7342
KENYA,PWRWND006,WND,2033,1.7342
KENYA,PWRWND006,WND,2034,1.7342
KENYA,PWRWND006,WND,2035,1.7342
KENYA,PWRWND006,WND,2036,1.7342
KENYA,PWRWND006,WND,2037,1.7342
KENYA,PWRWND010,WND,2021,0.7238
KENYA,PWRWND010,WND,2022,0.7238
KENYA,PWRWND010,WND,2023,0.7238
KENYA,PWRWND010,WND,2024,0.7238
KENYA,PWRWND010,WND,2025,0.7238
KENYA,PWRWND010,WND,2026,0.7238
KENYA,PWRWND010,WND,2027,0.7238
KENYA,PWRWND010,WND,2028,0.7238
KENYA,PWRWND010,WND,2029,0.7238
KENYA,PWRWND010,WND,2030,0.7238
KENYA,PWRWND010,WND,2031,0.7238
KENYA,PWRWND010,WND,2032,0.7238
KENYA,PWRWND010,WND,2033,0.7238
KENYA,PWRWND010,WND,2034,0.7238
KENYA,PWRWND010,WND,2035,0.7238
KENYA,PWRWND010,WND,2036,0.7238
KENYA,PWRWND010,WND,2037,0.7238
KENYA,PWRWND010,WND,2038,0.7238
KENYA,PWRWND010,WND,2039,0.7238
KENYA,PWRWND010,WND,2040,0.7238
KENYA,PWRWND011,WND,2019,1.7342
KENYA,PWRWND011,WND,2020,1.7342
KENYA,PWRWND011,WND,2021,1.7342
KENYA,PWRWND011,WND,2022,1.7342
KENYA,PWRWND011,WND,2023,1.7342
KENYA,PWRWND011,WND,2024,1.7342
KENYA,PWRWND011,WND,2025,1.7342
KENYA,PWRWND011,WND,2026,1.7342
KENYA,PWRWND011,WND,2027,1.7342
KENYA,PWRWND011,WND,2028,1.7342
KENYA,PWRWND011,WND,2029,1.7342
KENYA,PWRWND011,WND,2030,1.7342
KENYA,PWRWND011,WND,2031,1.7342
KENYA,PWRWND011,WND,2032,1.7342
KENYA,PWRWND011,WND,2033,1.7342
KENYA,PWRWND011,WND,2034,1.7342
KENYA,PWRWND011,WND,2035,1.7342
KENYA,PWRWND011,WND,2036,1.7342
KENYA,PWRWND011,WND,2037,1.7342
KENYA,PWRWND012,WND,2030,0.4583
KENYA,PWRWND012,WND,2031,0.4583
KENYA,PWRWND012,WND,2032,0.4583
KENYA,PWRWND012,WND,2033,0.4583
KENYA,PWRWND012,WND,2034,0.4583
KENYA,PWRWND012,WND,2035,0.4583
KENYA,PWRWND012,WND,2036,0.4583
KENYA,PWRWND012,WND,2037,0.4583
KENYA,PWRWND012,WND,2038,0.4583
KENYA,PWRWND012,WND,2039,0.4583
KENYA,PWRWND012,WND,2040,0.4583
KENYA,PWRWND012,WND,2041,0.4583
KENYA,PWRWND012,WND,2042,0.4583
KENYA,PWRWND012,WND,2043,0.4583
KENYA,PWRWND012,WND,2044,0.4583
KENYA,PWRWND012,WND,2045,0.4583
KENYA,PWRWND012,WND,2046,0.4583
KENYA,PWRWND012,WND,2047,0.4583
KENYA,PWRWND012,WND,2048,0.4583
KENYA,PWRWND012,WND,2049,0.4583
KENYA,PWRWND013,WND,2019,1.7342
KENYA,PWRWND013,WND,2020,1.7342
KENYA,PWRWND013,WND,2021,1.7342
KENYA,PWRWND013,WND,2022,1.7342
KENYA,PWRWND013,WND,2023,1.7342
KENYA,PWRWND013,WND,2024,1.7342
KENYA,PWRWND013,WND,2025,1.7342
KENYA,PWRWND013,WND,2026,1.7342
KENYA,PWRWND013,WND,2027,1.7342
KENYA,PWRWND013,WND,2028,1.7342
KENYA,PWRWND013,WND,2029,1.7342
KENYA,PWRWND013,WND,2030,1.7342
KENYA,PWRWND013,WND,2031,1.7342
KENYA,PWRWND013,WND,2032,1.7342
KENYA,PWRWND013,WND,2033,1.7342
KENYA,PWRWND013,WND,2034,1.7342
KENYA,PWRWND013,WND,2035,1.7342
KENYA,PWRWND013,WND,2036,1.7342
KENYA,PWRWND013,WND,2037,1.7342
KENYA,PWRWND013,WND,2038,1.7342
KENYA,PWRWND015,WND,2026,0.6306
KENYA,PWRWND015,WND,2027,0.6306
KENYA,PWRWND015,WND,2028,0.6306
KENYA,PWRWND015,WND,2029,0.6306
KENYA,PWRWND015,WND,2030,0.6306
KENYA,PWRWND015,WND,2031,0.6306
KENYA,PWRWND015,WND,2032,0.6306
KENYA,PWRWND015,WND,2033,0.6306
KENYA,PWRWND015,WND,2034,0.6306
KENYA,PWRWND015,WND,2035,0.6306
KENYA,PWRWND015,WND,2036,0.6306
KENYA,PWRWND015,WND,2037,0.6306
KENYA,PWRWND015,WND,2038,0.6306
KENYA,PWRWND015,WND,2039,0.6306
KENYA,PWRWND015,WND,2040,0.6306
KENYA,PWRWND015,WND,2041,0.6306
KENYA,PWRWND015,WND,2042,0.6306
KENYA,PWRWND015,WND,2043,0.6306
KENYA,PWRWND015,WND,2044,0.6306
KENYA,PWRWND015,WND,2045,0.6306
KENYA,PWRWND018,WND,2028,1.2618
KENYA,PWRWND018,WND,2029,1.2618
KENYA,PWRWND018,WND,2030,1.2618
KENYA,PWRWND018,WND,2031,1.2618
KENYA,PWRWND018,WND,2032,1.2618
KENYA,PWRWND018,WND,2033,1.2618
KENYA,PWRWND018,WND,2034,1.2618
KENYA,PWRWND018,WND,2035,1.2618
KENYA,PWRWND018,WND,2036,1.2618
KENYA,PWRWND018,WND,2037,1.2618
KENYA,PWRWND018,WND,2038,1.2618
KENYA,PWRWND018,WND,2039,1.2618
KENYA,PWRWND018,WND,2040,1.2618
KENYA,PWRWND018,WND,2041,1.2618
KENYA,PWRWND018,WND,2042,1.2618
KENYA,PWRWND018,WND,2043,1.2618
KENYA,PWRWND018,WND,2044,1.2618
KENYA,PWRWND018,WND,2045,1.2618
KENYA,PWRWND018,WND,2046,1.2618
KENYA,PWRWND018,WND,2047,1.2618
KENYA,PWRWND018,WND,2048,1.2618
KENYA,PWRWND018,WND,2049,1.2618
KENYA,PWRWND018,WND,2050,1.2618
KENYA,PWRWND026,WND,2031,0.4358
KENYA,PWRWND026,WND,2032,0.4358
KENYA,PWRWND026,WND,2033,0.4358
KENYA,PWRWND026,WND,2034,0.4358
KENYA,PWRWND026,WND,2035,0.4358
KENYA,PWRWND026,WND,2036,0.4358
KENYA,PWRWND026,WND,2037,0.4358
KENYA,PWRWND026,WND,2038,0.4358
KENYA,PWRWND026,WND,2039,0.4358
KENYA,PWRWND026,WND,2040,0.4358
KENYA,PWRWND026,WND,2041,0.4358
KENYA,PWRWND026,WND,2042,0.4358
KENYA,PWRWND026,WND,2043,0.4358
KENYA,PWRWND026,WND,2044,0.4358
KENYA,PWRWND026,WND,2045,0.4358
KENYA,PWRWND026,WND,2046,0.4358
KENYA,PWRWND026,WND,2047,0.4358
KENYA,PWRWND026,WND,2048,0.4358
KENYA,PWRWND026,WND,2049,0.4358
KENYA,PWRWND026,WND,2050,0.4358
KENYA,PWRWND027,WND,2033,0.3943
KENYA,PWRWND027,WND,2034,0.3943
KENYA,PWRWND027,WND,2035,0.3943
KENYA,PWRWND027,WND,2036,0.3943
KENYA,PWRWND027,WND,2037,0.3943
KENYA,PWRWND027,WND,2038,0.3943
KENYA,PWRWND027,WND,2039,0.3943
KENYA,PWRWND027,WND,2040,0.3943
KENYA,PWRWND027,WND,2041,0.3943
KENYA,PWRWND027,WND,2042,0.3943
KENYA,PWRWND027,WND,2043,0.3943
KENYA,PWRWND027,WND,2044,0.3943
KENYA,PWRWND027,WND,2045,0.3943
KENYA,PWRWND027,WND,2046,0.3943
KENYA,PWRWND027,WND,2047,0.3943
KENYA,PWRWND027,WND,2048,0.3943
KENYA,PWRWND027,WND,2049,0.3943
KENYA,PWRWND027,WND,2050,0.3943
KENYA,PWRWND101,WND,2026,0.1266
KENYA,PWRWND101,WND,2027,0.2881
KENYA,PWRWND101,WND,2028,0.4945
KENYA,PWRWND101,WND,2029,0.758
KENYA,PWRWND101,WND,2030,1.0945
KENYA,PWRWND101,WND,2031,1.5243
KENYA,PWRWND101,WND,2032,2.073
KENYA,PWRWND101,WND,2033,2.7738
KENYA,PWRWND101,WND,2034,3.6687
KENYA,PWRWND101,WND,2035,4.8114
KENYA,PWRWND101,WND,2036,6.2708
KENYA,PWRWND101,WND,2037,8.1343
KENYA,PWRWND101,WND,2038,10.5141
KENYA,PWRWND101,WND,2039,13.553
KENYA,PWRWND101,WND,2040,17.4337
KENYA,PWRWND101,WND,2041,22.3894
KENYA,PWRWND101,WND,2042,28.7178
KENYA,PWRWND101,WND,2043,36.7992
KENYA,PWRWND101,WND,2044,47.1191
KENYA,PWRWND101,WND,2045,60.2977
KENYA,PWRWND101,WND,2046,77.0001
KENYA,PWRWND101,WND,2047,98.2941
KENYA,PWRWND101,WND,2048,125.4418
KENYA,PWRWND101,WND,2049,158.1964
KENYA,PWRWND101,WND,2050,197.3364
