r,t,y,AccumulatedNewCapacity
KENYA,BESS_TECH,2024,0.0065
KENYA,BESS_TECH,2025,0.0863
KENYA,BESS_TECH,2026,0.0863
KENYA,BESS_TECH,2027,0.0863
KENYA,BESS_TECH,2028,0.0863
KENYA,BESS_TECH,2029,0.0863
KENYA,BESS_TECH,2030,0.0863
KENYA,BESS_TECH,2031,0.0863
KENYA,BESS_TECH,2032,0.0863
KENYA,BESS_TECH,2033,0.0863
KENYA,BESS_TECH,2034,0.0798
KENYA,BESS_TECH,2036,0.0043
KENYA,BESS_TECH,2037,0.0346
KENYA,BESS_TECH,2038,0.0346
KENYA,BESS_TECH,2039,0.0346
KENYA,BESS_TECH,2040,0.0586
KENYA,BESS_TECH,2041,0.0643
KENYA,BESS_TECH,2042,0.0643
KENYA,BESS_TECH,2043,0.0643
KENYA,BESS_TECH,2044,0.0643
KENYA,BESS_TECH,2045,0.1984
KENYA,BESS_TECH,2046,0.1941
KENYA,BESS_TECH,2047,0.2492
KENYA,BESS_TECH,2048,0.2492
KENYA,BESS_TECH,2049,0.3387
KENYA,BESS_TECH,2050,0.5358
KENYA,DEMCOMELC,2019,1.2415
KENYA,DEMCOMELC,2020,1.2415
KENYA,DEMCOMELC,2021,1.2415
KENYA,DEMCOMELC,2022,1.2415
KENYA,DEMCOMELC,2023,1.2415
KENYA,DEMCOMELC,2024,1.2415
KENYA,DEMCOMELC,2025,1.2415
KENYA,DEMCOMELC,2026,1.2415
KENYA,DEMCOMELC,2027,1.2415
KENYA,DEMCOMELC,2028,1.2415
KENYA,DEMCOMELC,2029,1.2415
KENYA,DEMCOMELC,2030,1.2415
KENYA,DEMCOMELC,2031,1.2415
KENYA,DEMCOMELC,2032,1.2415
KENYA,DEMCOMELC,2033,1.2415
KENYA,DEMCOMELC,2034,1.2415
KENYA,DEMCOMELC,2035,1.2415
KENYA,DEMCOMELC,2036,1.2415
KENYA,DEMCOMELC,2037,1.2415
KENYA,DEMCOMELC,2038,1.2415
KENYA,DEMCOMELC,2039,1.2415
KENYA,DEMCOMELC,2040,1.2415
KENYA,DEMCOMELC,2041,1.2415
KENYA,DEMCOMELC,2042,1.2415
KENYA,DEMCOMELC,2043,1.2415
KENYA,DEMCOMELC,2044,1.2415
KENYA,DEMCOMELC,2045,1.2415
KENYA,DEMCOMELC,2046,1.2415
KENYA,DEMCOMELC,2047,1.2415
KENYA,DEMCOMELC,2048,1.2415
KENYA,DEMCOMELC,2049,1.2415
KENYA,DEMCOMELC,2050,1.2415
KENYA,DEMINDELC,2019,4.2771
KENYA,DEMINDELC,2020,4.2771
KENYA,DEMINDELC,2021,4.2771
KENYA,DEMINDELC,2022,4.2771
KENYA,DEMINDELC,2023,4.2771
KENYA,DEMINDELC,2024,4.2771
KENYA,DEMINDELC,2025,4.2771
KENYA,DEMINDELC,2026,4.2771
KENYA,DEMINDELC,2027,4.2771
KENYA,DEMINDELC,2028,4.2771
KENYA,DEMINDELC,2029,4.2771
KENYA,DEMINDELC,2030,4.2771
KENYA,DEMINDELC,2031,4.2771
KENYA,DEMINDELC,2032,4.2771
KENYA,DEMINDELC,2033,4.2771
KENYA,DEMINDELC,2034,4.2771
KENYA,DEMINDELC,2035,4.2771
KENYA,DEMINDELC,2036,4.2771
KENYA,DEMINDELC,2037,4.2771
KENYA,DEMINDELC,2038,4.2771
KENYA,DEMINDELC,2039,4.2771
KENYA,DEMINDELC,2040,4.2771
KENYA,DEMINDELC,2041,4.2771
KENYA,DEMINDELC,2042,4.2771
KENYA,DEMINDELC,2043,4.2771
KENYA,DEMINDELC,2044,4.2771
KENYA,DEMINDELC,2045,4.2771
KENYA,DEMINDELC,2046,4.2771
KENYA,DEMINDELC,2047,4.2771
KENYA,DEMINDELC,2048,4.2771
KENYA,DEMINDELC,2049,4.2771
KENYA,DEMINDELC,2050,4.2771
KENYA,DEMRESELC,2019,0.5693
KENYA,DEMRESELC,2020,0.5793
KENYA,DEMRESELC,2021,0.6449
KENYA,DEMRESELC,2022,0.6449
KENYA,DEMRESELC,2023,0.6449
KENYA,DEMRESELC,2024,0.8517
KENYA,DEMRESELC,2025,0.8517
KENYA,DEMRESELC,2026,0.8517
KENYA,DEMRESELC,2027,0.8517
KENYA,DEMRESELC,2028,0.8517
KENYA,DEMRESELC,2029,0.8517
KENYA,DEMRESELC,2030,2.3173
KENYA,DEMRESELC,2031,2.3173
KENYA,DEMRESELC,2032,2.3173
KENYA,DEMRESELC,2033,2.3173
KENYA,DEMRESELC,2034,2.3173
KENYA,DEMRESELC,2035,2.3173
KENYA,DEMRESELC,2036,2.3173
KENYA,DEMRESELC,2037,2.3173
KENYA,DEMRESELC,2038,2.3173
KENYA,DEMRESELC,2039,2.3173
KENYA,DEMRESELC,2040,2.3173
KENYA,DEMRESELC,2041,2.3173
KENYA,DEMRESELC,2042,2.3173
KENYA,DEMRESELC,2043,2.3173
KENYA,DEMRESELC,2044,2.3173
KENYA,DEMRESELC,2045,2.3173
KENYA,DEMRESELC,2046,2.3173
KENYA,DEMRESELC,2047,2.3173
KENYA,DEMRESELC,2048,2.449
KENYA,DEMRESELC,2049,2.7355
KENYA,DEMRESELC,2050,2.7355
KENYA,IMPBIO,2019,9999.0
KENYA,IMPBIO,2020,9999.0
KENYA,IMPBIO,2021,9999.0
KENYA,IMPBIO,2022,9999.0
KENYA,IMPBIO,2023,9999.0
KENYA,IMPBIO,2024,9999.0
KENYA,IMPBIO,2025,9999.0
KENYA,IMPBIO,2026,9999.0
KENYA,IMPBIO,2027,9999.0
KENYA,IMPBIO,2028,9999.0
KENYA,IMPBIO,2029,9999.0
KENYA,IMPBIO,2030,9999.0
KENYA,IMPBIO,2031,9999.0
KENYA,IMPBIO,2032,9999.0
KENYA,IMPBIO,2033,9999.0
KENYA,IMPBIO,2034,9999.0
KENYA,IMPBIO,2035,9999.0
KENYA,IMPBIO,2036,9999.0
KENYA,IMPBIO,2037,9999.0
KENYA,IMPBIO,2038,9999.0
KENYA,IMPBIO,2039,9999.0
KENYA,IMPBIO,2040,9999.0
KENYA,IMPBIO,2041,9999.0
KENYA,IMPBIO,2042,9999.0
KENYA,IMPBIO,2043,9999.0
KENYA,IMPBIO,2044,9999.0
KENYA,IMPBIO,2045,9999.0
KENYA,IMPBIO,2046,9999.0
KENYA,IMPBIO,2047,9999.0
KENYA,IMPBIO,2048,9999.0
KENYA,IMPBIO,2049,9999.0
KENYA,IMPBIO,2050,9999.0
KENYA,IMPCOA,2019,9999.0
KENYA,IMPCOA,2020,9999.0
KENYA,IMPCOA,2021,9999.0
KENYA,IMPCOA,2022,9999.0
KENYA,IMPCOA,2023,9999.0
KENYA,IMPCOA,2024,9999.0
KENYA,IMPCOA,2025,9999.0
KENYA,IMPCOA,2026,9999.0
KENYA,IMPCOA,2027,9999.0
KENYA,IMPCOA,2028,9999.0
KENYA,IMPCOA,2029,9999.0
KENYA,IMPCOA,2030,9999.0
KENYA,IMPCOA,2031,9999.0
KENYA,IMPCOA,2032,9999.0
KENYA,IMPCOA,2033,9999.0
KENYA,IMPCOA,2034,9999.0
KENYA,IMPCOA,2035,9999.0
KENYA,IMPCOA,2036,9999.0
KENYA,IMPCOA,2037,9999.0
KENYA,IMPCOA,2038,9999.0
KENYA,IMPCOA,2039,9999.0
KENYA,IMPCOA,2040,9999.0
KENYA,IMPCOA,2041,9999.0
KENYA,IMPCOA,2042,9999.0
KENYA,IMPCOA,2043,9999.0
KENYA,IMPCOA,2044,9999.0
KENYA,IMPCOA,2045,9999.0
KENYA,IMPCOA,2046,9999.0
KENYA,IMPCOA,2047,9999.0
KENYA,IMPCOA,2048,9999.0
KENYA,IMPCOA,2049,9999.0
KENYA,IMPCOA,2050,9999.0
KENYA,IMPELC001,2022,0.2
KENYA,IMPELC001,2023,0.2
KENYA,IMPELC001,2024,0.2
KENYA,IMPELC001,2025,0.2
KENYA,IMPELC001,2026,0.4
KENYA,IMPELC001,2027,0.4
KENYA,IMPELC001,2028,0.4
KENYA,IMPELC001,2029,0.4
KENYA,IMPELC001,2030,0.4
KENYA,IMPELC001,2031,0.4
KENYA,IMPELC001,2032,0.4
KENYA,IMPELC001,2033,0.4
KENYA,IMPELC001,2034,0.4
KENYA,IMPELC001,2035,0.4
KENYA,IMPELC001,2036,0.4
KENYA,IMPELC001,2037,0.4
KENYA,IMPELC001,2038,0.4
KENYA,IMPELC001,2039,0.4
KENYA,IMPELC001,2040,0.4
KENYA,IMPELC001,2041,0.4
KENYA,IMPELC001,2042,0.4
KENYA,IMPELC001,2043,0.4
KENYA,IMPELC001,2044,0.4
KENYA,IMPELC001,2045,0.4
KENYA,IMPELC001,2046,0.4
KENYA,IMPELC001,2047,0.4
KENYA,IMPELC001,2048,0.4
KENYA,IMPELC001,2049,0.4
KENYA,IMPELC001,2050,0.4
KENYA,IMPHFOMOM,2019,9999.0
KENYA,IMPHFOMOM,2020,9999.0
KENYA,IMPHFOMOM,2021,9999.0
KENYA,IMPHFOMOM,2022,9999.0
KENYA,IMPHFOMOM,2023,9999.0
KENYA,IMPHFOMOM,2024,9999.0
KENYA,IMPHFOMOM,2025,9999.0
KENYA,IMPHFOMOM,2026,9999.0
KENYA,IMPHFOMOM,2027,9999.0
KENYA,IMPHFOMOM,2028,9999.0
KENYA,IMPHFOMOM,2029,9999.0
KENYA,IMPHFOMOM,2030,9999.0
KENYA,IMPHFOMOM,2031,9999.0
KENYA,IMPHFOMOM,2032,9999.0
KENYA,IMPHFOMOM,2033,9999.0
KENYA,IMPHFOMOM,2034,9999.0
KENYA,IMPHFOMOM,2035,9999.0
KENYA,IMPHFOMOM,2036,9999.0
KENYA,IMPHFOMOM,2037,9999.0
KENYA,IMPHFOMOM,2038,9999.0
KENYA,IMPHFOMOM,2039,9999.0
KENYA,IMPHFOMOM,2040,9999.0
KENYA,IMPHFOMOM,2041,9999.0
KENYA,IMPHFOMOM,2042,9999.0
KENYA,IMPHFOMOM,2043,9999.0
KENYA,IMPHFOMOM,2044,9999.0
KENYA,IMPHFOMOM,2045,9999.0
KENYA,IMPHFOMOM,2046,9999.0
KENYA,IMPHFOMOM,2047,9999.0
KENYA,IMPHFOMOM,2048,9999.0
KENYA,IMPHFOMOM,2049,9999.0
KENYA,IMPHFOMOM,2050,9999.0
KENYA,IMPHFONAI,2019,9999.0
KENYA,IMPHFONAI,2020,9999.0
KENYA,IMPHFONAI,2021,9999.0
KENYA,IMPHFONAI,2022,9999.0
KENYA,IMPHFONAI,2023,9999.0
KENYA,IMPHFONAI,2024,9999.0
KENYA,IMPHFONAI,2025,9999.0
KENYA,IMPHFONAI,2026,9999.0
KENYA,IMPHFONAI,2027,9999.0
KENYA,IMPHFONAI,2028,9999.0
KENYA,IMPHFONAI,2029,9999.0
KENYA,IMPHFONAI,2030,9999.0
KENYA,IMPHFONAI,2031,9999.0
KENYA,IMPHFONAI,2032,9999.0
KENYA,IMPHFONAI,2033,9999.0
KENYA,IMPHFONAI,2034,9999.0
KENYA,IMPHFONAI,2035,9999.0
KENYA,IMPHFONAI,2036,9999.0
KENYA,IMPHFONAI,2037,9999.0
KENYA,IMPHFONAI,2038,9999.0
KENYA,IMPHFONAI,2039,9999.0
KENYA,IMPHFONAI,2040,9999.0
KENYA,IMPHFONAI,2041,9999.0
KENYA,IMPHFONAI,2042,9999.0
KENYA,IMPHFONAI,2043,9999.0
KENYA,IMPHFONAI,2044,9999.0
KENYA,IMPHFONAI,2045,9999.0
KENYA,IMPHFONAI,2046,9999.0
KENYA,IMPHFONAI,2047,9999.0
KENYA,IMPHFONAI,2048,9999.0
KENYA,IMPHFONAI,2049,9999.0
KENYA,IMPHFONAI,2050,9999.0
KENYA,IMPLFOELD,2019,9999.0
KENYA,IMPLFOELD,2020,9999.0
KENYA,IMPLFOELD,2021,9999.0
KENYA,IMPLFOELD,2022,9999.0
KENYA,IMPLFOELD,2023,9999.0
KENYA,IMPLFOELD,2024,9999.0
KENYA,IMPLFOELD,2025,9999.0
KENYA,IMPLFOELD,2026,9999.0
KENYA,IMPLFOELD,2027,9999.0
KENYA,IMPLFOELD,2028,9999.0
KENYA,IMPLFOELD,2029,9999.0
KENYA,IMPLFOELD,2030,9999.0
KENYA,IMPLFOELD,2031,9999.0
KENYA,IMPLFOELD,2032,9999.0
KENYA,IMPLFOELD,2033,9999.0
KENYA,IMPLFOELD,2034,9999.0
KENYA,IMPLFOELD,2035,9999.0
KENYA,IMPLFOELD,2036,9999.0
KENYA,IMPLFOELD,2037,9999.0
KENYA,IMPLFOELD,2038,9999.0
KENYA,IMPLFOELD,2039,9999.0
KENYA,IMPLFOELD,2040,9999.0
KENYA,IMPLFOELD,2041,9999.0
KENYA,IMPLFOELD,2042,9999.0
KENYA,IMPLFOELD,2043,9999.0
KENYA,IMPLFOELD,2044,9999.0
KENYA,IMPLFOELD,2045,9999.0
KENYA,IMPLFOELD,2046,9999.0
KENYA,IMPLFOELD,2047,9999.0
KENYA,IMPLFOELD,2048,9999.0
KENYA,IMPLFOELD,2049,9999.0
KENYA,IMPLFOELD,2050,9999.0
KENYA,IMPNGS,2019,9999.0
KENYA,IMPNGS,2020,9999.0
KENYA,IMPNGS,2021,9999.0
KENYA,IMPNGS,2022,9999.0
KENYA,IMPNGS,2023,9999.0
KENYA,IMPNGS,2024,9999.0
KENYA,IMPNGS,2025,9999.0
KENYA,IMPNGS,2026,9999.0
KENYA,IMPNGS,2027,9999.0
KENYA,IMPNGS,2028,9999.0
KENYA,IMPNGS,2029,9999.0
KENYA,IMPNGS,2030,9999.0
KENYA,IMPNGS,2031,9999.0
KENYA,IMPNGS,2032,9999.0
KENYA,IMPNGS,2033,9999.0
KENYA,IMPNGS,2034,9999.0
KENYA,IMPNGS,2035,9999.0
KENYA,IMPNGS,2036,9999.0
KENYA,IMPNGS,2037,9999.0
KENYA,IMPNGS,2038,9999.0
KENYA,IMPNGS,2039,9999.0
KENYA,IMPNGS,2040,9999.0
KENYA,IMPNGS,2041,9999.0
KENYA,IMPNGS,2042,9999.0
KENYA,IMPNGS,2043,9999.0
KENYA,IMPNGS,2044,9999.0
KENYA,IMPNGS,2045,9999.0
KENYA,IMPNGS,2046,9999.0
KENYA,IMPNGS,2047,9999.0
KENYA,IMPNGS,2048,9999.0
KENYA,IMPNGS,2049,9999.0
KENYA,IMPNGS,2050,9999.0
KENYA,IMPURN,2019,9999.0
KENYA,IMPURN,2020,9999.0
KENYA,IMPURN,2021,9999.0
KENYA,IMPURN,2022,9999.0
KENYA,IMPURN,2023,9999.0
KENYA,IMPURN,2024,9999.0
KENYA,IMPURN,2025,9999.0
KENYA,IMPURN,2026,9999.0
KENYA,IMPURN,2027,9999.0
KENYA,IMPURN,2028,9999.0
KENYA,IMPURN,2029,9999.0
KENYA,IMPURN,2030,9999.0
KENYA,IMPURN,2031,9999.0
KENYA,IMPURN,2032,9999.0
KENYA,IMPURN,2033,9999.0
KENYA,IMPURN,2034,9999.0
KENYA,IMPURN,2035,9999.0
KENYA,IMPURN,2036,9999.0
KENYA,IMPURN,2037,9999.0
KENYA,IMPURN,2038,9999.0
KENYA,IMPURN,2039,9999.0
KENYA,IMPURN,2040,9999.0
KENYA,IMPURN,2041,9999.0
KENYA,IMPURN,2042,9999.0
KENYA,IMPURN,2043,9999.0
KENYA,IMPURN,2044,9999.0
KENYA,IMPURN,2045,9999.0
KENYA,IMPURN,2046,9999.0
KENYA,IMPURN,2047,9999.0
KENYA,IMPURN,2048,9999.0
KENYA,IMPURN,2049,9999.0
KENYA,IMPURN,2050,9999.0
KENYA,MINBIO,2019,9999.0
KENYA,MINBIO,2020,9999.0
KENYA,MINBIO,2021,9999.0
KENYA,MINBIO,2022,9999.0
KENYA,MINBIO,2023,9999.0
KENYA,MINBIO,2024,9999.0
KENYA,MINBIO,2025,9999.0
KENYA,MINBIO,2026,9999.0
KENYA,MINBIO,2027,9999.0
KENYA,MINBIO,2028,9999.0
KENYA,MINBIO,2029,9999.0
KENYA,MINBIO,2030,9999.0
KENYA,MINBIO,2031,9999.0
KENYA,MINBIO,2032,9999.0
KENYA,MINBIO,2033,9999.0
KENYA,MINBIO,2034,9999.0
KENYA,MINBIO,2035,9999.0
KENYA,MINBIO,2036,9999.0
KENYA,MINBIO,2037,9999.0
KENYA,MINBIO,2038,9999.0
KENYA,MINBIO,2039,9999.0
KENYA,MINBIO,2040,9999.0
KENYA,MINBIO,2041,9999.0
KENYA,MINBIO,2042,9999.0
KENYA,MINBIO,2043,9999.0
KENYA,MINBIO,2044,9999.0
KENYA,MINBIO,2045,9999.0
KENYA,MINBIO,2046,9999.0
KENYA,MINBIO,2047,9999.0
KENYA,MINBIO,2048,9999.0
KENYA,MINBIO,2049,9999.0
KENYA,MINBIO,2050,9999.0
KENYA,MINCOA,2019,9999.0
KENYA,MINCOA,2020,9999.0
KENYA,MINCOA,2021,9999.0
KENYA,MINCOA,2022,9999.0
KENYA,MINCOA,2023,9999.0
KENYA,MINCOA,2024,9999.0
KENYA,MINCOA,2025,9999.0
KENYA,MINCOA,2026,9999.0
KENYA,MINCOA,2027,9999.0
KENYA,MINCOA,2028,9999.0
KENYA,MINCOA,2029,9999.0
KENYA,MINCOA,2030,9999.0
KENYA,MINCOA,2031,9999.0
KENYA,MINCOA,2032,9999.0
KENYA,MINCOA,2033,9999.0
KENYA,MINCOA,2034,9999.0
KENYA,MINCOA,2035,9999.0
KENYA,MINCOA,2036,9999.0
KENYA,MINCOA,2037,9999.0
KENYA,MINCOA,2038,9999.0
KENYA,MINCOA,2039,9999.0
KENYA,MINCOA,2040,9999.0
KENYA,MINCOA,2041,9999.0
KENYA,MINCOA,2042,9999.0
KENYA,MINCOA,2043,9999.0
KENYA,MINCOA,2044,9999.0
KENYA,MINCOA,2045,9999.0
KENYA,MINCOA,2046,9999.0
KENYA,MINCOA,2047,9999.0
KENYA,MINCOA,2048,9999.0
KENYA,MINCOA,2049,9999.0
KENYA,MINCOA,2050,9999.0
KENYA,MINGEO,2019,9999.0
KENYA,MINGEO,2020,9999.0
KENYA,MINGEO,2021,9999.0
KENYA,MINGEO,2022,9999.0
KENYA,MINGEO,2023,9999.0
KENYA,MINGEO,2024,9999.0
KENYA,MINGEO,2025,9999.0
KENYA,MINGEO,2026,9999.0
KENYA,MINGEO,2027,9999.0
KENYA,MINGEO,2028,9999.0
KENYA,MINGEO,2029,9999.0
KENYA,MINGEO,2030,9999.0
KENYA,MINGEO,2031,9999.0
KENYA,MINGEO,2032,9999.0
KENYA,MINGEO,2033,9999.0
KENYA,MINGEO,2034,9999.0
KENYA,MINGEO,2035,9999.0
KENYA,MINGEO,2036,9999.0
KENYA,MINGEO,2037,9999.0
KENYA,MINGEO,2038,9999.0
KENYA,MINGEO,2039,9999.0
KENYA,MINGEO,2040,9999.0
KENYA,MINGEO,2041,9999.0
KENYA,MINGEO,2042,9999.0
KENYA,MINGEO,2043,9999.0
KENYA,MINGEO,2044,9999.0
KENYA,MINGEO,2045,9999.0
KENYA,MINGEO,2046,9999.0
KENYA,MINGEO,2047,9999.0
KENYA,MINGEO,2048,9999.0
KENYA,MINGEO,2049,9999.0
KENYA,MINGEO,2050,9999.0
KENYA,MINHYD,2019,9999.0
KENYA,MINHYD,2020,9999.0
KENYA,MINHYD,2021,9999.0
KENYA,MINHYD,2022,9999.0
KENYA,MINHYD,2023,9999.0
KENYA,MINHYD,2024,9999.0
KENYA,MINHYD,2025,9999.0
KENYA,MINHYD,2026,9999.0
KENYA,MINHYD,2027,9999.0
KENYA,MINHYD,2028,9999.0
KENYA,MINHYD,2029,9999.0
KENYA,MINHYD,2030,9999.0
KENYA,MINHYD,2031,9999.0
KENYA,MINHYD,2032,9999.0
KENYA,MINHYD,2033,9999.0
KENYA,MINHYD,2034,9999.0
KENYA,MINHYD,2035,9999.0
KENYA,MINHYD,2036,9999.0
KENYA,MINHYD,2037,9999.0
KENYA,MINHYD,2038,9999.0
KENYA,MINHYD,2039,9999.0
KENYA,MINHYD,2040,9999.0
KENYA,MINHYD,2041,9999.0
KENYA,MINHYD,2042,9999.0
KENYA,MINHYD,2043,9999.0
KENYA,MINHYD,2044,9999.0
KENYA,MINHYD,2045,9999.0
KENYA,MINHYD,2046,9999.0
KENYA,MINHYD,2047,9999.0
KENYA,MINHYD,2048,9999.0
KENYA,MINHYD,2049,9999.0
KENYA,MINHYD,2050,9999.0
KENYA,MINSOL,2019,9999.0
KENYA,MINSOL,2020,9999.0
KENYA,MINSOL,2021,9999.0
KENYA,MINSOL,2022,9999.0
KENYA,MINSOL,2023,9999.0
KENYA,MINSOL,2024,9999.0
KENYA,MINSOL,2025,9999.0
KENYA,MINSOL,2026,9999.0
KENYA,MINSOL,2027,9999.0
KENYA,MINSOL,2028,9999.0
KENYA,MINSOL,2029,9999.0
KENYA,MINSOL,2030,9999.0
KENYA,MINSOL,2031,9999.0
KENYA,MINSOL,2032,9999.0
KENYA,MINSOL,2033,9999.0
KENYA,MINSOL,2034,9999.0
KENYA,MINSOL,2035,9999.0
KENYA,MINSOL,2036,9999.0
KENYA,MINSOL,2037,9999.0
KENYA,MINSOL,2038,9999.0
KENYA,MINSOL,2039,9999.0
KENYA,MINSOL,2040,9999.0
KENYA,MINSOL,2041,9999.0
KENYA,MINSOL,2042,9999.0
KENYA,MINSOL,2043,9999.0
KENYA,MINSOL,2044,9999.0
KENYA,MINSOL,2045,9999.0
KENYA,MINSOL,2046,9999.0
KENYA,MINSOL,2047,9999.0
KENYA,MINSOL,2048,9999.0
KENYA,MINSOL,2049,9999.0
KENYA,MINSOL,2050,9999.0
KENYA,MINWND,2019,9999.0
KENYA,MINWND,2020,9999.0
KENYA,MINWND,2021,9999.0
KENYA,MINWND,2022,9999.0
KENYA,MINWND,2023,9999.0
KENYA,MINWND,2024,9999.0
KENYA,MINWND,2025,9999.0
KENYA,MINWND,2026,9999.0
KENYA,MINWND,2027,9999.0
KENYA,MINWND,2028,9999.0
KENYA,MINWND,2029,9999.0
KENYA,MINWND,2030,9999.0
KENYA,MINWND,2031,9999.0
KENYA,MINWND,2032,9999.0
KENYA,MINWND,2033,9999.0
KENYA,MINWND,2034,9999.0
KENYA,MINWND,2035,9999.0
KENYA,MINWND,2036,9999.0
KENYA,MINWND,2037,9999.0
KENYA,MINWND,2038,9999.0
KENYA,MINWND,2039,9999.0
KENYA,MINWND,2040,9999.0
KENYA,MINWND,2041,9999.0
KENYA,MINWND,2042,9999.0
KENYA,MINWND,2043,9999.0
KENYA,MINWND,2044,9999.0
KENYA,MINWND,2045,9999.0
KENYA,MINWND,2046,9999.0
KENYA,MINWND,2047,9999.0
KENYA,MINWND,2048,9999.0
KENYA,MINWND,2049,9999.0
KENYA,MINWND,2050,9999.0
KENYA,PWRBIO001,2023,0.0014
KENYA,PWRBIO001,2024,0.0014
KENYA,PWRBIO001,2025,0.0014
KENYA,PWRBIO001,2026,0.0114
KENYA,PWRBIO001,2027,0.0114
KENYA,PWRBIO001,2028,0.0194
KENYA,PWRBIO001,2029,0.0194
KENYA,PWRBIO001,2030,0.0676
KENYA,PWRBIO001,2031,0.0876
KENYA,PWRBIO001,2032,0.0984
KENYA,PWRBIO001,2033,0.1014
KENYA,PWRBIO001,2034,0.1074
KENYA,PWRBIO001,2035,0.1077
KENYA,PWRBIO001,2036,0.1166
KENYA,PWRBIO001,2037,0.1166
KENYA,PWRBIO001,2038,0.1344
KENYA,PWRBIO001,2039,0.1344
KENYA,PWRBIO001,2040,0.1344
KENYA,PWRBIO001,2041,0.1344
KENYA,PWRBIO001,2042,0.17
KENYA,PWRBIO001,2043,0.1809
KENYA,PWRBIO001,2044,0.1898
KENYA,PWRBIO001,2045,0.1987
KENYA,PWRBIO001,2046,0.2076
KENYA,PWRBIO001,2047,0.2165
KENYA,PWRBIO001,2048,0.2165
KENYA,PWRBIO001,2049,0.2165
KENYA,PWRBIO001,2050,0.2165
KENYA,PWRDIST,2019,0.2935
KENYA,PWRDIST,2020,0.3264
KENYA,PWRDIST,2021,0.4112
KENYA,PWRDIST,2022,0.4757
KENYA,PWRDIST,2023,0.5324
KENYA,PWRDIST,2024,0.6015
KENYA,PWRDIST,2025,0.6781
KENYA,PWRDIST,2026,0.7456
KENYA,PWRDIST,2027,0.8729
KENYA,PWRDIST,2028,1.0121
KENYA,PWRDIST,2029,1.1692
KENYA,PWRDIST,2030,1.323
KENYA,PWRDIST,2031,1.4698
KENYA,PWRDIST,2032,1.6395
KENYA,PWRDIST,2033,1.8044
KENYA,PWRDIST,2034,1.9847
KENYA,PWRDIST,2035,2.1717
KENYA,PWRDIST,2036,2.3636
KENYA,PWRDIST,2037,2.594
KENYA,PWRDIST,2038,2.834
KENYA,PWRDIST,2039,3.0877
KENYA,PWRDIST,2040,3.3568
KENYA,PWRDIST,2041,3.6402
KENYA,PWRDIST,2042,3.9336
KENYA,PWRDIST,2043,4.2465
KENYA,PWRDIST,2044,4.5761
KENYA,PWRDIST,2045,4.9245
KENYA,PWRDIST,2046,5.2922
KENYA,PWRDIST,2047,5.6795
KENYA,PWRDIST,2048,6.0891
KENYA,PWRDIST,2049,6.5212
KENYA,PWRDIST,2050,6.9764
KENYA,PWRGEO010,2023,0.035
KENYA,PWRGEO010,2024,0.035
KENYA,PWRGEO010,2025,0.035
KENYA,PWRGEO010,2026,0.035
KENYA,PWRGEO010,2027,0.035
KENYA,PWRGEO010,2028,0.035
KENYA,PWRGEO010,2029,0.035
KENYA,PWRGEO010,2030,0.035
KENYA,PWRGEO010,2031,0.035
KENYA,PWRGEO010,2032,0.035
KENYA,PWRGEO010,2033,0.035
KENYA,PWRGEO010,2034,0.035
KENYA,PWRGEO010,2035,0.035
KENYA,PWRGEO010,2036,0.035
KENYA,PWRGEO010,2037,0.035
KENYA,PWRGEO010,2038,0.035
KENYA,PWRGEO010,2039,0.035
KENYA,PWRGEO010,2040,0.035
KENYA,PWRGEO010,2041,0.035
KENYA,PWRGEO010,2042,0.035
KENYA,PWRGEO010,2043,0.035
KENYA,PWRGEO010,2044,0.035
KENYA,PWRGEO010,2045,0.035
KENYA,PWRGEO010,2046,0.035
KENYA,PWRGEO010,2047,0.035
KENYA,PWRGEO011,2022,0.0833
KENYA,PWRGEO011,2023,0.0833
KENYA,PWRGEO011,2024,0.0833
KENYA,PWRGEO011,2025,0.0833
KENYA,PWRGEO011,2026,0.0833
KENYA,PWRGEO011,2027,0.0833
KENYA,PWRGEO011,2028,0.0833
KENYA,PWRGEO011,2029,0.0833
KENYA,PWRGEO011,2030,0.0833
KENYA,PWRGEO011,2031,0.0833
KENYA,PWRGEO011,2032,0.0833
KENYA,PWRGEO011,2033,0.0833
KENYA,PWRGEO011,2034,0.0833
KENYA,PWRGEO011,2035,0.0833
KENYA,PWRGEO011,2036,0.0833
KENYA,PWRGEO011,2037,0.0833
KENYA,PWRGEO011,2038,0.0833
KENYA,PWRGEO011,2039,0.0833
KENYA,PWRGEO011,2040,0.0833
KENYA,PWRGEO011,2041,0.0833
KENYA,PWRGEO011,2042,0.0833
KENYA,PWRGEO011,2043,0.0833
KENYA,PWRGEO011,2044,0.0833
KENYA,PWRGEO011,2045,0.0833
KENYA,PWRGEO011,2046,0.0833
KENYA,PWRGEO013,2029,0.1187
KENYA,PWRGEO013,2030,0.14
KENYA,PWRGEO013,2031,0.14
KENYA,PWRGEO013,2032,0.14
KENYA,PWRGEO013,2033,0.14
KENYA,PWRGEO013,2034,0.14
KENYA,PWRGEO013,2035,0.14
KENYA,PWRGEO013,2036,0.14
KENYA,PWRGEO013,2037,0.14
KENYA,PWRGEO013,2038,0.14
KENYA,PWRGEO013,2039,0.14
KENYA,PWRGEO013,2040,0.14
KENYA,PWRGEO013,2041,0.14
KENYA,PWRGEO013,2042,0.14
KENYA,PWRGEO013,2043,0.14
KENYA,PWRGEO013,2044,0.14
KENYA,PWRGEO013,2045,0.14
KENYA,PWRGEO013,2046,0.14
KENYA,PWRGEO013,2047,0.14
KENYA,PWRGEO013,2048,0.14
KENYA,PWRGEO013,2049,0.14
KENYA,PWRGEO013,2050,0.14
KENYA,PWRGEO014,2029,0.14
KENYA,PWRGEO014,2030,0.14
KENYA,PWRGEO014,2031,0.14
KENYA,PWRGEO014,2032,0.14
KENYA,PWRGEO014,2033,0.14
KENYA,PWRGEO014,2034,0.14
KENYA,PWRGEO014,2035,0.14
KENYA,PWRGEO014,2036,0.14
KENYA,PWRGEO014,2037,0.14
KENYA,PWRGEO014,2038,0.14
KENYA,PWRGEO014,2039,0.14
KENYA,PWRGEO014,2040,0.14
KENYA,PWRGEO014,2041,0.14
KENYA,PWRGEO014,2042,0.14
KENYA,PWRGEO014,2043,0.14
KENYA,PWRGEO014,2044,0.14
KENYA,PWRGEO014,2045,0.14
KENYA,PWRGEO014,2046,0.14
KENYA,PWRGEO014,2047,0.14
KENYA,PWRGEO014,2048,0.14
KENYA,PWRGEO014,2049,0.14
KENYA,PWRGEO014,2050,0.14
KENYA,PWRGEO015,2034,0.14
KENYA,PWRGEO015,2035,0.14
KENYA,PWRGEO015,2036,0.14
KENYA,PWRGEO015,2037,0.14
KENYA,PWRGEO015,2038,0.14
KENYA,PWRGEO015,2039,0.14
KENYA,PWRGEO015,2040,0.14
KENYA,PWRGEO015,2041,0.14
KENYA,PWRGEO015,2042,0.14
KENYA,PWRGEO015,2043,0.14
KENYA,PWRGEO015,2044,0.14
KENYA,PWRGEO015,2045,0.14
KENYA,PWRGEO015,2046,0.14
KENYA,PWRGEO015,2047,0.14
KENYA,PWRGEO015,2048,0.14
KENYA,PWRGEO015,2049,0.14
KENYA,PWRGEO015,2050,0.14
KENYA,PWRGEO016,2036,0.14
KENYA,PWRGEO016,2037,0.14
KENYA,PWRGEO016,2038,0.14
KENYA,PWRGEO016,2039,0.14
KENYA,PWRGEO016,2040,0.14
KENYA,PWRGEO016,2041,0.14
KENYA,PWRGEO016,2042,0.14
KENYA,PWRGEO016,2043,0.14
KENYA,PWRGEO016,2044,0.14
KENYA,PWRGEO016,2045,0.14
KENYA,PWRGEO016,2046,0.14
KENYA,PWRGEO016,2047,0.14
KENYA,PWRGEO016,2048,0.14
KENYA,PWRGEO016,2049,0.14
KENYA,PWRGEO016,2050,0.14
KENYA,PWRGEO017,2028,0.025
KENYA,PWRGEO017,2029,0.025
KENYA,PWRGEO017,2030,0.025
KENYA,PWRGEO017,2031,0.025
KENYA,PWRGEO017,2032,0.025
KENYA,PWRGEO017,2033,0.025
KENYA,PWRGEO017,2034,0.025
KENYA,PWRGEO017,2035,0.025
KENYA,PWRGEO017,2036,0.025
KENYA,PWRGEO017,2037,0.025
KENYA,PWRGEO017,2038,0.025
KENYA,PWRGEO017,2039,0.025
KENYA,PWRGEO017,2040,0.025
KENYA,PWRGEO017,2041,0.025
KENYA,PWRGEO017,2042,0.025
KENYA,PWRGEO017,2043,0.025
KENYA,PWRGEO017,2044,0.025
KENYA,PWRGEO017,2045,0.025
KENYA,PWRGEO017,2046,0.025
KENYA,PWRGEO017,2047,0.025
KENYA,PWRGEO017,2048,0.025
KENYA,PWRGEO017,2049,0.025
KENYA,PWRGEO017,2050,0.025
KENYA,PWRGEO018,2039,0.06
KENYA,PWRGEO018,2040,0.06
KENYA,PWRGEO018,2041,0.06
KENYA,PWRGEO018,2042,0.06
KENYA,PWRGEO018,2043,0.06
KENYA,PWRGEO018,2044,0.06
KENYA,PWRGEO018,2045,0.06
KENYA,PWRGEO018,2046,0.06
KENYA,PWRGEO018,2047,0.06
KENYA,PWRGEO018,2048,0.06
KENYA,PWRGEO018,2049,0.06
KENYA,PWRGEO018,2050,0.06
KENYA,PWRGEO019,2037,0.1
KENYA,PWRGEO019,2038,0.1
KENYA,PWRGEO019,2039,0.1
KENYA,PWRGEO019,2040,0.1
KENYA,PWRGEO019,2041,0.1
KENYA,PWRGEO019,2042,0.1
KENYA,PWRGEO019,2043,0.1
KENYA,PWRGEO019,2044,0.1
KENYA,PWRGEO019,2045,0.1
KENYA,PWRGEO019,2046,0.1
KENYA,PWRGEO019,2047,0.1
KENYA,PWRGEO019,2048,0.1
KENYA,PWRGEO019,2049,0.1
KENYA,PWRGEO019,2050,0.1
KENYA,PWRGEO020,2040,0.1
KENYA,PWRGEO020,2041,0.1
KENYA,PWRGEO020,2042,0.1
KENYA,PWRGEO020,2043,0.1
KENYA,PWRGEO020,2044,0.1
KENYA,PWRGEO020,2045,0.1
KENYA,PWRGEO020,2046,0.1
KENYA,PWRGEO020,2047,0.1
KENYA,PWRGEO020,2048,0.1
KENYA,PWRGEO020,2049,0.1
KENYA,PWRGEO020,2050,0.1
KENYA,PWRGEO021,2040,0.0044
KENYA,PWRGEO021,2041,0.1
KENYA,PWRGEO021,2042,0.1
KENYA,PWRGEO021,2043,0.1
KENYA,PWRGEO021,2044,0.1
KENYA,PWRGEO021,2045,0.1
KENYA,PWRGEO021,2046,0.1
KENYA,PWRGEO021,2047,0.1
KENYA,PWRGEO021,2048,0.1
KENYA,PWRGEO021,2049,0.1
KENYA,PWRGEO021,2050,0.1
KENYA,PWRGEO024,2031,0.1
KENYA,PWRGEO024,2032,0.1
KENYA,PWRGEO024,2033,0.1
KENYA,PWRGEO024,2034,0.1
KENYA,PWRGEO024,2035,0.1
KENYA,PWRGEO024,2036,0.1
KENYA,PWRGEO024,2037,0.1
KENYA,PWRGEO024,2038,0.1
KENYA,PWRGEO024,2039,0.1
KENYA,PWRGEO024,2040,0.1
KENYA,PWRGEO024,2041,0.1
KENYA,PWRGEO024,2042,0.1
KENYA,PWRGEO024,2043,0.1
KENYA,PWRGEO024,2044,0.1
KENYA,PWRGEO024,2045,0.1
KENYA,PWRGEO024,2046,0.1
KENYA,PWRGEO024,2047,0.1
KENYA,PWRGEO024,2048,0.1
KENYA,PWRGEO024,2049,0.1
KENYA,PWRGEO024,2050,0.1
KENYA,PWRGEO025,2041,0.1
KENYA,PWRGEO025,2042,0.1
KENYA,PWRGEO025,2043,0.1
KENYA,PWRGEO025,2044,0.1
KENYA,PWRGEO025,2045,0.1
KENYA,PWRGEO025,2046,0.1
KENYA,PWRGEO025,2047,0.1
KENYA,PWRGEO025,2048,0.1
KENYA,PWRGEO025,2049,0.1
KENYA,PWRGEO025,2050,0.1
KENYA,PWRGEO026,2040,0.1
KENYA,PWRGEO026,2041,0.1
KENYA,PWRGEO026,2042,0.1
KENYA,PWRGEO026,2043,0.1
KENYA,PWRGEO026,2044,0.1
KENYA,PWRGEO026,2045,0.1
KENYA,PWRGEO026,2046,0.1
KENYA,PWRGEO026,2047,0.1
KENYA,PWRGEO026,2048,0.1
KENYA,PWRGEO026,2049,0.1
KENYA,PWRGEO026,2050,0.1
KENYA,PWRGEO027,2025,0.035
KENYA,PWRGEO027,2026,0.035
KENYA,PWRGEO027,2027,0.035
KENYA,PWRGEO027,2028,0.035
KENYA,PWRGEO027,2029,0.035
KENYA,PWRGEO027,2030,0.035
KENYA,PWRGEO027,2031,0.035
KENYA,PWRGEO027,2032,0.035
KENYA,PWRGEO027,2033,0.035
KENYA,PWRGEO027,2034,0.035
KENYA,PWRGEO027,2035,0.035
KENYA,PWRGEO027,2036,0.035
KENYA,PWRGEO027,2037,0.035
KENYA,PWRGEO027,2038,0.035
KENYA,PWRGEO027,2039,0.035
KENYA,PWRGEO027,2040,0.035
KENYA,PWRGEO027,2041,0.035
KENYA,PWRGEO027,2042,0.035
KENYA,PWRGEO027,2043,0.035
KENYA,PWRGEO027,2044,0.035
KENYA,PWRGEO027,2045,0.035
KENYA,PWRGEO027,2046,0.035
KENYA,PWRGEO027,2047,0.035
KENYA,PWRGEO027,2048,0.035
KENYA,PWRGEO027,2049,0.035
KENYA,PWRGEO028,2028,0.035
KENYA,PWRGEO028,2029,0.035
KENYA,PWRGEO028,2030,0.035
KENYA,PWRGEO028,2031,0.035
KENYA,PWRGEO028,2032,0.035
KENYA,PWRGEO028,2033,0.035
KENYA,PWRGEO028,2034,0.035
KENYA,PWRGEO028,2035,0.035
KENYA,PWRGEO028,2036,0.035
KENYA,PWRGEO028,2037,0.035
KENYA,PWRGEO028,2038,0.035
KENYA,PWRGEO028,2039,0.035
KENYA,PWRGEO028,2040,0.035
KENYA,PWRGEO028,2041,0.035
KENYA,PWRGEO028,2042,0.035
KENYA,PWRGEO028,2043,0.035
KENYA,PWRGEO028,2044,0.035
KENYA,PWRGEO028,2045,0.035
KENYA,PWRGEO028,2046,0.035
KENYA,PWRGEO028,2047,0.035
KENYA,PWRGEO028,2048,0.035
KENYA,PWRGEO028,2049,0.035
KENYA,PWRGEO028,2050,0.035
KENYA,PWRGEO029,2038,0.1
KENYA,PWRGEO029,2039,0.1
KENYA,PWRGEO029,2040,0.1
KENYA,PWRGEO029,2041,0.1
KENYA,PWRGEO029,2042,0.1
KENYA,PWRGEO029,2043,0.1
KENYA,PWRGEO029,2044,0.1
KENYA,PWRGEO029,2045,0.1
KENYA,PWRGEO029,2046,0.1
KENYA,PWRGEO029,2047,0.1
KENYA,PWRGEO029,2048,0.1
KENYA,PWRGEO029,2049,0.1
KENYA,PWRGEO029,2050,0.1
KENYA,PWRGEO030,2039,0.1
KENYA,PWRGEO030,2040,0.1
KENYA,PWRGEO030,2041,0.1
KENYA,PWRGEO030,2042,0.1
KENYA,PWRGEO030,2043,0.1
KENYA,PWRGEO030,2044,0.1
KENYA,PWRGEO030,2045,0.1
KENYA,PWRGEO030,2046,0.1
KENYA,PWRGEO030,2047,0.1
KENYA,PWRGEO030,2048,0.1
KENYA,PWRGEO030,2049,0.1
KENYA,PWRGEO030,2050,0.1
KENYA,PWRGEO031,2040,0.1
KENYA,PWRGEO031,2041,0.1
KENYA,PWRGEO031,2042,0.1
KENYA,PWRGEO031,2043,0.1
KENYA,PWRGEO031,2044,0.1
KENYA,PWRGEO031,2045,0.1
KENYA,PWRGEO031,2046,0.1
KENYA,PWRGEO031,2047,0.1
KENYA,PWRGEO031,2048,0.1
KENYA,PWRGEO031,2049,0.1
KENYA,PWRGEO031,2050,0.1
KENYA,PWRGEO033,2025,0.02
KENYA,PWRGEO033,2026,0.02
KENYA,PWRGEO033,2027,0.02
KENYA,PWRGEO033,2028,0.02
KENYA,PWRGEO033,2029,0.02
KENYA,PWRGEO033,2030,0.02
KENYA,PWRGEO033,2031,0.02
KENYA,PWRGEO033,2032,0.02
KENYA,PWRGEO033,2033,0.02
KENYA,PWRGEO033,2034,0.02
KENYA,PWRGEO033,2035,0.02
KENYA,PWRGEO033,2036,0.02
KENYA,PWRGEO033,2037,0.02
KENYA,PWRGEO033,2038,0.02
KENYA,PWRGEO033,2039,0.02
KENYA,PWRGEO033,2040,0.02
KENYA,PWRGEO033,2041,0.02
KENYA,PWRGEO033,2042,0.02
KENYA,PWRGEO033,2043,0.02
KENYA,PWRGEO033,2044,0.02
KENYA,PWRGEO033,2045,0.02
KENYA,PWRGEO033,2046,0.02
KENYA,PWRGEO033,2047,0.02
KENYA,PWRGEO033,2048,0.02
KENYA,PWRGEO033,2049,0.02
KENYA,PWRGEO034,2041,0.035
KENYA,PWRGEO034,2042,0.035
KENYA,PWRGEO034,2043,0.035
KENYA,PWRGEO034,2044,0.035
KENYA,PWRGEO034,2045,0.035
KENYA,PWRGEO034,2046,0.035
KENYA,PWRGEO034,2047,0.035
KENYA,PWRGEO034,2048,0.035
KENYA,PWRGEO034,2049,0.035
KENYA,PWRGEO034,2050,0.035
KENYA,PWRGEO035,2031,0.035
KENYA,PWRGEO035,2032,0.035
KENYA,PWRGEO035,2033,0.035
KENYA,PWRGEO035,2034,0.035
KENYA,PWRGEO035,2035,0.035
KENYA,PWRGEO035,2036,0.035
KENYA,PWRGEO035,2037,0.035
KENYA,PWRGEO035,2038,0.035
KENYA,PWRGEO035,2039,0.035
KENYA,PWRGEO035,2040,0.035
KENYA,PWRGEO035,2041,0.035
KENYA,PWRGEO035,2042,0.035
KENYA,PWRGEO035,2043,0.035
KENYA,PWRGEO035,2044,0.035
KENYA,PWRGEO035,2045,0.035
KENYA,PWRGEO035,2046,0.035
KENYA,PWRGEO035,2047,0.035
KENYA,PWRGEO035,2048,0.035
KENYA,PWRGEO035,2049,0.035
KENYA,PWRGEO035,2050,0.035
KENYA,PWRGEO038,2026,0.02
KENYA,PWRGEO038,2027,0.02
KENYA,PWRGEO038,2028,0.02
KENYA,PWRGEO038,2029,0.02
KENYA,PWRGEO038,2030,0.02
KENYA,PWRGEO038,2031,0.02
KENYA,PWRGEO038,2032,0.02
KENYA,PWRGEO038,2033,0.02
KENYA,PWRGEO038,2034,0.02
KENYA,PWRGEO038,2035,0.02
KENYA,PWRGEO038,2036,0.02
KENYA,PWRGEO038,2037,0.02
KENYA,PWRGEO038,2038,0.02
KENYA,PWRGEO038,2039,0.02
KENYA,PWRGEO038,2040,0.02
KENYA,PWRGEO038,2041,0.02
KENYA,PWRGEO038,2042,0.02
KENYA,PWRGEO038,2043,0.02
KENYA,PWRGEO038,2044,0.02
KENYA,PWRGEO038,2045,0.02
KENYA,PWRGEO038,2046,0.02
KENYA,PWRGEO038,2047,0.02
KENYA,PWRGEO038,2048,0.02
KENYA,PWRGEO038,2049,0.02
KENYA,PWRGEO038,2050,0.02
KENYA,PWRGEO042,2039,0.05
KENYA,PWRGEO042,2040,0.05
KENYA,PWRGEO042,2041,0.05
KENYA,PWRGEO042,2042,0.05
KENYA,PWRGEO042,2043,0.05
KENYA,PWRGEO042,2044,0.05
KENYA,PWRGEO042,2045,0.05
KENYA,PWRGEO042,2046,0.05
KENYA,PWRGEO042,2047,0.05
KENYA,PWRGEO042,2048,0.05
KENYA,PWRGEO042,2049,0.05
KENYA,PWRGEO042,2050,0.05
KENYA,PWRGEO049,2025,0.021
KENYA,PWRGEO049,2026,0.021
KENYA,PWRGEO049,2027,0.021
KENYA,PWRGEO049,2028,0.021
KENYA,PWRGEO049,2029,0.021
KENYA,PWRGEO049,2030,0.021
KENYA,PWRGEO049,2031,0.021
KENYA,PWRGEO049,2032,0.021
KENYA,PWRGEO049,2033,0.021
KENYA,PWRGEO049,2034,0.021
KENYA,PWRGEO049,2035,0.021
KENYA,PWRGEO049,2036,0.021
KENYA,PWRGEO049,2037,0.021
KENYA,PWRGEO049,2038,0.021
KENYA,PWRGEO049,2039,0.021
KENYA,PWRGEO049,2040,0.021
KENYA,PWRGEO049,2041,0.021
KENYA,PWRGEO049,2042,0.021
KENYA,PWRGEO049,2043,0.021
KENYA,PWRGEO049,2044,0.021
KENYA,PWRGEO049,2045,0.021
KENYA,PWRGEO049,2046,0.021
KENYA,PWRGEO049,2047,0.021
KENYA,PWRGEO049,2048,0.021
KENYA,PWRGEO049,2049,0.021
KENYA,PWRGEO049,2050,0.021
KENYA,PWRGEO050,2025,0.021
KENYA,PWRGEO050,2026,0.021
KENYA,PWRGEO050,2027,0.021
KENYA,PWRGEO050,2028,0.021
KENYA,PWRGEO050,2029,0.021
KENYA,PWRGEO050,2030,0.021
KENYA,PWRGEO050,2031,0.021
KENYA,PWRGEO050,2032,0.021
KENYA,PWRGEO050,2033,0.021
KENYA,PWRGEO050,2034,0.021
KENYA,PWRGEO050,2035,0.021
KENYA,PWRGEO050,2036,0.021
KENYA,PWRGEO050,2037,0.021
KENYA,PWRGEO050,2038,0.021
KENYA,PWRGEO050,2039,0.021
KENYA,PWRGEO050,2040,0.021
KENYA,PWRGEO050,2041,0.021
KENYA,PWRGEO050,2042,0.021
KENYA,PWRGEO050,2043,0.021
KENYA,PWRGEO050,2044,0.021
KENYA,PWRGEO050,2045,0.021
KENYA,PWRGEO050,2046,0.021
KENYA,PWRGEO050,2047,0.021
KENYA,PWRGEO050,2048,0.021
KENYA,PWRGEO050,2049,0.021
KENYA,PWRGEO050,2050,0.021
KENYA,PWRGEO051,2025,0.021
KENYA,PWRGEO051,2026,0.021
KENYA,PWRGEO051,2027,0.021
KENYA,PWRGEO051,2028,0.021
KENYA,PWRGEO051,2029,0.021
KENYA,PWRGEO051,2030,0.021
KENYA,PWRGEO051,2031,0.021
KENYA,PWRGEO051,2032,0.021
KENYA,PWRGEO051,2033,0.021
KENYA,PWRGEO051,2034,0.021
KENYA,PWRGEO051,2035,0.021
KENYA,PWRGEO051,2036,0.021
KENYA,PWRGEO051,2037,0.021
KENYA,PWRGEO051,2038,0.021
KENYA,PWRGEO051,2039,0.021
KENYA,PWRGEO051,2040,0.021
KENYA,PWRGEO051,2041,0.021
KENYA,PWRGEO051,2042,0.021
KENYA,PWRGEO051,2043,0.021
KENYA,PWRGEO051,2044,0.021
KENYA,PWRGEO051,2045,0.021
KENYA,PWRGEO051,2046,0.021
KENYA,PWRGEO051,2047,0.021
KENYA,PWRGEO051,2048,0.021
KENYA,PWRGEO051,2049,0.021
KENYA,PWRGEO051,2050,0.021
KENYA,PWRGEO101,2026,0.0037
KENYA,PWRGEO101,2027,0.014
KENYA,PWRGEO101,2028,0.0252
KENYA,PWRGEO101,2029,0.0374
KENYA,PWRGEO101,2030,0.0507
KENYA,PWRGEO101,2031,0.0651
KENYA,PWRGEO101,2032,0.0808
KENYA,PWRGEO101,2033,0.0978
KENYA,PWRGEO101,2034,0.1163
KENYA,PWRGEO101,2035,0.1364
KENYA,PWRGEO101,2036,0.1583
KENYA,PWRGEO101,2037,0.182
KENYA,PWRGEO101,2038,0.2079
KENYA,PWRGEO101,2039,0.236
KENYA,PWRGEO101,2040,0.2665
KENYA,PWRGEO101,2041,0.2997
KENYA,PWRGEO101,2042,0.3357
KENYA,PWRGEO101,2043,0.375
KENYA,PWRGEO101,2044,0.4176
KENYA,PWRGEO101,2045,0.4639
KENYA,PWRGEO101,2046,0.4992
KENYA,PWRGEO101,2047,0.4992
KENYA,PWRGEO101,2048,0.4992
KENYA,PWRGEO101,2049,0.4992
KENYA,PWRGEO101,2050,0.4992
KENYA,PWRGEO102,2026,0.0872
KENYA,PWRGEO102,2027,0.17
KENYA,PWRGEO102,2028,0.19
KENYA,PWRGEO102,2029,0.19
KENYA,PWRGEO102,2030,0.2243
KENYA,PWRGEO102,2031,0.2243
KENYA,PWRGEO102,2032,0.28
KENYA,PWRGEO102,2033,0.31
KENYA,PWRGEO102,2034,0.34
KENYA,PWRGEO102,2035,0.38
KENYA,PWRGEO102,2036,0.42
KENYA,PWRGEO102,2037,0.4595
KENYA,PWRGEO102,2038,0.51
KENYA,PWRGEO102,2039,0.5572
KENYA,PWRGEO102,2040,0.5572
KENYA,PWRGEO102,2041,0.6642
KENYA,PWRGEO102,2042,0.77
KENYA,PWRGEO102,2043,0.85
KENYA,PWRGEO102,2044,0.94
KENYA,PWRGEO102,2045,1.04
KENYA,PWRGEO102,2046,1.15
KENYA,PWRGEO102,2047,1.27
KENYA,PWRGEO102,2048,1.4
KENYA,PWRGEO102,2049,1.55
KENYA,PWRGEO102,2050,1.71
KENYA,PWRHYD016,2023,0.0073
KENYA,PWRHYD016,2024,0.0098
KENYA,PWRHYD016,2025,0.0101
KENYA,PWRHYD016,2026,0.0349
KENYA,PWRHYD016,2027,0.0459
KENYA,PWRHYD016,2028,0.049
KENYA,PWRHYD016,2029,0.0564
KENYA,PWRHYD016,2030,0.093
KENYA,PWRHYD016,2031,0.1211
KENYA,PWRHYD016,2032,0.1393
KENYA,PWRHYD016,2033,0.1715
KENYA,PWRHYD016,2034,0.1966
KENYA,PWRHYD016,2035,0.2283
KENYA,PWRHYD016,2036,0.2562
KENYA,PWRHYD016,2037,0.2598
KENYA,PWRHYD016,2038,0.2637
KENYA,PWRHYD016,2039,0.2679
KENYA,PWRHYD016,2040,0.2726
KENYA,PWRHYD016,2041,0.2777
KENYA,PWRHYD016,2042,0.2833
KENYA,PWRHYD016,2043,0.2894
KENYA,PWRHYD016,2044,0.296
KENYA,PWRHYD016,2045,0.3033
KENYA,PWRHYD016,2046,0.3113
KENYA,PWRHYD016,2047,0.32
KENYA,PWRHYD016,2048,0.3295
KENYA,PWRHYD016,2049,0.3399
KENYA,PWRHYD016,2050,0.3513
KENYA,PWRNGS002,2034,0.007
KENYA,PWRNGS002,2035,0.1116
KENYA,PWRNGS002,2036,0.1116
KENYA,PWRNGS002,2037,0.1116
KENYA,PWRNGS002,2038,0.2133
KENYA,PWRNGS002,2039,0.2133
KENYA,PWRNGS002,2040,0.2133
KENYA,PWRNGS002,2041,0.2133
KENYA,PWRNGS002,2042,0.2133
KENYA,PWRNGS002,2043,0.2857
KENYA,PWRNGS002,2044,0.2992
KENYA,PWRNGS002,2045,0.2992
KENYA,PWRNGS002,2046,0.2992
KENYA,PWRNGS002,2047,0.2992
KENYA,PWRNGS002,2048,0.2992
KENYA,PWRNGS002,2049,0.2992
KENYA,PWRNGS002,2050,0.2992
KENYA,PWRNGS003,2041,0.0096
KENYA,PWRNGS003,2042,0.0096
KENYA,PWRNGS003,2043,0.0451
KENYA,PWRNGS003,2044,0.0451
KENYA,PWRNGS003,2045,0.0725
KENYA,PWRNGS003,2046,0.0725
KENYA,PWRNGS003,2047,0.0725
KENYA,PWRNGS003,2048,0.0725
KENYA,PWRNGS003,2049,0.0725
KENYA,PWRNGS003,2050,0.0725
KENYA,PWRNGS004,2027,0.0903
KENYA,PWRNGS004,2028,0.0947
KENYA,PWRNGS004,2029,0.0947
KENYA,PWRNGS004,2030,0.0947
KENYA,PWRNGS004,2031,0.1258
KENYA,PWRNGS004,2032,0.2
KENYA,PWRNGS004,2033,0.2
KENYA,PWRNGS004,2034,0.2
KENYA,PWRNGS004,2035,0.2
KENYA,PWRNGS004,2036,0.2
KENYA,PWRNGS004,2037,0.2
KENYA,PWRNGS004,2038,0.2
KENYA,PWRNGS004,2039,0.2
KENYA,PWRNGS004,2040,0.2
KENYA,PWRNGS004,2041,0.2
KENYA,PWRNGS004,2042,0.2
KENYA,PWRNGS004,2043,0.2
KENYA,PWRNGS004,2044,0.2
KENYA,PWRNGS004,2045,0.2
KENYA,PWRNGS004,2046,0.2
KENYA,PWRNGS004,2047,0.1808
KENYA,PWRNGS004,2048,0.1764
KENYA,PWRNGS004,2049,0.1764
KENYA,PWRNGS004,2050,0.2
KENYA,PWRNGS005,2031,0.08
KENYA,PWRNGS005,2032,0.08
KENYA,PWRNGS005,2033,0.08
KENYA,PWRNGS005,2034,0.08
KENYA,PWRNGS005,2035,0.08
KENYA,PWRNGS005,2036,0.08
KENYA,PWRNGS005,2037,0.08
KENYA,PWRNGS005,2038,0.08
KENYA,PWRNGS005,2039,0.08
KENYA,PWRNGS005,2040,0.08
KENYA,PWRNGS005,2041,0.08
KENYA,PWRNGS005,2042,0.08
KENYA,PWRNGS005,2043,0.08
KENYA,PWRNGS005,2044,0.08
KENYA,PWRNGS005,2045,0.08
KENYA,PWRNGS005,2046,0.08
KENYA,PWRNGS005,2047,0.08
KENYA,PWRNGS005,2048,0.08
KENYA,PWRNGS005,2049,0.08
KENYA,PWRNGS005,2050,0.08
KENYA,PWRNGS006,2034,0.0359
KENYA,PWRNGS006,2035,0.0359
KENYA,PWRNGS006,2036,0.0359
KENYA,PWRNGS006,2037,0.0359
KENYA,PWRNGS006,2038,0.0359
KENYA,PWRNGS006,2039,0.0359
KENYA,PWRNGS006,2040,0.0359
KENYA,PWRNGS006,2041,0.0359
KENYA,PWRNGS006,2042,0.0359
KENYA,PWRNGS006,2043,0.0581
KENYA,PWRNGS006,2044,0.08
KENYA,PWRNGS006,2045,0.08
KENYA,PWRNGS006,2046,0.08
KENYA,PWRNGS006,2047,0.08
KENYA,PWRNGS006,2048,0.08
KENYA,PWRNGS006,2049,0.08
KENYA,PWRNGS006,2050,0.08
KENYA,PWRNGS009,2030,0.1354
KENYA,PWRNGS009,2031,0.14
KENYA,PWRNGS009,2032,0.14
KENYA,PWRNGS009,2033,0.14
KENYA,PWRNGS009,2034,0.14
KENYA,PWRNGS009,2035,0.14
KENYA,PWRNGS009,2036,0.14
KENYA,PWRNGS009,2037,0.14
KENYA,PWRNGS009,2038,0.14
KENYA,PWRNGS009,2039,0.14
KENYA,PWRNGS009,2040,0.14
KENYA,PWRNGS009,2041,0.14
KENYA,PWRNGS009,2042,0.14
KENYA,PWRNGS009,2043,0.14
KENYA,PWRNGS009,2044,0.14
KENYA,PWRNGS009,2045,0.14
KENYA,PWRNGS009,2046,0.14
KENYA,PWRNGS009,2047,0.14
KENYA,PWRNGS009,2048,0.14
KENYA,PWRNGS009,2049,0.14
KENYA,PWRNGS009,2050,0.0046
KENYA,PWRNGS010,2031,0.0107
KENYA,PWRNGS010,2032,0.0107
KENYA,PWRNGS010,2033,0.1277
KENYA,PWRNGS010,2034,0.1277
KENYA,PWRNGS010,2035,0.1277
KENYA,PWRNGS010,2036,0.1277
KENYA,PWRNGS010,2037,0.1277
KENYA,PWRNGS010,2038,0.1277
KENYA,PWRNGS010,2039,0.1277
KENYA,PWRNGS010,2040,0.1277
KENYA,PWRNGS010,2041,0.1277
KENYA,PWRNGS010,2042,0.1277
KENYA,PWRNGS010,2043,0.1277
KENYA,PWRNGS010,2044,0.1277
KENYA,PWRNGS010,2045,0.1277
KENYA,PWRNGS010,2046,0.1277
KENYA,PWRNGS010,2047,0.1277
KENYA,PWRNGS010,2048,0.1277
KENYA,PWRNGS010,2049,0.1277
KENYA,PWRNGS010,2050,0.1277
KENYA,PWRNGS011,2034,0.0198
KENYA,PWRNGS011,2035,0.0198
KENYA,PWRNGS011,2036,0.0198
KENYA,PWRNGS011,2037,0.0198
KENYA,PWRNGS011,2038,0.0198
KENYA,PWRNGS011,2039,0.0198
KENYA,PWRNGS011,2040,0.0198
KENYA,PWRNGS011,2041,0.0603
KENYA,PWRNGS011,2042,0.0603
KENYA,PWRNGS011,2043,0.0603
KENYA,PWRNGS011,2044,0.0603
KENYA,PWRNGS011,2045,0.0603
KENYA,PWRNGS011,2046,0.0603
KENYA,PWRNGS011,2047,0.0603
KENYA,PWRNGS011,2048,0.0603
KENYA,PWRNGS011,2049,0.0603
KENYA,PWRNGS011,2050,0.0603
KENYA,PWRPHS001,2034,0.0964
KENYA,PWRPHS001,2035,0.2337
KENYA,PWRPHS001,2036,0.2816
KENYA,PWRPHS001,2037,0.2816
KENYA,PWRPHS001,2038,0.2816
KENYA,PWRPHS001,2039,0.2816
KENYA,PWRPHS001,2040,0.2816
KENYA,PWRPHS001,2041,0.2838
KENYA,PWRPHS001,2042,0.2838
KENYA,PWRPHS001,2043,0.2838
KENYA,PWRPHS001,2044,0.2838
KENYA,PWRPHS001,2045,0.2838
KENYA,PWRPHS001,2046,0.2838
KENYA,PWRPHS001,2047,0.2838
KENYA,PWRPHS001,2048,0.2838
KENYA,PWRPHS001,2049,0.2838
KENYA,PWRPHS001,2050,0.2838
KENYA,PWRPHS002,2035,0.0218
KENYA,PWRPHS002,2036,0.0218
KENYA,PWRPHS002,2037,0.0433
KENYA,PWRPHS002,2038,0.1022
KENYA,PWRPHS002,2039,0.1022
KENYA,PWRPHS002,2040,0.1022
KENYA,PWRPHS002,2041,0.1078
KENYA,PWRPHS002,2042,0.1078
KENYA,PWRPHS002,2043,0.1078
KENYA,PWRPHS002,2044,0.1078
KENYA,PWRPHS002,2045,0.1078
KENYA,PWRPHS002,2046,0.1078
KENYA,PWRPHS002,2047,0.1078
KENYA,PWRPHS002,2048,0.1078
KENYA,PWRPHS002,2049,0.1078
KENYA,PWRPHS002,2050,0.1078
KENYA,PWRSOL002,2023,0.04
KENYA,PWRSOL002,2024,0.04
KENYA,PWRSOL002,2025,0.04
KENYA,PWRSOL002,2026,0.04
KENYA,PWRSOL002,2027,0.04
KENYA,PWRSOL002,2028,0.04
KENYA,PWRSOL002,2029,0.04
KENYA,PWRSOL002,2030,0.04
KENYA,PWRSOL002,2031,0.04
KENYA,PWRSOL002,2032,0.04
KENYA,PWRSOL002,2033,0.04
KENYA,PWRSOL002,2034,0.04
KENYA,PWRSOL002,2035,0.04
KENYA,PWRSOL002,2036,0.04
KENYA,PWRSOL002,2037,0.04
KENYA,PWRSOL002,2038,0.04
KENYA,PWRSOL002,2039,0.04
KENYA,PWRSOL002,2040,0.04
KENYA,PWRSOL002,2041,0.04
KENYA,PWRSOL002,2042,0.04
KENYA,PWRSOL003,2038,0.03
KENYA,PWRSOL003,2039,0.03
KENYA,PWRSOL003,2040,0.03
KENYA,PWRSOL003,2041,0.03
KENYA,PWRSOL003,2042,0.03
KENYA,PWRSOL003,2043,0.03
KENYA,PWRSOL003,2044,0.03
KENYA,PWRSOL003,2045,0.03
KENYA,PWRSOL003,2046,0.03
KENYA,PWRSOL003,2047,0.03
KENYA,PWRSOL003,2048,0.03
KENYA,PWRSOL003,2049,0.03
KENYA,PWRSOL003,2050,0.03
KENYA,PWRSOL004,2038,0.04
KENYA,PWRSOL004,2039,0.04
KENYA,PWRSOL004,2040,0.04
KENYA,PWRSOL004,2041,0.04
KENYA,PWRSOL004,2042,0.04
KENYA,PWRSOL004,2043,0.04
KENYA,PWRSOL004,2044,0.04
KENYA,PWRSOL004,2045,0.04
KENYA,PWRSOL004,2046,0.04
KENYA,PWRSOL004,2047,0.04
KENYA,PWRSOL004,2048,0.04
KENYA,PWRSOL004,2049,0.04
KENYA,PWRSOL004,2050,0.04
KENYA,PWRSOL005,2038,0.04
KENYA,PWRSOL005,2039,0.04
KENYA,PWRSOL005,2040,0.04
KENYA,PWRSOL005,2041,0.04
KENYA,PWRSOL005,2042,0.04
KENYA,PWRSOL005,2043,0.04
KENYA,PWRSOL005,2044,0.04
KENYA,PWRSOL005,2045,0.04
KENYA,PWRSOL005,2046,0.04
KENYA,PWRSOL005,2047,0.04
KENYA,PWRSOL005,2048,0.04
KENYA,PWRSOL005,2049,0.04
KENYA,PWRSOL005,2050,0.04
KENYA,PWRSOL006,2023,0.0015
KENYA,PWRSOL006,2024,0.0015
KENYA,PWRSOL006,2025,0.0015
KENYA,PWRSOL006,2026,0.0015
KENYA,PWRSOL006,2027,0.0015
KENYA,PWRSOL006,2028,0.0015
KENYA,PWRSOL006,2029,0.0015
KENYA,PWRSOL006,2030,0.0015
KENYA,PWRSOL006,2031,0.0015
KENYA,PWRSOL006,2032,0.0015
KENYA,PWRSOL006,2033,0.0015
KENYA,PWRSOL006,2034,0.0015
KENYA,PWRSOL006,2035,0.0015
KENYA,PWRSOL006,2036,0.0015
KENYA,PWRSOL006,2037,0.0015
KENYA,PWRSOL006,2038,0.0015
KENYA,PWRSOL006,2039,0.0015
KENYA,PWRSOL006,2040,0.0015
KENYA,PWRSOL006,2041,0.0015
KENYA,PWRSOL006,2042,0.0015
KENYA,PWRSOL008,2022,0.04
KENYA,PWRSOL008,2023,0.04
KENYA,PWRSOL008,2024,0.04
KENYA,PWRSOL008,2025,0.04
KENYA,PWRSOL008,2026,0.04
KENYA,PWRSOL008,2027,0.04
KENYA,PWRSOL008,2028,0.04
KENYA,PWRSOL008,2029,0.04
KENYA,PWRSOL008,2030,0.04
KENYA,PWRSOL008,2031,0.04
KENYA,PWRSOL008,2032,0.04
KENYA,PWRSOL008,2033,0.04
KENYA,PWRSOL008,2034,0.04
KENYA,PWRSOL008,2035,0.04
KENYA,PWRSOL008,2036,0.04
KENYA,PWRSOL008,2037,0.04
KENYA,PWRSOL008,2038,0.04
KENYA,PWRSOL008,2039,0.04
KENYA,PWRSOL008,2040,0.04
KENYA,PWRSOL008,2041,0.04
KENYA,PWRSOL009,2026,0.04
KENYA,PWRSOL009,2027,0.04
KENYA,PWRSOL009,2028,0.04
KENYA,PWRSOL009,2029,0.04
KENYA,PWRSOL009,2030,0.04
KENYA,PWRSOL009,2031,0.04
KENYA,PWRSOL009,2032,0.04
KENYA,PWRSOL009,2033,0.04
KENYA,PWRSOL009,2034,0.04
KENYA,PWRSOL009,2035,0.04
KENYA,PWRSOL009,2036,0.04
KENYA,PWRSOL009,2037,0.04
KENYA,PWRSOL009,2038,0.04
KENYA,PWRSOL009,2039,0.04
KENYA,PWRSOL009,2040,0.04
KENYA,PWRSOL009,2041,0.04
KENYA,PWRSOL009,2042,0.04
KENYA,PWRSOL009,2043,0.04
KENYA,PWRSOL009,2044,0.04
KENYA,PWRSOL009,2045,0.04
KENYA,PWRSOL010,2021,0.04
KENYA,PWRSOL010,2022,0.04
KENYA,PWRSOL010,2023,0.04
KENYA,PWRSOL010,2024,0.04
KENYA,PWRSOL010,2025,0.04
KENYA,PWRSOL010,2026,0.04
KENYA,PWRSOL010,2027,0.04
KENYA,PWRSOL010,2028,0.04
KENYA,PWRSOL010,2029,0.04
KENYA,PWRSOL010,2030,0.04
KENYA,PWRSOL010,2031,0.04
KENYA,PWRSOL010,2032,0.04
KENYA,PWRSOL010,2033,0.04
KENYA,PWRSOL010,2034,0.04
KENYA,PWRSOL010,2035,0.04
KENYA,PWRSOL010,2036,0.04
KENYA,PWRSOL010,2037,0.04
KENYA,PWRSOL010,2038,0.04
KENYA,PWRSOL010,2039,0.04
KENYA,PWRSOL010,2040,0.04
KENYA,PWRSOL012,2021,0.04
KENYA,PWRSOL012,2022,0.04
KENYA,PWRSOL012,2023,0.04
KENYA,PWRSOL012,2024,0.04
KENYA,PWRSOL012,2025,0.04
KENYA,PWRSOL012,2026,0.04
KENYA,PWRSOL012,2027,0.04
KENYA,PWRSOL012,2028,0.04
KENYA,PWRSOL012,2029,0.04
KENYA,PWRSOL012,2030,0.04
KENYA,PWRSOL012,2031,0.04
KENYA,PWRSOL012,2032,0.04
KENYA,PWRSOL012,2033,0.04
KENYA,PWRSOL012,2034,0.04
KENYA,PWRSOL012,2035,0.04
KENYA,PWRSOL012,2036,0.04
KENYA,PWRSOL012,2037,0.04
KENYA,PWRSOL012,2038,0.04
KENYA,PWRSOL012,2039,0.04
KENYA,PWRSOL012,2040,0.04
KENYA,PWRSOL013,2038,0.0011
KENYA,PWRSOL013,2039,0.0011
KENYA,PWRSOL013,2040,0.0011
KENYA,PWRSOL013,2041,0.0011
KENYA,PWRSOL013,2042,0.01
KENYA,PWRSOL013,2043,0.01
KENYA,PWRSOL013,2044,0.01
KENYA,PWRSOL013,2045,0.01
KENYA,PWRSOL013,2046,0.01
KENYA,PWRSOL013,2047,0.01
KENYA,PWRSOL013,2048,0.01
KENYA,PWRSOL013,2049,0.01
KENYA,PWRSOL013,2050,0.01
KENYA,PWRSOL014,2042,0.0425
KENYA,PWRSOL014,2043,0.0425
KENYA,PWRSOL014,2044,0.0425
KENYA,PWRSOL014,2045,0.0425
KENYA,PWRSOL014,2046,0.0425
KENYA,PWRSOL014,2047,0.0425
KENYA,PWRSOL014,2048,0.0425
KENYA,PWRSOL014,2049,0.0425
KENYA,PWRSOL014,2050,0.0425
KENYA,PWRSOL015,2024,0.04
KENYA,PWRSOL015,2025,0.04
KENYA,PWRSOL015,2026,0.04
KENYA,PWRSOL015,2027,0.04
KENYA,PWRSOL015,2028,0.04
KENYA,PWRSOL015,2029,0.04
KENYA,PWRSOL015,2030,0.04
KENYA,PWRSOL015,2031,0.04
KENYA,PWRSOL015,2032,0.04
KENYA,PWRSOL015,2033,0.04
KENYA,PWRSOL015,2034,0.04
KENYA,PWRSOL015,2035,0.04
KENYA,PWRSOL015,2036,0.04
KENYA,PWRSOL015,2037,0.04
KENYA,PWRSOL015,2038,0.04
KENYA,PWRSOL015,2039,0.04
KENYA,PWRSOL015,2040,0.04
KENYA,PWRSOL015,2041,0.04
KENYA,PWRSOL015,2042,0.04
KENYA,PWRSOL015,2043,0.04
KENYA,PWRTRN,2019,0.3784
KENYA,PWRTRN,2020,0.4128
KENYA,PWRTRN,2021,0.5014
KENYA,PWRTRN,2022,0.5689
KENYA,PWRTRN,2023,0.6281
KENYA,PWRTRN,2024,0.7004
KENYA,PWRTRN,2025,0.7805
KENYA,PWRTRN,2026,0.851
KENYA,PWRTRN,2027,0.9841
KENYA,PWRTRN,2028,1.1296
KENYA,PWRTRN,2029,1.2939
KENYA,PWRTRN,2030,1.4546
KENYA,PWRTRN,2031,1.608
KENYA,PWRTRN,2032,1.7855
KENYA,PWRTRN,2033,1.9579
KENYA,PWRTRN,2034,2.1464
KENYA,PWRTRN,2035,2.3418
KENYA,PWRTRN,2036,2.5424
KENYA,PWRTRN,2037,2.7833
KENYA,PWRTRN,2038,3.0342
KENYA,PWRTRN,2039,3.2994
KENYA,PWRTRN,2040,3.5806
KENYA,PWRTRN,2041,3.877
KENYA,PWRTRN,2042,4.1836
KENYA,PWRTRN,2043,4.5107
KENYA,PWRTRN,2044,4.8553
KENYA,PWRTRN,2045,5.2195
KENYA,PWRTRN,2046,5.6039
KENYA,PWRTRN,2047,6.0088
KENYA,PWRTRN,2048,6.4369
KENYA,PWRTRN,2049,6.8887
KENYA,PWRTRN,2050,7.3645
KENYA,PWRWND003,2025,0.011
KENYA,PWRWND003,2026,0.011
KENYA,PWRWND003,2027,0.011
KENYA,PWRWND003,2028,0.011
KENYA,PWRWND003,2029,0.011
KENYA,PWRWND003,2030,0.011
KENYA,PWRWND003,2031,0.011
KENYA,PWRWND003,2032,0.011
KENYA,PWRWND003,2033,0.011
KENYA,PWRWND003,2034,0.011
KENYA,PWRWND003,2035,0.011
KENYA,PWRWND003,2036,0.011
KENYA,PWRWND003,2037,0.011
KENYA,PWRWND003,2038,0.011
KENYA,PWRWND003,2039,0.011
KENYA,PWRWND003,2040,0.011
KENYA,PWRWND003,2041,0.011
KENYA,PWRWND003,2042,0.011
KENYA,PWRWND003,2043,0.011
KENYA,PWRWND003,2044,0.011
KENYA,PWRWND005,2021,0.05
KENYA,PWRWND005,2022,0.05
KENYA,PWRWND005,2023,0.05
KENYA,PWRWND005,2024,0.05
KENYA,PWRWND005,2025,0.05
KENYA,PWRWND005,2026,0.05
KENYA,PWRWND005,2027,0.05
KENYA,PWRWND005,2028,0.05
KENYA,PWRWND005,2029,0.05
KENYA,PWRWND005,2030,0.05
KENYA,PWRWND005,2031,0.05
KENYA,PWRWND005,2032,0.05
KENYA,PWRWND005,2033,0.05
KENYA,PWRWND005,2034,0.05
KENYA,PWRWND005,2035,0.05
KENYA,PWRWND005,2036,0.05
KENYA,PWRWND005,2037,0.05
KENYA,PWRWND005,2038,0.05
KENYA,PWRWND005,2039,0.05
KENYA,PWRWND005,2040,0.05
KENYA,PWRWND010,2021,0.05
KENYA,PWRWND010,2022,0.05
KENYA,PWRWND010,2023,0.05
KENYA,PWRWND010,2024,0.05
KENYA,PWRWND010,2025,0.05
KENYA,PWRWND010,2026,0.05
KENYA,PWRWND010,2027,0.05
KENYA,PWRWND010,2028,0.05
KENYA,PWRWND010,2029,0.05
KENYA,PWRWND010,2030,0.05
KENYA,PWRWND010,2031,0.05
KENYA,PWRWND010,2032,0.05
KENYA,PWRWND010,2033,0.05
KENYA,PWRWND010,2034,0.05
KENYA,PWRWND010,2035,0.05
KENYA,PWRWND010,2036,0.05
KENYA,PWRWND010,2037,0.05
KENYA,PWRWND010,2038,0.05
KENYA,PWRWND010,2039,0.05
KENYA,PWRWND010,2040,0.05
KENYA,PWRWND012,2042,0.0497
KENYA,PWRWND012,2043,0.05
KENYA,PWRWND012,2044,0.05
KENYA,PWRWND012,2045,0.05
KENYA,PWRWND012,2046,0.05
KENYA,PWRWND012,2047,0.05
KENYA,PWRWND012,2048,0.05
KENYA,PWRWND012,2049,0.05
KENYA,PWRWND012,2050,0.05
KENYA,PWRWND015,2026,0.05
KENYA,PWRWND015,2027,0.05
KENYA,PWRWND015,2028,0.05
KENYA,PWRWND015,2029,0.05
KENYA,PWRWND015,2030,0.05
KENYA,PWRWND015,2031,0.05
KENYA,PWRWND015,2032,0.05
KENYA,PWRWND015,2033,0.05
KENYA,PWRWND015,2034,0.05
KENYA,PWRWND015,2035,0.05
KENYA,PWRWND015,2036,0.05
KENYA,PWRWND015,2037,0.05
KENYA,PWRWND015,2038,0.05
KENYA,PWRWND015,2039,0.05
KENYA,PWRWND015,2040,0.05
KENYA,PWRWND015,2041,0.05
KENYA,PWRWND015,2042,0.05
KENYA,PWRWND015,2043,0.05
KENYA,PWRWND015,2044,0.05
KENYA,PWRWND015,2045,0.05
KENYA,PWRWND018,2028,0.1
KENYA,PWRWND018,2029,0.1
KENYA,PWRWND018,2030,0.1
KENYA,PWRWND018,2031,0.1
KENYA,PWRWND018,2032,0.1
KENYA,PWRWND018,2033,0.1
KENYA,PWRWND018,2034,0.1
KENYA,PWRWND018,2035,0.1
KENYA,PWRWND018,2036,0.1
KENYA,PWRWND018,2037,0.1
KENYA,PWRWND018,2038,0.1
KENYA,PWRWND018,2039,0.1
KENYA,PWRWND018,2040,0.1
KENYA,PWRWND018,2041,0.1
KENYA,PWRWND018,2042,0.1
KENYA,PWRWND018,2043,0.1
KENYA,PWRWND018,2044,0.1
KENYA,PWRWND018,2045,0.1
KENYA,PWRWND018,2046,0.1
KENYA,PWRWND018,2047,0.1
KENYA,PWRWND018,2048,0.1
KENYA,PWRWND018,2049,0.1
KENYA,PWRWND018,2050,0.1
KENYA,PWRWND026,2032,0.04
KENYA,PWRWND026,2033,0.04
KENYA,PWRWND026,2034,0.04
KENYA,PWRWND026,2035,0.04
KENYA,PWRWND026,2036,0.04
KENYA,PWRWND026,2037,0.04
KENYA,PWRWND026,2038,0.04
KENYA,PWRWND026,2039,0.04
KENYA,PWRWND026,2040,0.04
KENYA,PWRWND026,2041,0.04
KENYA,PWRWND026,2042,0.04
KENYA,PWRWND026,2043,0.04
KENYA,PWRWND026,2044,0.04
KENYA,PWRWND026,2045,0.04
KENYA,PWRWND026,2046,0.04
KENYA,PWRWND026,2047,0.04
KENYA,PWRWND026,2048,0.04
KENYA,PWRWND026,2049,0.04
KENYA,PWRWND026,2050,0.04
KENYA,PWRWND101,2026,0.01
KENYA,PWRWND101,2027,0.0223
KENYA,PWRWND101,2028,0.0373
KENYA,PWRWND101,2029,0.0558
KENYA,PWRWND101,2030,0.0785
KENYA,PWRWND101,2031,0.1063
KENYA,PWRWND101,2032,0.1404
KENYA,PWRWND101,2033,0.1823
KENYA,PWRWND101,2034,0.2336
KENYA,PWRWND101,2035,0.2967
KENYA,PWRWND101,2036,0.374
KENYA,PWRWND101,2037,0.4689
KENYA,PWRWND101,2038,0.5854
KENYA,PWRWND101,2039,0.7283
KENYA,PWRWND101,2040,0.9036
KENYA,PWRWND101,2041,1.1187
KENYA,PWRWND101,2042,1.3826
KENYA,PWRWND101,2043,1.7065
KENYA,PWRWND101,2044,2.1039
KENYA,PWRWND101,2045,2.5915
KENYA,PWRWND101,2046,3.1797
KENYA,PWRWND101,2047,3.8993
KENYA,PWRWND101,2048,4.6513
KENYA,PWRWND101,2049,5.1572
KENYA,PWRWND101,2050,5.8137
