r,t,y,TotalTechnologyAnnualActivity
KENYA,BESS_TECH,2024,0.1035
KENYA,BESS_TECH,2025,0.9406
KENYA,BESS_TECH,2026,1.0408
KENYA,BESS_TECH,2027,1.1135
KENYA,BESS_TECH,2028,1.145
KENYA,BESS_TECH,2029,1.5305
KENYA,BESS_TECH,2030,1.2009
KENYA,BESS_TECH,2031,1.3103
KENYA,BESS_TECH,2032,1.2582
KENYA,BESS_TECH,2033,1.3352
KENYA,BESS_TECH,2034,0.9855
KENYA,BESS_TECH,2036,0.0922
KENYA,BESS_TECH,2037,0.7229
KENYA,BESS_TECH,2038,0.5401
KENYA,BESS_TECH,2039,0.5443
KENYA,BESS_TECH,2040,1.2479
KENYA,BESS_TECH,2041,1.5218
KENYA,BESS_TECH,2042,1.3988
KENYA,BESS_TECH,2043,1.0514
KENYA,BESS_TECH,2044,1.0574
KENYA,BESS_TECH,2045,3.3327
KENYA,BESS_TECH,2046,3.2974
KENYA,BESS_TECH,2047,4.3265
KENYA,BESS_TECH,2048,4.4071
KENYA,BESS_TECH,2049,5.4874
KENYA,BESS_TECH,2050,7.6749
KENYA,DEMCOMELC,2019,6.2591
KENYA,DEMCOMELC,2020,6.3686
KENYA,DEMCOMELC,2021,6.6578
KENYA,DEMCOMELC,2022,6.8802
KENYA,DEMCOMELC,2023,7.0903
KENYA,DEMCOMELC,2024,7.3334
KENYA,DEMCOMELC,2025,7.5982
KENYA,DEMCOMELC,2026,7.8767
KENYA,DEMCOMELC,2027,8.3311
KENYA,DEMCOMELC,2028,8.8136
KENYA,DEMCOMELC,2029,9.3642
KENYA,DEMCOMELC,2030,9.9556
KENYA,DEMCOMELC,2031,10.5109
KENYA,DEMCOMELC,2032,11.1262
KENYA,DEMCOMELC,2033,11.7512
KENYA,DEMCOMELC,2034,12.4181
KENYA,DEMCOMELC,2035,13.1193
KENYA,DEMCOMELC,2036,13.8332
KENYA,DEMCOMELC,2037,14.635
KENYA,DEMCOMELC,2038,15.4715
KENYA,DEMCOMELC,2039,16.3588
KENYA,DEMCOMELC,2040,17.2992
KENYA,DEMCOMELC,2041,18.2913
KENYA,DEMCOMELC,2042,19.3223
KENYA,DEMCOMELC,2043,20.4209
KENYA,DEMCOMELC,2044,21.582
KENYA,DEMCOMELC,2045,22.8091
KENYA,DEMCOMELC,2046,24.1059
KENYA,DEMCOMELC,2047,25.4765
KENYA,DEMCOMELC,2048,26.9251
KENYA,DEMCOMELC,2049,28.456
KENYA,DEMCOMELC,2050,30.0739
KENYA,DEMINDELC,2019,21.5631
KENYA,DEMINDELC,2020,21.9401
KENYA,DEMINDELC,2021,22.9364
KENYA,DEMINDELC,2022,23.7027
KENYA,DEMINDELC,2023,24.4266
KENYA,DEMINDELC,2024,25.264
KENYA,DEMINDELC,2025,26.1763
KENYA,DEMINDELC,2026,27.1356
KENYA,DEMINDELC,2027,28.7012
KENYA,DEMINDELC,2028,30.3634
KENYA,DEMINDELC,2029,32.2602
KENYA,DEMINDELC,2030,34.2975
KENYA,DEMINDELC,2031,36.2108
KENYA,DEMINDELC,2032,38.3305
KENYA,DEMINDELC,2033,40.4834
KENYA,DEMINDELC,2034,42.781
KENYA,DEMINDELC,2035,45.1967
KENYA,DEMINDELC,2036,47.6561
KENYA,DEMINDELC,2037,50.4182
KENYA,DEMINDELC,2038,53.3002
KENYA,DEMINDELC,2039,56.3569
KENYA,DEMINDELC,2040,59.5965
KENYA,DEMINDELC,2041,63.0147
KENYA,DEMINDELC,2042,66.5662
KENYA,DEMINDELC,2043,70.3511
KENYA,DEMINDELC,2044,74.351
KENYA,DEMINDELC,2045,78.5785
KENYA,DEMINDELC,2046,83.0463
KENYA,DEMINDELC,2047,87.7681
KENYA,DEMINDELC,2048,92.7584
KENYA,DEMINDELC,2049,98.0324
KENYA,DEMINDELC,2050,103.6063
KENYA,DEMRESELC,2019,13.7907
KENYA,DEMRESELC,2020,14.0318
KENYA,DEMRESELC,2021,14.669
KENYA,DEMRESELC,2022,15.1591
KENYA,DEMRESELC,2023,15.6221
KENYA,DEMRESELC,2024,16.1577
KENYA,DEMRESELC,2025,16.7411
KENYA,DEMRESELC,2026,17.3547
KENYA,DEMRESELC,2027,18.356
KENYA,DEMRESELC,2028,19.419
KENYA,DEMRESELC,2029,20.6321
KENYA,DEMRESELC,2030,21.9351
KENYA,DEMRESELC,2031,23.1587
KENYA,DEMRESELC,2032,24.5144
KENYA,DEMRESELC,2033,25.8913
KENYA,DEMRESELC,2034,27.3607
KENYA,DEMRESELC,2035,28.9057
KENYA,DEMRESELC,2036,30.4786
KENYA,DEMRESELC,2037,32.2451
KENYA,DEMRESELC,2038,34.0883
KENYA,DEMRESELC,2039,36.0432
KENYA,DEMRESELC,2040,38.1152
KENYA,DEMRESELC,2041,40.3012
KENYA,DEMRESELC,2042,42.5727
KENYA,DEMRESELC,2043,44.9933
KENYA,DEMRESELC,2044,47.5515
KENYA,DEMRESELC,2045,50.2551
KENYA,DEMRESELC,2046,53.1125
KENYA,DEMRESELC,2047,56.1324
KENYA,DEMRESELC,2048,59.3239
KENYA,DEMRESELC,2049,62.697
KENYA,DEMRESELC,2050,66.2618
KENYA,IMPELC001,2022,4.0045
KENYA,IMPELC001,2023,3.9796
KENYA,IMPELC001,2024,4.9848
KENYA,IMPELC001,2025,4.4506
KENYA,IMPELC001,2026,3.6872
KENYA,IMPELC001,2027,4.7981
KENYA,IMPELC001,2028,4.1036
KENYA,IMPELC001,2029,2.9831
KENYA,IMPELC001,2030,3.4007
KENYA,IMPELC001,2031,2.7896
KENYA,IMPELC001,2032,3.5317
KENYA,IMPELC001,2033,4.9851
KENYA,IMPELC001,2034,3.575
KENYA,IMPELC001,2035,5.173
KENYA,IMPELC001,2036,3.4829
KENYA,IMPELC001,2037,3.2247
KENYA,IMPELC001,2038,5.4977
KENYA,IMPELC001,2039,4.2264
KENYA,IMPELC001,2040,3.2562
KENYA,IMPELC001,2041,3.4009
KENYA,IMPELC001,2042,3.5448
KENYA,IMPELC001,2043,5.0219
KENYA,IMPELC001,2044,4.535
KENYA,IMPELC001,2045,6.6671
KENYA,IMPELC001,2046,5.307
KENYA,IMPELC001,2047,4.895
KENYA,IMPELC001,2048,3.3707
KENYA,IMPELC001,2049,3.2845
KENYA,IMPELC001,2050,3.2981
KENYA,IMPHFOMOM,2019,13.3439
KENYA,IMPHFOMOM,2020,14.896
KENYA,IMPHFOMOM,2021,15.1152
KENYA,IMPHFOMOM,2022,4.8424
KENYA,IMPHFOMOM,2023,5.0852
KENYA,IMPHFOMOM,2024,7.7088
KENYA,IMPHFOMOM,2025,5.1296
KENYA,IMPHFOMOM,2026,0.9495
KENYA,IMPHFOMOM,2027,2.0262
KENYA,IMPHFOMOM,2028,1.9596
KENYA,IMPHFOMOM,2029,1.4787
KENYA,IMPHFOMOM,2030,1.8393
KENYA,IMPHFONAI,2019,1.337
KENYA,IMPHFONAI,2020,1.8011
KENYA,IMPHFONAI,2021,2.0691
KENYA,IMPHFONAI,2022,0.1829
KENYA,IMPHFONAI,2023,0.2443
KENYA,IMPHFONAI,2024,0.9295
KENYA,IMPHFONAI,2025,0.7381
KENYA,IMPHFONAI,2027,0.075
KENYA,IMPHFONAI,2028,0.0752
KENYA,IMPHFONAI,2029,0.0576
KENYA,IMPHFONAI,2030,0.4822
KENYA,IMPHFONAI,2031,2.2269
KENYA,IMPHFONAI,2032,2.9879
KENYA,IMPHFONAI,2033,4.4268
KENYA,IMPHFONAI,2034,2.3494
KENYA,IMPHFONAI,2035,1.2644
KENYA,IMPNGS,2031,0.0197
KENYA,IMPNGS,2032,0.1299
KENYA,IMPNGS,2033,0.4304
KENYA,IMPNGS,2034,1.6964
KENYA,IMPNGS,2035,4.2562
KENYA,IMPNGS,2036,4.0604
KENYA,IMPNGS,2037,4.0927
KENYA,IMPNGS,2038,6.3417
KENYA,IMPNGS,2039,5.362
KENYA,IMPNGS,2040,4.7186
KENYA,IMPNGS,2041,5.2741
KENYA,IMPNGS,2042,6.1678
KENYA,IMPNGS,2043,7.6784
KENYA,IMPNGS,2044,7.52
KENYA,IMPNGS,2045,9.5272
KENYA,IMPNGS,2046,8.5399
KENYA,IMPNGS,2047,8.2192
KENYA,IMPNGS,2048,7.231
KENYA,IMPNGS,2049,7.594
KENYA,IMPNGS,2050,7.5723
KENYA,MINBIO,2019,0.0902
KENYA,MINBIO,2020,0.0902
KENYA,MINBIO,2021,0.0902
KENYA,MINBIO,2022,0.0902
KENYA,MINBIO,2023,0.1533
KENYA,MINBIO,2024,0.1533
KENYA,MINBIO,2025,0.1533
KENYA,MINBIO,2026,0.6042
KENYA,MINBIO,2027,0.6042
KENYA,MINBIO,2028,0.9649
KENYA,MINBIO,2029,0.9649
KENYA,MINBIO,2030,3.1381
KENYA,MINBIO,2031,4.0398
KENYA,MINBIO,2032,4.5268
KENYA,MINBIO,2033,4.662
KENYA,MINBIO,2034,4.9326
KENYA,MINBIO,2035,4.9461
KENYA,MINBIO,2036,5.3474
KENYA,MINBIO,2037,5.3474
KENYA,MINBIO,2038,6.1499
KENYA,MINBIO,2039,6.1499
KENYA,MINBIO,2040,6.1499
KENYA,MINBIO,2041,6.1499
KENYA,MINBIO,2042,7.755
KENYA,MINBIO,2043,8.1563
KENYA,MINBIO,2044,8.5576
KENYA,MINBIO,2045,8.9589
KENYA,MINBIO,2046,9.3602
KENYA,MINBIO,2047,9.7614
KENYA,MINBIO,2048,9.7614
KENYA,MINBIO,2049,9.7614
KENYA,MINBIO,2050,9.7614
KENYA,MINGEO,2019,70.0437
KENYA,MINGEO,2020,70.0437
KENYA,MINGEO,2021,70.0437
KENYA,MINGEO,2022,77.4191
KENYA,MINGEO,2023,80.5179
KENYA,MINGEO,2024,77.8618
KENYA,MINGEO,2025,88.3094
KENYA,MINGEO,2026,98.1242
KENYA,MINGEO,2027,102.4237
KENYA,MINGEO,2028,110.5002
KENYA,MINGEO,2029,125.5403
KENYA,MINGEO,2030,131.6378
KENYA,MINGEO,2031,142.4317
KENYA,MINGEO,2032,148.7514
KENYA,MINGEO,2033,152.915
KENYA,MINGEO,2034,169.6053
KENYA,MINGEO,2035,174.928
KENYA,MINGEO,2036,192.8013
KENYA,MINGEO,2037,207.2559
KENYA,MINGEO,2038,219.3638
KENYA,MINGEO,2039,243.0649
KENYA,MINGEO,2040,260.3231
KENYA,MINGEO,2041,278.1901
KENYA,MINGEO,2042,290.7507
KENYA,MINGEO,2043,295.6566
KENYA,MINGEO,2044,307.3989
KENYA,MINGEO,2045,306.3656
KENYA,MINGEO,2046,319.2272
KENYA,MINGEO,2047,322.4766
KENYA,MINGEO,2048,330.8878
KENYA,MINGEO,2049,344.1688
KENYA,MINGEO,2050,353.4654
KENYA,MINHYD,2019,12.0376
KENYA,MINHYD,2020,12.0376
KENYA,MINHYD,2021,12.0376
KENYA,MINHYD,2022,12.0376
KENYA,MINHYD,2023,12.1346
KENYA,MINHYD,2024,12.1678
KENYA,MINHYD,2025,12.1718
KENYA,MINHYD,2026,12.5015
KENYA,MINHYD,2027,12.6478
KENYA,MINHYD,2028,12.689
KENYA,MINHYD,2029,12.7873
KENYA,MINHYD,2030,13.2739
KENYA,MINHYD,2031,13.6474
KENYA,MINHYD,2032,13.8894
KENYA,MINHYD,2033,14.3174
KENYA,MINHYD,2034,14.6511
KENYA,MINHYD,2035,15.0725
KENYA,MINHYD,2036,15.4434
KENYA,MINHYD,2037,15.4913
KENYA,MINHYD,2038,15.5431
KENYA,MINHYD,2039,15.5989
KENYA,MINHYD,2040,15.6614
KENYA,MINHYD,2041,15.7292
KENYA,MINHYD,2042,14.1093
KENYA,MINHYD,2043,14.1904
KENYA,MINHYD,2044,14.2781
KENYA,MINHYD,2045,14.3751
KENYA,MINHYD,2046,14.4815
KENYA,MINHYD,2047,14.5972
KENYA,MINHYD,2048,14.7234
KENYA,MINHYD,2049,14.8617
KENYA,MINHYD,2050,15.0132
KENYA,MINSOL,2019,0.3111
KENYA,MINSOL,2020,0.3111
KENYA,MINSOL,2021,0.8065
KENYA,MINSOL,2022,1.0542
KENYA,MINSOL,2023,1.3112
KENYA,MINSOL,2024,1.5588
KENYA,MINSOL,2025,1.5588
KENYA,MINSOL,2026,1.8065
KENYA,MINSOL,2027,1.8065
KENYA,MINSOL,2028,1.8065
KENYA,MINSOL,2029,1.8065
KENYA,MINSOL,2030,1.8065
KENYA,MINSOL,2031,1.8065
KENYA,MINSOL,2032,1.8065
KENYA,MINSOL,2033,1.8065
KENYA,MINSOL,2034,1.8065
KENYA,MINSOL,2035,1.8065
KENYA,MINSOL,2036,1.8065
KENYA,MINSOL,2037,1.8065
KENYA,MINSOL,2038,2.183
KENYA,MINSOL,2039,2.183
KENYA,MINSOL,2040,2.183
KENYA,MINSOL,2041,1.6876
KENYA,MINSOL,2042,1.7585
KENYA,MINSOL,2043,1.5016
KENYA,MINSOL,2044,1.2539
KENYA,MINSOL,2045,1.2539
KENYA,MINSOL,2046,1.0062
KENYA,MINSOL,2047,1.0062
KENYA,MINSOL,2048,1.0062
KENYA,MINSOL,2049,1.0062
KENYA,MINSOL,2050,1.0062
KENYA,MINWND,2019,5.4829
KENYA,MINWND,2020,5.4829
KENYA,MINWND,2021,6.9304
KENYA,MINWND,2022,6.9304
KENYA,MINWND,2023,6.9304
KENYA,MINWND,2024,6.9304
KENYA,MINWND,2025,7.0512
KENYA,MINWND,2026,7.8084
KENYA,MINWND,2027,7.9637
KENYA,MINWND,2028,9.36
KENYA,MINWND,2029,9.5937
KENYA,MINWND,2030,9.8805
KENYA,MINWND,2031,10.2325
KENYA,MINWND,2032,11.1001
KENYA,MINWND,2033,11.63
KENYA,MINWND,2034,12.2801
KENYA,MINWND,2035,12.8536
KENYA,MINWND,2036,13.8324
KENYA,MINWND,2037,15.0334
KENYA,MINWND,2038,13.0385
KENYA,MINWND,2039,13.1124
KENYA,MINWND,2040,15.3309
KENYA,MINWND,2041,16.6056
KENYA,MINWND,2042,20.4012
KENYA,MINWND,2043,24.5022
KENYA,MINWND,2044,29.5307
KENYA,MINWND,2045,35.5799
KENYA,MINWND,2046,42.3933
KENYA,MINWND,2047,51.4985
KENYA,MINWND,2048,61.0157
KENYA,MINWND,2049,67.4177
KENYA,MINWND,2050,75.7249
KENYA,PWRBIO001,2019,0.0315
KENYA,PWRBIO001,2020,0.0315
KENYA,PWRBIO001,2021,0.0315
KENYA,PWRBIO001,2022,0.0315
KENYA,PWRBIO001,2023,0.0536
KENYA,PWRBIO001,2024,0.0536
KENYA,PWRBIO001,2025,0.0536
KENYA,PWRBIO001,2026,0.2112
KENYA,PWRBIO001,2027,0.2112
KENYA,PWRBIO001,2028,0.3374
KENYA,PWRBIO001,2029,0.3374
KENYA,PWRBIO001,2030,1.0972
KENYA,PWRBIO001,2031,1.4125
KENYA,PWRBIO001,2032,1.5828
KENYA,PWRBIO001,2033,1.6301
KENYA,PWRBIO001,2034,1.7247
KENYA,PWRBIO001,2035,1.7294
KENYA,PWRBIO001,2036,1.8697
KENYA,PWRBIO001,2037,1.8697
KENYA,PWRBIO001,2038,2.1503
KENYA,PWRBIO001,2039,2.1503
KENYA,PWRBIO001,2040,2.1503
KENYA,PWRBIO001,2041,2.1503
KENYA,PWRBIO001,2042,2.7116
KENYA,PWRBIO001,2043,2.8519
KENYA,PWRBIO001,2044,2.9922
KENYA,PWRBIO001,2045,3.1325
KENYA,PWRBIO001,2046,3.2728
KENYA,PWRBIO001,2047,3.4131
KENYA,PWRBIO001,2048,3.4131
KENYA,PWRBIO001,2049,3.4131
KENYA,PWRBIO001,2050,3.4131
KENYA,PWRDIST,2019,45.2992
KENYA,PWRDIST,2020,46.0963
KENYA,PWRDIST,2021,48.1497
KENYA,PWRDIST,2022,49.7134
KENYA,PWRDIST,2023,51.0728
KENYA,PWRDIST,2024,52.7433
KENYA,PWRDIST,2025,54.5992
KENYA,PWRDIST,2026,56.1896
KENYA,PWRDIST,2027,59.2532
KENYA,PWRDIST,2028,62.6198
KENYA,PWRDIST,2029,66.4146
KENYA,PWRDIST,2030,70.0744
KENYA,PWRDIST,2031,73.5814
KENYA,PWRDIST,2032,77.6614
KENYA,PWRDIST,2033,81.6008
KENYA,PWRDIST,2034,85.9252
KENYA,PWRDIST,2035,90.4002
KENYA,PWRDIST,2036,95.0004
KENYA,PWRDIST,2037,100.5754
KENYA,PWRDIST,2038,106.3824
KENYA,PWRDIST,2039,112.5223
KENYA,PWRDIST,2040,119.0315
KENYA,PWRDIST,2041,125.8895
KENYA,PWRDIST,2042,132.9869
KENYA,PWRDIST,2043,140.5561
KENYA,PWRDIST,2044,148.5288
KENYA,PWRDIST,2045,156.9573
KENYA,PWRDIST,2046,165.8514
KENYA,PWRDIST,2047,175.2192
KENYA,PWRDIST,2048,185.1236
KENYA,PWRDIST,2049,195.575
KENYA,PWRDIST,2050,206.5812
KENYA,PWRGEO001,2019,0.4472
KENYA,PWRGEO001,2020,0.4472
KENYA,PWRGEO001,2021,0.4472
KENYA,PWRGEO001,2022,0.4472
KENYA,PWRGEO001,2023,0.4472
KENYA,PWRGEO002,2019,4.1736
KENYA,PWRGEO002,2020,4.1736
KENYA,PWRGEO002,2021,4.1736
KENYA,PWRGEO002,2022,4.1736
KENYA,PWRGEO002,2023,4.1736
KENYA,PWRGEO002,2024,4.1736
KENYA,PWRGEO002,2025,4.1736
KENYA,PWRGEO002,2026,4.1736
KENYA,PWRGEO002,2027,4.1736
KENYA,PWRGEO002,2028,4.1736
KENYA,PWRGEO002,2029,4.1736
KENYA,PWRGEO002,2030,4.1736
KENYA,PWRGEO002,2031,4.1736
KENYA,PWRGEO002,2032,4.1736
KENYA,PWRGEO002,2033,4.1736
KENYA,PWRGEO002,2034,4.1736
KENYA,PWRGEO002,2035,4.1736
KENYA,PWRGEO002,2036,4.1736
KENYA,PWRGEO002,2037,4.1736
KENYA,PWRGEO002,2038,4.1736
KENYA,PWRGEO002,2039,4.1736
KENYA,PWRGEO002,2040,4.1736
KENYA,PWRGEO003,2019,3.0109
KENYA,PWRGEO003,2020,3.0109
KENYA,PWRGEO003,2021,3.0109
KENYA,PWRGEO003,2022,3.0109
KENYA,PWRGEO003,2023,3.0109
KENYA,PWRGEO003,2024,3.0109
KENYA,PWRGEO003,2025,3.0109
KENYA,PWRGEO003,2026,3.0109
KENYA,PWRGEO003,2027,3.0109
KENYA,PWRGEO003,2028,3.0109
KENYA,PWRGEO004,2019,1.902
KENYA,PWRGEO004,2020,1.902
KENYA,PWRGEO004,2021,1.902
KENYA,PWRGEO004,2022,1.902
KENYA,PWRGEO004,2023,1.902
KENYA,PWRGEO004,2024,1.902
KENYA,PWRGEO004,2025,1.902
KENYA,PWRGEO004,2026,1.902
KENYA,PWRGEO004,2027,1.902
KENYA,PWRGEO004,2028,1.902
KENYA,PWRGEO004,2029,1.902
KENYA,PWRGEO004,2030,1.902
KENYA,PWRGEO004,2031,1.902
KENYA,PWRGEO004,2032,1.902
KENYA,PWRGEO004,2033,1.902
KENYA,PWRGEO004,2034,1.902
KENYA,PWRGEO004,2035,1.902
KENYA,PWRGEO004,2036,1.902
KENYA,PWRGEO004,2037,1.902
KENYA,PWRGEO004,2038,1.902
KENYA,PWRGEO004,2039,1.902
KENYA,PWRGEO004,2040,1.902
KENYA,PWRGEO004,2041,1.902
KENYA,PWRGEO004,2042,1.902
KENYA,PWRGEO005,2019,1.1805
KENYA,PWRGEO005,2020,1.1805
KENYA,PWRGEO005,2021,1.1805
KENYA,PWRGEO005,2022,1.1805
KENYA,PWRGEO005,2023,1.1805
KENYA,PWRGEO005,2024,1.1805
KENYA,PWRGEO005,2025,1.1805
KENYA,PWRGEO005,2026,1.1805
KENYA,PWRGEO005,2027,1.1805
KENYA,PWRGEO005,2028,1.1805
KENYA,PWRGEO005,2029,1.1805
KENYA,PWRGEO005,2030,1.1805
KENYA,PWRGEO005,2031,1.1805
KENYA,PWRGEO005,2032,1.1805
KENYA,PWRGEO005,2033,1.1805
KENYA,PWRGEO005,2034,1.1805
KENYA,PWRGEO005,2035,1.1805
KENYA,PWRGEO005,2036,1.1805
KENYA,PWRGEO005,2037,1.1805
KENYA,PWRGEO006,2019,4.1736
KENYA,PWRGEO006,2020,4.1736
KENYA,PWRGEO006,2021,4.1736
KENYA,PWRGEO006,2022,4.1736
KENYA,PWRGEO006,2023,4.1736
KENYA,PWRGEO006,2024,4.1736
KENYA,PWRGEO006,2025,4.1736
KENYA,PWRGEO006,2026,4.1736
KENYA,PWRGEO006,2027,4.1736
KENYA,PWRGEO006,2028,4.1736
KENYA,PWRGEO006,2029,4.1736
KENYA,PWRGEO006,2030,4.1736
KENYA,PWRGEO006,2031,4.1736
KENYA,PWRGEO006,2032,4.1736
KENYA,PWRGEO006,2033,4.1736
KENYA,PWRGEO006,2034,4.1736
KENYA,PWRGEO006,2035,4.1736
KENYA,PWRGEO006,2036,4.1736
KENYA,PWRGEO006,2037,4.1736
KENYA,PWRGEO006,2038,4.1736
KENYA,PWRGEO006,2039,4.1736
KENYA,PWRGEO007,2019,1.3296
KENYA,PWRGEO007,2020,1.3296
KENYA,PWRGEO007,2021,1.3296
KENYA,PWRGEO007,2022,1.3296
KENYA,PWRGEO007,2023,1.3296
KENYA,PWRGEO007,2024,1.3296
KENYA,PWRGEO007,2025,1.3296
KENYA,PWRGEO007,2026,1.3296
KENYA,PWRGEO008,2019,0.8645
KENYA,PWRGEO008,2020,0.8645
KENYA,PWRGEO008,2021,0.8645
KENYA,PWRGEO008,2022,0.8645
KENYA,PWRGEO008,2023,0.8645
KENYA,PWRGEO008,2024,0.8645
KENYA,PWRGEO008,2025,0.8645
KENYA,PWRGEO008,2026,0.8645
KENYA,PWRGEO008,2027,0.8645
KENYA,PWRGEO008,2028,0.8645
KENYA,PWRGEO008,2029,0.8645
KENYA,PWRGEO008,2030,0.8645
KENYA,PWRGEO008,2031,0.8645
KENYA,PWRGEO008,2032,0.8645
KENYA,PWRGEO008,2033,0.8645
KENYA,PWRGEO008,2034,0.8645
KENYA,PWRGEO008,2035,0.8645
KENYA,PWRGEO008,2036,0.8645
KENYA,PWRGEO008,2037,0.8645
KENYA,PWRGEO008,2038,0.8645
KENYA,PWRGEO008,2039,0.8645
KENYA,PWRGEO008,2040,0.8645
KENYA,PWRGEO009,2019,0.8198
KENYA,PWRGEO009,2020,0.8198
KENYA,PWRGEO009,2021,0.8198
KENYA,PWRGEO009,2022,0.8198
KENYA,PWRGEO009,2023,0.8198
KENYA,PWRGEO009,2024,0.8198
KENYA,PWRGEO009,2025,0.8198
KENYA,PWRGEO009,2026,0.8198
KENYA,PWRGEO009,2027,0.8198
KENYA,PWRGEO009,2028,0.8198
KENYA,PWRGEO009,2029,0.8198
KENYA,PWRGEO009,2030,0.8198
KENYA,PWRGEO010,2023,1.0434
KENYA,PWRGEO010,2024,1.0434
KENYA,PWRGEO010,2025,1.0434
KENYA,PWRGEO010,2026,1.0434
KENYA,PWRGEO010,2027,1.0434
KENYA,PWRGEO010,2028,1.0434
KENYA,PWRGEO010,2029,1.0434
KENYA,PWRGEO010,2030,1.0434
KENYA,PWRGEO010,2031,1.0434
KENYA,PWRGEO010,2032,1.0434
KENYA,PWRGEO010,2033,1.0434
KENYA,PWRGEO010,2034,1.0434
KENYA,PWRGEO010,2035,1.0434
KENYA,PWRGEO010,2036,1.0434
KENYA,PWRGEO010,2037,1.0434
KENYA,PWRGEO010,2038,1.0434
KENYA,PWRGEO010,2039,1.0434
KENYA,PWRGEO010,2040,1.0434
KENYA,PWRGEO010,2041,1.0434
KENYA,PWRGEO010,2042,1.0434
KENYA,PWRGEO010,2043,1.0434
KENYA,PWRGEO010,2044,1.0434
KENYA,PWRGEO010,2045,1.0434
KENYA,PWRGEO010,2046,1.0434
KENYA,PWRGEO010,2047,1.0434
KENYA,PWRGEO011,2022,2.4833
KENYA,PWRGEO011,2023,2.4833
KENYA,PWRGEO011,2024,2.4833
KENYA,PWRGEO011,2025,2.4833
KENYA,PWRGEO011,2026,2.4833
KENYA,PWRGEO011,2027,2.4833
KENYA,PWRGEO011,2028,2.4833
KENYA,PWRGEO011,2029,2.4833
KENYA,PWRGEO011,2030,2.4833
KENYA,PWRGEO011,2031,2.4833
KENYA,PWRGEO011,2032,2.4833
KENYA,PWRGEO011,2033,2.4833
KENYA,PWRGEO011,2034,2.4833
KENYA,PWRGEO011,2035,2.4833
KENYA,PWRGEO011,2036,2.4833
KENYA,PWRGEO011,2037,2.4833
KENYA,PWRGEO011,2038,2.4833
KENYA,PWRGEO011,2039,2.4833
KENYA,PWRGEO011,2040,2.4833
KENYA,PWRGEO011,2041,2.4833
KENYA,PWRGEO011,2042,2.4833
KENYA,PWRGEO011,2043,2.4833
KENYA,PWRGEO011,2044,2.4833
KENYA,PWRGEO011,2045,2.4833
KENYA,PWRGEO011,2046,2.4833
KENYA,PWRGEO012,2019,4.7102
KENYA,PWRGEO012,2020,4.7102
KENYA,PWRGEO012,2021,4.7102
KENYA,PWRGEO012,2022,4.7102
KENYA,PWRGEO012,2023,4.7102
KENYA,PWRGEO012,2024,4.7102
KENYA,PWRGEO012,2025,4.7102
KENYA,PWRGEO012,2026,4.7102
KENYA,PWRGEO012,2027,4.7102
KENYA,PWRGEO012,2028,4.7102
KENYA,PWRGEO012,2029,4.7102
KENYA,PWRGEO012,2030,4.7102
KENYA,PWRGEO012,2031,4.7102
KENYA,PWRGEO012,2032,4.7102
KENYA,PWRGEO012,2033,4.7102
KENYA,PWRGEO012,2034,4.7102
KENYA,PWRGEO012,2035,4.7102
KENYA,PWRGEO012,2036,4.7102
KENYA,PWRGEO012,2037,4.7102
KENYA,PWRGEO012,2038,4.7102
KENYA,PWRGEO012,2039,4.7102
KENYA,PWRGEO012,2040,4.7102
KENYA,PWRGEO012,2041,4.7102
KENYA,PWRGEO012,2042,4.7102
KENYA,PWRGEO012,2043,4.7102
KENYA,PWRGEO012,2044,4.7102
KENYA,PWRGEO013,2029,3.5378
KENYA,PWRGEO013,2030,4.1736
KENYA,PWRGEO013,2031,4.1736
KENYA,PWRGEO013,2032,4.1736
KENYA,PWRGEO013,2033,4.1736
KENYA,PWRGEO013,2034,4.1736
KENYA,PWRGEO013,2035,4.1736
KENYA,PWRGEO013,2036,4.1736
KENYA,PWRGEO013,2037,4.1736
KENYA,PWRGEO013,2038,4.1736
KENYA,PWRGEO013,2039,4.1736
KENYA,PWRGEO013,2040,4.1736
KENYA,PWRGEO013,2041,4.1736
KENYA,PWRGEO013,2042,4.1736
KENYA,PWRGEO013,2043,4.1736
KENYA,PWRGEO013,2044,4.1736
KENYA,PWRGEO013,2045,4.1736
KENYA,PWRGEO013,2046,4.1736
KENYA,PWRGEO013,2047,4.1736
KENYA,PWRGEO013,2048,4.1736
KENYA,PWRGEO013,2049,4.1736
KENYA,PWRGEO013,2050,4.1736
KENYA,PWRGEO014,2029,4.1736
KENYA,PWRGEO014,2030,4.1736
KENYA,PWRGEO014,2031,4.1736
KENYA,PWRGEO014,2032,4.1736
KENYA,PWRGEO014,2033,4.1736
KENYA,PWRGEO014,2034,4.1736
KENYA,PWRGEO014,2035,4.1736
KENYA,PWRGEO014,2036,4.1736
KENYA,PWRGEO014,2037,4.1736
KENYA,PWRGEO014,2038,4.1736
KENYA,PWRGEO014,2039,4.1736
KENYA,PWRGEO014,2040,4.1736
KENYA,PWRGEO014,2041,4.1736
KENYA,PWRGEO014,2042,4.1736
KENYA,PWRGEO014,2043,4.1736
KENYA,PWRGEO014,2044,4.1736
KENYA,PWRGEO014,2045,4.1736
KENYA,PWRGEO014,2046,4.1736
KENYA,PWRGEO014,2047,4.1736
KENYA,PWRGEO014,2048,4.1736
KENYA,PWRGEO014,2049,4.1736
KENYA,PWRGEO014,2050,4.1736
KENYA,PWRGEO015,2034,4.1736
KENYA,PWRGEO015,2035,4.1736
KENYA,PWRGEO015,2036,4.1736
KENYA,PWRGEO015,2037,4.1736
KENYA,PWRGEO015,2038,4.1736
KENYA,PWRGEO015,2039,4.1736
KENYA,PWRGEO015,2040,4.1736
KENYA,PWRGEO015,2041,4.1736
KENYA,PWRGEO015,2042,4.1736
KENYA,PWRGEO015,2043,4.1736
KENYA,PWRGEO015,2044,4.1736
KENYA,PWRGEO015,2045,4.1736
KENYA,PWRGEO015,2046,4.1736
KENYA,PWRGEO015,2047,4.1736
KENYA,PWRGEO015,2048,4.1736
KENYA,PWRGEO015,2049,4.1736
KENYA,PWRGEO015,2050,4.1736
KENYA,PWRGEO016,2036,4.1736
KENYA,PWRGEO016,2037,4.1736
KENYA,PWRGEO016,2038,4.1736
KENYA,PWRGEO016,2039,4.1736
KENYA,PWRGEO016,2040,4.1736
KENYA,PWRGEO016,2041,4.1736
KENYA,PWRGEO016,2042,4.1736
KENYA,PWRGEO016,2043,4.1736
KENYA,PWRGEO016,2044,4.1736
KENYA,PWRGEO016,2045,4.1736
KENYA,PWRGEO016,2046,4.1736
KENYA,PWRGEO016,2047,4.1736
KENYA,PWRGEO016,2048,4.1736
KENYA,PWRGEO016,2049,4.1736
KENYA,PWRGEO016,2050,4.1736
KENYA,PWRGEO017,2028,0.7453
KENYA,PWRGEO017,2029,0.7453
KENYA,PWRGEO017,2030,0.7453
KENYA,PWRGEO017,2031,0.7453
KENYA,PWRGEO017,2032,0.7453
KENYA,PWRGEO017,2033,0.7453
KENYA,PWRGEO017,2034,0.7453
KENYA,PWRGEO017,2035,0.7453
KENYA,PWRGEO017,2036,0.7453
KENYA,PWRGEO017,2037,0.7453
KENYA,PWRGEO017,2038,0.7453
KENYA,PWRGEO017,2039,0.7453
KENYA,PWRGEO017,2040,0.7453
KENYA,PWRGEO017,2041,0.7453
KENYA,PWRGEO017,2042,0.7453
KENYA,PWRGEO017,2043,0.7453
KENYA,PWRGEO017,2044,0.7453
KENYA,PWRGEO017,2045,0.7453
KENYA,PWRGEO017,2046,0.7453
KENYA,PWRGEO017,2047,0.7453
KENYA,PWRGEO017,2048,0.7453
KENYA,PWRGEO017,2049,0.7453
KENYA,PWRGEO017,2050,0.7453
KENYA,PWRGEO018,2039,1.7887
KENYA,PWRGEO018,2040,1.7887
KENYA,PWRGEO018,2041,1.7887
KENYA,PWRGEO018,2042,1.7887
KENYA,PWRGEO018,2043,1.7887
KENYA,PWRGEO018,2044,1.7887
KENYA,PWRGEO018,2045,1.7887
KENYA,PWRGEO018,2046,1.7887
KENYA,PWRGEO018,2047,1.7887
KENYA,PWRGEO018,2048,1.7887
KENYA,PWRGEO018,2049,1.7887
KENYA,PWRGEO018,2050,1.7887
KENYA,PWRGEO019,2037,2.9811
KENYA,PWRGEO019,2038,2.9811
KENYA,PWRGEO019,2039,2.9811
KENYA,PWRGEO019,2040,2.9811
KENYA,PWRGEO019,2041,2.9811
KENYA,PWRGEO019,2042,2.9811
KENYA,PWRGEO019,2043,2.9811
KENYA,PWRGEO019,2044,2.9811
KENYA,PWRGEO019,2045,2.9811
KENYA,PWRGEO019,2046,2.9811
KENYA,PWRGEO019,2047,2.9811
KENYA,PWRGEO019,2048,2.9811
KENYA,PWRGEO019,2049,2.9811
KENYA,PWRGEO019,2050,2.9811
KENYA,PWRGEO020,2040,2.9811
KENYA,PWRGEO020,2041,2.9811
KENYA,PWRGEO020,2042,2.9811
KENYA,PWRGEO020,2043,2.9811
KENYA,PWRGEO020,2044,2.9811
KENYA,PWRGEO020,2045,2.9811
KENYA,PWRGEO020,2046,2.9811
KENYA,PWRGEO020,2047,2.9811
KENYA,PWRGEO020,2048,2.9811
KENYA,PWRGEO020,2049,2.9811
KENYA,PWRGEO020,2050,2.9811
KENYA,PWRGEO021,2040,0.1309
KENYA,PWRGEO021,2041,2.9811
KENYA,PWRGEO021,2042,2.9811
KENYA,PWRGEO021,2043,2.9811
KENYA,PWRGEO021,2044,2.9811
KENYA,PWRGEO021,2045,2.9811
KENYA,PWRGEO021,2046,2.9811
KENYA,PWRGEO021,2047,2.9811
KENYA,PWRGEO021,2048,2.9811
KENYA,PWRGEO021,2049,2.9811
KENYA,PWRGEO021,2050,2.9811
KENYA,PWRGEO024,2031,2.9811
KENYA,PWRGEO024,2032,2.9811
KENYA,PWRGEO024,2033,2.9811
KENYA,PWRGEO024,2034,2.9811
KENYA,PWRGEO024,2035,2.9811
KENYA,PWRGEO024,2036,2.9811
KENYA,PWRGEO024,2037,2.9811
KENYA,PWRGEO024,2038,2.9811
KENYA,PWRGEO024,2039,2.9811
KENYA,PWRGEO024,2040,2.9811
KENYA,PWRGEO024,2041,2.9811
KENYA,PWRGEO024,2042,2.9811
KENYA,PWRGEO024,2043,2.9811
KENYA,PWRGEO024,2044,2.9811
KENYA,PWRGEO024,2045,2.9811
KENYA,PWRGEO024,2046,2.9811
KENYA,PWRGEO024,2047,2.9811
KENYA,PWRGEO024,2048,2.9811
KENYA,PWRGEO024,2049,2.9811
KENYA,PWRGEO024,2050,2.9811
KENYA,PWRGEO025,2041,2.9811
KENYA,PWRGEO025,2042,2.9811
KENYA,PWRGEO025,2043,2.9811
KENYA,PWRGEO025,2044,2.9811
KENYA,PWRGEO025,2045,2.9811
KENYA,PWRGEO025,2046,2.9811
KENYA,PWRGEO025,2047,2.9811
KENYA,PWRGEO025,2048,2.9811
KENYA,PWRGEO025,2049,2.9811
KENYA,PWRGEO025,2050,2.9811
KENYA,PWRGEO026,2040,2.9811
KENYA,PWRGEO026,2041,2.9811
KENYA,PWRGEO026,2042,2.9811
KENYA,PWRGEO026,2043,2.9811
KENYA,PWRGEO026,2044,2.9811
KENYA,PWRGEO026,2045,2.9811
KENYA,PWRGEO026,2046,2.9811
KENYA,PWRGEO026,2047,2.9811
KENYA,PWRGEO026,2048,2.9811
KENYA,PWRGEO026,2049,2.9811
KENYA,PWRGEO026,2050,2.9811
KENYA,PWRGEO027,2025,1.0434
KENYA,PWRGEO027,2026,1.0434
KENYA,PWRGEO027,2027,1.0434
KENYA,PWRGEO027,2028,1.0434
KENYA,PWRGEO027,2029,1.0434
KENYA,PWRGEO027,2030,1.0434
KENYA,PWRGEO027,2031,1.0434
KENYA,PWRGEO027,2032,1.0434
KENYA,PWRGEO027,2033,1.0434
KENYA,PWRGEO027,2034,1.0434
KENYA,PWRGEO027,2035,1.0434
KENYA,PWRGEO027,2036,1.0434
KENYA,PWRGEO027,2037,1.0434
KENYA,PWRGEO027,2038,1.0434
KENYA,PWRGEO027,2039,1.0434
KENYA,PWRGEO027,2040,1.0434
KENYA,PWRGEO027,2041,1.0434
KENYA,PWRGEO027,2042,1.0434
KENYA,PWRGEO027,2043,1.0434
KENYA,PWRGEO027,2044,1.0434
KENYA,PWRGEO027,2045,1.0434
KENYA,PWRGEO027,2046,1.0434
KENYA,PWRGEO027,2047,1.0434
KENYA,PWRGEO027,2048,1.0434
KENYA,PWRGEO027,2049,1.0434
KENYA,PWRGEO028,2028,1.0434
KENYA,PWRGEO028,2029,1.0434
KENYA,PWRGEO028,2030,1.0434
KENYA,PWRGEO028,2031,1.0434
KENYA,PWRGEO028,2032,1.0434
KENYA,PWRGEO028,2033,1.0434
KENYA,PWRGEO028,2034,1.0434
KENYA,PWRGEO028,2035,1.0434
KENYA,PWRGEO028,2036,1.0434
KENYA,PWRGEO028,2037,1.0434
KENYA,PWRGEO028,2038,1.0434
KENYA,PWRGEO028,2039,1.0434
KENYA,PWRGEO028,2040,1.0434
KENYA,PWRGEO028,2041,1.0434
KENYA,PWRGEO028,2042,1.0434
KENYA,PWRGEO028,2043,1.0434
KENYA,PWRGEO028,2044,1.0434
KENYA,PWRGEO028,2045,1.0434
KENYA,PWRGEO028,2046,1.0434
KENYA,PWRGEO028,2047,1.0434
KENYA,PWRGEO028,2048,1.0434
KENYA,PWRGEO028,2049,1.0434
KENYA,PWRGEO028,2050,1.0434
KENYA,PWRGEO029,2038,2.9811
KENYA,PWRGEO029,2039,2.9811
KENYA,PWRGEO029,2040,2.9811
KENYA,PWRGEO029,2041,2.9811
KENYA,PWRGEO029,2042,2.9811
KENYA,PWRGEO029,2043,2.9811
KENYA,PWRGEO029,2044,2.9811
KENYA,PWRGEO029,2045,2.9811
KENYA,PWRGEO029,2046,2.9811
KENYA,PWRGEO029,2047,2.9811
KENYA,PWRGEO029,2048,2.9811
KENYA,PWRGEO029,2049,2.9811
KENYA,PWRGEO029,2050,2.9811
KENYA,PWRGEO030,2039,2.9811
KENYA,PWRGEO030,2040,2.9811
KENYA,PWRGEO030,2041,2.9811
KENYA,PWRGEO030,2042,2.9811
KENYA,PWRGEO030,2043,2.9811
KENYA,PWRGEO030,2044,2.9811
KENYA,PWRGEO030,2045,2.9811
KENYA,PWRGEO030,2046,2.9811
KENYA,PWRGEO030,2047,2.9811
KENYA,PWRGEO030,2048,2.9811
KENYA,PWRGEO030,2049,2.9811
KENYA,PWRGEO030,2050,2.9811
KENYA,PWRGEO031,2040,2.9811
KENYA,PWRGEO031,2041,2.9811
KENYA,PWRGEO031,2042,2.9811
KENYA,PWRGEO031,2043,2.9811
KENYA,PWRGEO031,2044,2.9811
KENYA,PWRGEO031,2045,2.9811
KENYA,PWRGEO031,2046,2.9811
KENYA,PWRGEO031,2047,2.9811
KENYA,PWRGEO031,2048,2.9811
KENYA,PWRGEO031,2049,2.9811
KENYA,PWRGEO031,2050,2.9811
KENYA,PWRGEO033,2025,0.5962
KENYA,PWRGEO033,2026,0.5962
KENYA,PWRGEO033,2027,0.5962
KENYA,PWRGEO033,2028,0.5962
KENYA,PWRGEO033,2029,0.5962
KENYA,PWRGEO033,2030,0.5962
KENYA,PWRGEO033,2031,0.5962
KENYA,PWRGEO033,2032,0.5962
KENYA,PWRGEO033,2033,0.5962
KENYA,PWRGEO033,2034,0.5962
KENYA,PWRGEO033,2035,0.5962
KENYA,PWRGEO033,2036,0.5962
KENYA,PWRGEO033,2037,0.5962
KENYA,PWRGEO033,2038,0.5962
KENYA,PWRGEO033,2039,0.5962
KENYA,PWRGEO033,2040,0.5962
KENYA,PWRGEO033,2041,0.5962
KENYA,PWRGEO033,2042,0.5962
KENYA,PWRGEO033,2043,0.5962
KENYA,PWRGEO033,2044,0.5962
KENYA,PWRGEO033,2045,0.5962
KENYA,PWRGEO033,2046,0.5962
KENYA,PWRGEO033,2047,0.5962
KENYA,PWRGEO033,2048,0.5962
KENYA,PWRGEO033,2049,0.5962
KENYA,PWRGEO034,2041,1.0434
KENYA,PWRGEO034,2042,1.0434
KENYA,PWRGEO034,2043,1.0434
KENYA,PWRGEO034,2044,1.0434
KENYA,PWRGEO034,2045,1.0434
KENYA,PWRGEO034,2046,1.0434
KENYA,PWRGEO034,2047,1.0434
KENYA,PWRGEO034,2048,1.0434
KENYA,PWRGEO034,2049,1.0434
KENYA,PWRGEO034,2050,1.0434
KENYA,PWRGEO035,2031,1.0434
KENYA,PWRGEO035,2032,1.0434
KENYA,PWRGEO035,2033,1.0434
KENYA,PWRGEO035,2034,1.0434
KENYA,PWRGEO035,2035,1.0434
KENYA,PWRGEO035,2036,1.0434
KENYA,PWRGEO035,2037,1.0434
KENYA,PWRGEO035,2038,1.0434
KENYA,PWRGEO035,2039,1.0434
KENYA,PWRGEO035,2040,1.0434
KENYA,PWRGEO035,2041,1.0434
KENYA,PWRGEO035,2042,1.0434
KENYA,PWRGEO035,2043,1.0434
KENYA,PWRGEO035,2044,1.0434
KENYA,PWRGEO035,2045,1.0434
KENYA,PWRGEO035,2046,1.0434
KENYA,PWRGEO035,2047,1.0434
KENYA,PWRGEO035,2048,1.0434
KENYA,PWRGEO035,2049,1.0434
KENYA,PWRGEO035,2050,1.0434
KENYA,PWRGEO038,2026,0.5962
KENYA,PWRGEO038,2027,0.5962
KENYA,PWRGEO038,2028,0.5962
KENYA,PWRGEO038,2029,0.5962
KENYA,PWRGEO038,2030,0.5962
KENYA,PWRGEO038,2031,0.5962
KENYA,PWRGEO038,2032,0.5962
KENYA,PWRGEO038,2033,0.5962
KENYA,PWRGEO038,2034,0.5962
KENYA,PWRGEO038,2035,0.5962
KENYA,PWRGEO038,2036,0.5962
KENYA,PWRGEO038,2037,0.5962
KENYA,PWRGEO038,2038,0.5962
KENYA,PWRGEO038,2039,0.5962
KENYA,PWRGEO038,2040,0.5962
KENYA,PWRGEO038,2041,0.5962
KENYA,PWRGEO038,2042,0.5962
KENYA,PWRGEO038,2043,0.5962
KENYA,PWRGEO038,2044,0.5962
KENYA,PWRGEO038,2045,0.5962
KENYA,PWRGEO038,2046,0.5962
KENYA,PWRGEO038,2047,0.5962
KENYA,PWRGEO038,2048,0.5962
KENYA,PWRGEO038,2049,0.5962
KENYA,PWRGEO038,2050,0.5962
KENYA,PWRGEO040,2019,0.5247
KENYA,PWRGEO040,2020,0.5247
KENYA,PWRGEO040,2021,0.5247
KENYA,PWRGEO040,2022,0.5247
KENYA,PWRGEO040,2023,0.5247
KENYA,PWRGEO040,2024,0.5247
KENYA,PWRGEO040,2025,0.5247
KENYA,PWRGEO040,2026,0.5247
KENYA,PWRGEO040,2027,0.5247
KENYA,PWRGEO040,2028,0.5247
KENYA,PWRGEO040,2029,0.5247
KENYA,PWRGEO040,2030,0.5247
KENYA,PWRGEO040,2031,0.5247
KENYA,PWRGEO040,2032,0.5247
KENYA,PWRGEO040,2033,0.5247
KENYA,PWRGEO040,2034,0.5247
KENYA,PWRGEO040,2035,0.5247
KENYA,PWRGEO040,2036,0.5247
KENYA,PWRGEO040,2037,0.5247
KENYA,PWRGEO040,2038,0.5247
KENYA,PWRGEO042,2039,1.4906
KENYA,PWRGEO042,2040,1.4906
KENYA,PWRGEO042,2041,1.4906
KENYA,PWRGEO042,2042,1.4906
KENYA,PWRGEO042,2043,1.4906
KENYA,PWRGEO042,2044,1.4906
KENYA,PWRGEO042,2045,1.4906
KENYA,PWRGEO042,2046,1.4906
KENYA,PWRGEO042,2047,1.4906
KENYA,PWRGEO042,2048,1.4906
KENYA,PWRGEO042,2049,1.4906
KENYA,PWRGEO042,2050,1.4906
KENYA,PWRGEO047,2019,0.4472
KENYA,PWRGEO047,2020,0.4472
KENYA,PWRGEO047,2021,0.4472
KENYA,PWRGEO047,2022,0.4472
KENYA,PWRGEO047,2023,0.4472
KENYA,PWRGEO049,2025,0.626
KENYA,PWRGEO049,2026,0.626
KENYA,PWRGEO049,2027,0.626
KENYA,PWRGEO049,2028,0.626
KENYA,PWRGEO049,2029,0.626
KENYA,PWRGEO049,2030,0.626
KENYA,PWRGEO049,2031,0.626
KENYA,PWRGEO049,2032,0.626
KENYA,PWRGEO049,2033,0.626
KENYA,PWRGEO049,2034,0.626
KENYA,PWRGEO049,2035,0.626
KENYA,PWRGEO049,2036,0.626
KENYA,PWRGEO049,2037,0.626
KENYA,PWRGEO049,2038,0.626
KENYA,PWRGEO049,2039,0.626
KENYA,PWRGEO049,2040,0.626
KENYA,PWRGEO049,2041,0.626
KENYA,PWRGEO049,2042,0.626
KENYA,PWRGEO049,2043,0.626
KENYA,PWRGEO049,2044,0.626
KENYA,PWRGEO049,2045,0.626
KENYA,PWRGEO049,2046,0.626
KENYA,PWRGEO049,2047,0.626
KENYA,PWRGEO049,2048,0.626
KENYA,PWRGEO049,2049,0.626
KENYA,PWRGEO049,2050,0.626
KENYA,PWRGEO050,2025,0.626
KENYA,PWRGEO050,2026,0.626
KENYA,PWRGEO050,2027,0.626
KENYA,PWRGEO050,2028,0.626
KENYA,PWRGEO050,2029,0.626
KENYA,PWRGEO050,2030,0.626
KENYA,PWRGEO050,2031,0.626
KENYA,PWRGEO050,2032,0.626
KENYA,PWRGEO050,2033,0.626
KENYA,PWRGEO050,2034,0.626
KENYA,PWRGEO050,2035,0.626
KENYA,PWRGEO050,2036,0.626
KENYA,PWRGEO050,2037,0.626
KENYA,PWRGEO050,2038,0.626
KENYA,PWRGEO050,2039,0.626
KENYA,PWRGEO050,2040,0.626
KENYA,PWRGEO050,2041,0.626
KENYA,PWRGEO050,2042,0.626
KENYA,PWRGEO050,2043,0.626
KENYA,PWRGEO050,2044,0.626
KENYA,PWRGEO050,2045,0.626
KENYA,PWRGEO050,2046,0.626
KENYA,PWRGEO050,2047,0.626
KENYA,PWRGEO050,2048,0.626
KENYA,PWRGEO050,2049,0.626
KENYA,PWRGEO050,2050,0.626
KENYA,PWRGEO051,2025,0.626
KENYA,PWRGEO051,2026,0.626
KENYA,PWRGEO051,2027,0.626
KENYA,PWRGEO051,2028,0.626
KENYA,PWRGEO051,2029,0.626
KENYA,PWRGEO051,2030,0.626
KENYA,PWRGEO051,2031,0.626
KENYA,PWRGEO051,2032,0.626
KENYA,PWRGEO051,2033,0.626
KENYA,PWRGEO051,2034,0.626
KENYA,PWRGEO051,2035,0.626
KENYA,PWRGEO051,2036,0.626
KENYA,PWRGEO051,2037,0.626
KENYA,PWRGEO051,2038,0.626
KENYA,PWRGEO051,2039,0.626
KENYA,PWRGEO051,2040,0.626
KENYA,PWRGEO051,2041,0.626
KENYA,PWRGEO051,2042,0.626
KENYA,PWRGEO051,2043,0.626
KENYA,PWRGEO051,2044,0.626
KENYA,PWRGEO051,2045,0.626
KENYA,PWRGEO051,2046,0.626
KENYA,PWRGEO051,2047,0.626
KENYA,PWRGEO051,2048,0.626
KENYA,PWRGEO051,2049,0.626
KENYA,PWRGEO051,2050,0.626
KENYA,PWRGEO101,2026,0.11
KENYA,PWRGEO101,2027,0.4177
KENYA,PWRGEO101,2028,0.7522
KENYA,PWRGEO101,2029,1.1157
KENYA,PWRGEO101,2030,1.5109
KENYA,PWRGEO101,2031,1.9404
KENYA,PWRGEO101,2032,2.4074
KENYA,PWRGEO101,2033,2.9149
KENYA,PWRGEO101,2034,3.4666
KENYA,PWRGEO101,2035,4.0664
KENYA,PWRGEO101,2036,4.7182
KENYA,PWRGEO101,2037,5.4268
KENYA,PWRGEO101,2038,6.1971
KENYA,PWRGEO101,2039,7.0344
KENYA,PWRGEO101,2040,7.9445
KENYA,PWRGEO101,2041,8.9337
KENYA,PWRGEO101,2042,10.0091
KENYA,PWRGEO101,2043,11.178
KENYA,PWRGEO101,2044,12.4486
KENYA,PWRGEO101,2045,13.8297
KENYA,PWRGEO101,2046,14.881
KENYA,PWRGEO101,2047,14.881
KENYA,PWRGEO101,2048,14.881
KENYA,PWRGEO101,2049,14.881
KENYA,PWRGEO101,2050,14.881
KENYA,PWRGEO102,2026,2.5984
KENYA,PWRGEO102,2027,5.0679
KENYA,PWRGEO102,2028,5.6642
KENYA,PWRGEO102,2029,5.6642
KENYA,PWRGEO102,2030,6.6863
KENYA,PWRGEO102,2031,6.6863
KENYA,PWRGEO102,2032,8.3472
KENYA,PWRGEO102,2033,9.2415
KENYA,PWRGEO102,2034,10.1358
KENYA,PWRGEO102,2035,11.3283
KENYA,PWRGEO102,2036,12.5208
KENYA,PWRGEO102,2037,13.6979
KENYA,PWRGEO102,2038,15.2038
KENYA,PWRGEO102,2039,16.611
KENYA,PWRGEO102,2040,16.611
KENYA,PWRGEO102,2041,19.8009
KENYA,PWRGEO102,2042,22.9547
KENYA,PWRGEO102,2043,25.3396
KENYA,PWRGEO102,2044,28.0226
KENYA,PWRGEO102,2045,31.0038
KENYA,PWRGEO102,2046,34.283
KENYA,PWRGEO102,2047,37.8604
KENYA,PWRGEO102,2048,41.7359
KENYA,PWRGEO102,2049,46.2076
KENYA,PWRGEO102,2050,50.9774
KENYA,PWRHFO002,2020,0.0079
KENYA,PWRHFO002,2021,0.0214
KENYA,PWRHFO002,2031,0.0457
KENYA,PWRHFO002,2032,0.0581
KENYA,PWRHFO002,2033,0.193
KENYA,PWRHFO002,2034,0.3584
KENYA,PWRHFO003,2019,0.5424
KENYA,PWRHFO003,2020,0.6152
KENYA,PWRHFO003,2021,0.5588
KENYA,PWRHFO003,2022,0.2633
KENYA,PWRHFO003,2023,0.2893
KENYA,PWRHFO003,2024,0.4338
KENYA,PWRHFO004,2019,1.9717
KENYA,PWRHFO004,2020,2.4695
KENYA,PWRHFO004,2021,2.5811
KENYA,PWRHFO004,2022,0.7933
KENYA,PWRHFO004,2023,0.8179
KENYA,PWRHFO004,2024,1.0019
KENYA,PWRHFO004,2025,0.8856
KENYA,PWRHFO004,2026,0.0575
KENYA,PWRHFO004,2027,0.2687
KENYA,PWRHFO004,2028,0.246
KENYA,PWRHFO004,2029,0.1238
KENYA,PWRHFO004,2030,0.7632
KENYA,PWRHFO005,2019,0.5117
KENYA,PWRHFO005,2020,0.5793
KENYA,PWRHFO005,2021,0.6156
KENYA,PWRHFO005,2022,0.1672
KENYA,PWRHFO005,2023,0.2163
KENYA,PWRHFO005,2024,0.4184
KENYA,PWRHFO005,2025,0.4949
KENYA,PWRHFO006,2019,2.5742
KENYA,PWRHFO006,2020,2.5742
KENYA,PWRHFO006,2021,2.5742
KENYA,PWRHFO006,2022,0.8012
KENYA,PWRHFO006,2023,0.7991
KENYA,PWRHFO006,2024,1.3659
KENYA,PWRHFO006,2025,0.7568
KENYA,PWRHFO006,2026,0.3511
KENYA,PWRHFO006,2027,0.5968
KENYA,PWRHFO006,2028,0.5917
KENYA,PWRHFO006,2029,0.511
KENYA,PWRHFO007,2019,0.2368
KENYA,PWRHFO007,2020,0.3624
KENYA,PWRHFO007,2021,0.4128
KENYA,PWRHFO007,2022,0.0683
KENYA,PWRHFO007,2023,0.0434
KENYA,PWRHFO007,2024,0.2727
KENYA,PWRHFO007,2025,0.107
KENYA,PWRHFO007,2028,0.032
KENYA,PWRHFO007,2030,0.1086
KENYA,PWRHFO007,2031,0.4292
KENYA,PWRHFO007,2032,0.5395
KENYA,PWRHFO007,2033,0.5993
KENYA,PWRHFO008,2019,0.04
KENYA,PWRHFO008,2020,0.0724
KENYA,PWRHFO008,2021,0.0798
KENYA,PWRHFO008,2024,0.0266
KENYA,PWRHFO008,2025,0.0266
KENYA,PWRHFO008,2030,0.0119
KENYA,PWRHFO008,2031,0.1134
KENYA,PWRHFO008,2032,0.1628
KENYA,PWRHFO008,2033,0.4311
KENYA,PWRHFO009,2019,0.2899
KENYA,PWRHFO009,2020,0.319
KENYA,PWRHFO009,2021,0.36
KENYA,PWRHFO009,2022,0.0095
KENYA,PWRHFO009,2023,0.0605
KENYA,PWRHFO009,2024,0.0948
KENYA,PWRHFO009,2025,0.1789
KENYA,PWRHFO009,2027,0.0319
KENYA,PWRHFO009,2029,0.0245
KENYA,PWRHFO009,2030,0.084
KENYA,PWRHFO009,2031,0.3486
KENYA,PWRHFO009,2032,0.4964
KENYA,PWRHFO009,2033,0.6176
KENYA,PWRHFO009,2034,0.6063
KENYA,PWRHFO009,2035,0.538
KENYA,PWRHYD001,2019,0.3153
KENYA,PWRHYD001,2020,0.3153
KENYA,PWRHYD001,2021,0.3153
KENYA,PWRHYD001,2022,0.3153
KENYA,PWRHYD001,2023,0.3153
KENYA,PWRHYD001,2024,0.3153
KENYA,PWRHYD001,2025,0.3153
KENYA,PWRHYD001,2026,0.3153
KENYA,PWRHYD001,2027,0.3153
KENYA,PWRHYD001,2028,0.3153
KENYA,PWRHYD001,2029,0.3153
KENYA,PWRHYD001,2030,0.3153
KENYA,PWRHYD001,2031,0.3153
KENYA,PWRHYD001,2032,0.3153
KENYA,PWRHYD001,2033,0.3153
KENYA,PWRHYD001,2034,0.3153
KENYA,PWRHYD001,2035,0.3153
KENYA,PWRHYD001,2036,0.3153
KENYA,PWRHYD001,2037,0.3153
KENYA,PWRHYD001,2038,0.3153
KENYA,PWRHYD001,2039,0.3153
KENYA,PWRHYD001,2040,0.3153
KENYA,PWRHYD001,2041,0.3153
KENYA,PWRHYD001,2042,0.3153
KENYA,PWRHYD001,2043,0.3153
KENYA,PWRHYD001,2044,0.3153
KENYA,PWRHYD001,2045,0.3153
KENYA,PWRHYD001,2046,0.3153
KENYA,PWRHYD001,2047,0.3153
KENYA,PWRHYD001,2048,0.3153
KENYA,PWRHYD001,2049,0.3153
KENYA,PWRHYD001,2050,0.3153
KENYA,PWRHYD002,2019,0.4724
KENYA,PWRHYD002,2020,0.4724
KENYA,PWRHYD002,2021,0.4724
KENYA,PWRHYD002,2022,0.4724
KENYA,PWRHYD002,2023,0.4724
KENYA,PWRHYD002,2024,0.4724
KENYA,PWRHYD002,2025,0.4724
KENYA,PWRHYD002,2026,0.4724
KENYA,PWRHYD002,2027,0.4724
KENYA,PWRHYD002,2028,0.4724
KENYA,PWRHYD002,2029,0.4724
KENYA,PWRHYD002,2030,0.4724
KENYA,PWRHYD002,2031,0.4724
KENYA,PWRHYD002,2032,0.4724
KENYA,PWRHYD002,2033,0.4724
KENYA,PWRHYD002,2034,0.4724
KENYA,PWRHYD002,2035,0.4724
KENYA,PWRHYD002,2036,0.4724
KENYA,PWRHYD002,2037,0.4724
KENYA,PWRHYD002,2038,0.4724
KENYA,PWRHYD002,2039,0.4724
KENYA,PWRHYD002,2040,0.4724
KENYA,PWRHYD002,2041,0.4724
KENYA,PWRHYD002,2042,0.4724
KENYA,PWRHYD002,2043,0.4724
KENYA,PWRHYD002,2044,0.4724
KENYA,PWRHYD002,2045,0.4724
KENYA,PWRHYD002,2046,0.4724
KENYA,PWRHYD002,2047,0.4724
KENYA,PWRHYD002,2048,0.4724
KENYA,PWRHYD002,2049,0.4724
KENYA,PWRHYD002,2050,0.4724
KENYA,PWRHYD003,2019,1.3129
KENYA,PWRHYD003,2020,1.3129
KENYA,PWRHYD003,2021,1.3129
KENYA,PWRHYD003,2022,1.3129
KENYA,PWRHYD003,2023,1.3129
KENYA,PWRHYD003,2024,1.3129
KENYA,PWRHYD003,2025,1.3129
KENYA,PWRHYD003,2026,1.3129
KENYA,PWRHYD003,2027,1.3129
KENYA,PWRHYD003,2028,1.3129
KENYA,PWRHYD003,2029,1.3129
KENYA,PWRHYD003,2030,1.3129
KENYA,PWRHYD003,2031,1.3129
KENYA,PWRHYD003,2032,1.3129
KENYA,PWRHYD003,2033,1.3129
KENYA,PWRHYD003,2034,1.3129
KENYA,PWRHYD003,2035,1.3129
KENYA,PWRHYD003,2036,1.3129
KENYA,PWRHYD003,2037,1.3129
KENYA,PWRHYD003,2038,1.3129
KENYA,PWRHYD003,2039,1.3129
KENYA,PWRHYD003,2040,1.3129
KENYA,PWRHYD003,2041,1.3129
KENYA,PWRHYD003,2042,1.3129
KENYA,PWRHYD003,2043,1.3129
KENYA,PWRHYD003,2044,1.3129
KENYA,PWRHYD003,2045,1.3129
KENYA,PWRHYD003,2046,1.3129
KENYA,PWRHYD003,2047,1.3129
KENYA,PWRHYD003,2048,1.3129
KENYA,PWRHYD003,2049,1.3129
KENYA,PWRHYD003,2050,1.3129
KENYA,PWRHYD004,2019,2.6351
KENYA,PWRHYD004,2020,2.6351
KENYA,PWRHYD004,2021,2.6351
KENYA,PWRHYD004,2022,2.6351
KENYA,PWRHYD004,2023,2.6351
KENYA,PWRHYD004,2024,2.6351
KENYA,PWRHYD004,2025,2.6351
KENYA,PWRHYD004,2026,2.6351
KENYA,PWRHYD004,2027,2.6351
KENYA,PWRHYD004,2028,2.6351
KENYA,PWRHYD004,2029,2.6351
KENYA,PWRHYD004,2030,2.6351
KENYA,PWRHYD004,2031,2.6351
KENYA,PWRHYD004,2032,2.6351
KENYA,PWRHYD004,2033,2.6351
KENYA,PWRHYD004,2034,2.6351
KENYA,PWRHYD004,2035,2.6351
KENYA,PWRHYD004,2036,2.6351
KENYA,PWRHYD004,2037,2.6351
KENYA,PWRHYD004,2038,2.6351
KENYA,PWRHYD004,2039,2.6351
KENYA,PWRHYD004,2040,2.6351
KENYA,PWRHYD004,2041,2.6351
KENYA,PWRHYD004,2042,2.6351
KENYA,PWRHYD004,2043,2.6351
KENYA,PWRHYD004,2044,2.6351
KENYA,PWRHYD004,2045,2.6351
KENYA,PWRHYD004,2046,2.6351
KENYA,PWRHYD004,2047,2.6351
KENYA,PWRHYD004,2048,2.6351
KENYA,PWRHYD004,2049,2.6351
KENYA,PWRHYD004,2050,2.6351
KENYA,PWRHYD005,2019,0.5888
KENYA,PWRHYD005,2020,0.5888
KENYA,PWRHYD005,2021,0.5888
KENYA,PWRHYD005,2022,0.5888
KENYA,PWRHYD005,2023,0.5888
KENYA,PWRHYD005,2024,0.5888
KENYA,PWRHYD005,2025,0.5888
KENYA,PWRHYD005,2026,0.5888
KENYA,PWRHYD005,2027,0.5888
KENYA,PWRHYD005,2028,0.5888
KENYA,PWRHYD005,2029,0.5888
KENYA,PWRHYD005,2030,0.5888
KENYA,PWRHYD005,2031,0.5888
KENYA,PWRHYD005,2032,0.5888
KENYA,PWRHYD005,2033,0.5888
KENYA,PWRHYD005,2034,0.5888
KENYA,PWRHYD005,2035,0.5888
KENYA,PWRHYD005,2036,0.5888
KENYA,PWRHYD005,2037,0.5888
KENYA,PWRHYD005,2038,0.5888
KENYA,PWRHYD005,2039,0.5888
KENYA,PWRHYD005,2040,0.5888
KENYA,PWRHYD005,2041,0.5888
KENYA,PWRHYD005,2042,0.5888
KENYA,PWRHYD005,2043,0.5888
KENYA,PWRHYD005,2044,0.5888
KENYA,PWRHYD005,2045,0.5888
KENYA,PWRHYD005,2046,0.5888
KENYA,PWRHYD005,2047,0.5888
KENYA,PWRHYD005,2048,0.5888
KENYA,PWRHYD005,2049,0.5888
KENYA,PWRHYD005,2050,0.5888
KENYA,PWRHYD006,2019,3.0107
KENYA,PWRHYD006,2020,3.0107
KENYA,PWRHYD006,2021,3.0107
KENYA,PWRHYD006,2022,3.0107
KENYA,PWRHYD006,2023,3.0107
KENYA,PWRHYD006,2024,3.0107
KENYA,PWRHYD006,2025,3.0107
KENYA,PWRHYD006,2026,3.0107
KENYA,PWRHYD006,2027,3.0107
KENYA,PWRHYD006,2028,3.0107
KENYA,PWRHYD006,2029,3.0107
KENYA,PWRHYD006,2030,3.0107
KENYA,PWRHYD006,2031,3.0107
KENYA,PWRHYD006,2032,3.0107
KENYA,PWRHYD006,2033,3.0107
KENYA,PWRHYD006,2034,3.0107
KENYA,PWRHYD006,2035,3.0107
KENYA,PWRHYD006,2036,3.0107
KENYA,PWRHYD006,2037,3.0107
KENYA,PWRHYD006,2038,3.0107
KENYA,PWRHYD006,2039,3.0107
KENYA,PWRHYD006,2040,3.0107
KENYA,PWRHYD006,2041,3.0107
KENYA,PWRHYD006,2042,3.0107
KENYA,PWRHYD006,2043,3.0107
KENYA,PWRHYD006,2044,3.0107
KENYA,PWRHYD006,2045,3.0107
KENYA,PWRHYD006,2046,3.0107
KENYA,PWRHYD006,2047,3.0107
KENYA,PWRHYD006,2048,3.0107
KENYA,PWRHYD006,2049,3.0107
KENYA,PWRHYD006,2050,3.0107
KENYA,PWRHYD007,2019,1.7487
KENYA,PWRHYD007,2020,1.7487
KENYA,PWRHYD007,2021,1.7487
KENYA,PWRHYD007,2022,1.7487
KENYA,PWRHYD007,2023,1.7487
KENYA,PWRHYD007,2024,1.7487
KENYA,PWRHYD007,2025,1.7487
KENYA,PWRHYD007,2026,1.7487
KENYA,PWRHYD007,2027,1.7487
KENYA,PWRHYD007,2028,1.7487
KENYA,PWRHYD007,2029,1.7487
KENYA,PWRHYD007,2030,1.7487
KENYA,PWRHYD007,2031,1.7487
KENYA,PWRHYD007,2032,1.7487
KENYA,PWRHYD007,2033,1.7487
KENYA,PWRHYD007,2034,1.7487
KENYA,PWRHYD007,2035,1.7487
KENYA,PWRHYD007,2036,1.7487
KENYA,PWRHYD007,2037,1.7487
KENYA,PWRHYD007,2038,1.7487
KENYA,PWRHYD007,2039,1.7487
KENYA,PWRHYD007,2040,1.7487
KENYA,PWRHYD007,2041,1.7487
KENYA,PWRHYD007,2042,1.7487
KENYA,PWRHYD007,2043,1.7487
KENYA,PWRHYD007,2044,1.7487
KENYA,PWRHYD007,2045,1.7487
KENYA,PWRHYD007,2046,1.7487
KENYA,PWRHYD007,2047,1.7487
KENYA,PWRHYD007,2048,1.7487
KENYA,PWRHYD007,2049,1.7487
KENYA,PWRHYD007,2050,1.7487
KENYA,PWRHYD008,2019,1.2819
KENYA,PWRHYD008,2020,1.2819
KENYA,PWRHYD008,2021,1.2819
KENYA,PWRHYD008,2022,1.2819
KENYA,PWRHYD008,2023,1.2819
KENYA,PWRHYD008,2024,1.2819
KENYA,PWRHYD008,2025,1.2819
KENYA,PWRHYD008,2026,1.2819
KENYA,PWRHYD008,2027,1.2819
KENYA,PWRHYD008,2028,1.2819
KENYA,PWRHYD008,2029,1.2819
KENYA,PWRHYD008,2030,1.2819
KENYA,PWRHYD008,2031,1.2819
KENYA,PWRHYD008,2032,1.2819
KENYA,PWRHYD008,2033,1.2819
KENYA,PWRHYD008,2034,1.2819
KENYA,PWRHYD008,2035,1.2819
KENYA,PWRHYD008,2036,1.2819
KENYA,PWRHYD008,2037,1.2819
KENYA,PWRHYD008,2038,1.2819
KENYA,PWRHYD008,2039,1.2819
KENYA,PWRHYD008,2040,1.2819
KENYA,PWRHYD008,2041,1.2819
KENYA,PWRHYD009,2019,0.4125
KENYA,PWRHYD009,2020,0.4125
KENYA,PWRHYD009,2021,0.4125
KENYA,PWRHYD009,2022,0.4125
KENYA,PWRHYD009,2023,0.4125
KENYA,PWRHYD009,2024,0.4125
KENYA,PWRHYD009,2025,0.4125
KENYA,PWRHYD009,2026,0.4125
KENYA,PWRHYD009,2027,0.4125
KENYA,PWRHYD009,2028,0.4125
KENYA,PWRHYD009,2029,0.4125
KENYA,PWRHYD009,2030,0.4125
KENYA,PWRHYD009,2031,0.4125
KENYA,PWRHYD009,2032,0.4125
KENYA,PWRHYD009,2033,0.4125
KENYA,PWRHYD009,2034,0.4125
KENYA,PWRHYD009,2035,0.4125
KENYA,PWRHYD009,2036,0.4125
KENYA,PWRHYD009,2037,0.4125
KENYA,PWRHYD009,2038,0.4125
KENYA,PWRHYD009,2039,0.4125
KENYA,PWRHYD009,2040,0.4125
KENYA,PWRHYD009,2041,0.4125
KENYA,PWRHYD016,2019,0.2592
KENYA,PWRHYD016,2020,0.2592
KENYA,PWRHYD016,2021,0.2592
KENYA,PWRHYD016,2022,0.2592
KENYA,PWRHYD016,2023,0.3563
KENYA,PWRHYD016,2024,0.3895
KENYA,PWRHYD016,2025,0.3935
KENYA,PWRHYD016,2026,0.7232
KENYA,PWRHYD016,2027,0.8694
KENYA,PWRHYD016,2028,0.9106
KENYA,PWRHYD016,2029,1.009
KENYA,PWRHYD016,2030,1.4955
KENYA,PWRHYD016,2031,1.8691
KENYA,PWRHYD016,2032,2.111
KENYA,PWRHYD016,2033,2.5391
KENYA,PWRHYD016,2034,2.8728
KENYA,PWRHYD016,2035,3.2942
KENYA,PWRHYD016,2036,3.6651
KENYA,PWRHYD016,2037,3.7129
KENYA,PWRHYD016,2038,3.7648
KENYA,PWRHYD016,2039,3.8206
KENYA,PWRHYD016,2040,3.8831
KENYA,PWRHYD016,2041,3.9509
KENYA,PWRHYD016,2042,4.0253
KENYA,PWRHYD016,2043,4.1064
KENYA,PWRHYD016,2044,4.1942
KENYA,PWRHYD016,2045,4.2912
KENYA,PWRHYD016,2046,4.3976
KENYA,PWRHYD016,2047,4.5132
KENYA,PWRHYD016,2048,4.6395
KENYA,PWRHYD016,2049,4.7778
KENYA,PWRHYD016,2050,4.9293
KENYA,PWRNGS002,2034,0.0546
KENYA,PWRNGS002,2035,0.8778
KENYA,PWRNGS002,2036,0.772
KENYA,PWRNGS002,2037,0.7964
KENYA,PWRNGS002,2038,1.7096
KENYA,PWRNGS002,2039,1.6031
KENYA,PWRNGS002,2040,1.4894
KENYA,PWRNGS002,2041,1.548
KENYA,PWRNGS002,2042,1.5971
KENYA,PWRNGS002,2043,2.212
KENYA,PWRNGS002,2044,2.218
KENYA,PWRNGS002,2045,2.5381
KENYA,PWRNGS002,2046,2.247
KENYA,PWRNGS002,2047,2.3262
KENYA,PWRNGS002,2048,2.0046
KENYA,PWRNGS002,2049,2.0622
KENYA,PWRNGS002,2050,2.2474
KENYA,PWRNGS003,2041,0.0768
KENYA,PWRNGS003,2042,0.0793
KENYA,PWRNGS003,2043,0.3387
KENYA,PWRNGS003,2044,0.3309
KENYA,PWRNGS003,2045,0.5491
KENYA,PWRNGS003,2046,0.6542
KENYA,PWRNGS003,2047,0.4867
KENYA,PWRNGS003,2048,0.4776
KENYA,PWRNGS003,2049,0.4867
KENYA,PWRNGS003,2050,0.4511
KENYA,PWRNGS004,2031,0.0066
KENYA,PWRNGS004,2032,0.0439
KENYA,PWRNGS004,2033,0.1454
KENYA,PWRNGS004,2034,0.5178
KENYA,PWRNGS004,2035,0.8396
KENYA,PWRNGS004,2036,0.8505
KENYA,PWRNGS004,2037,0.8403
KENYA,PWRNGS004,2038,0.983
KENYA,PWRNGS004,2039,0.7337
KENYA,PWRNGS004,2040,0.5928
KENYA,PWRNGS004,2041,0.6719
KENYA,PWRNGS004,2042,0.9023
KENYA,PWRNGS004,2043,0.84
KENYA,PWRNGS004,2044,0.7922
KENYA,PWRNGS004,2045,0.998
KENYA,PWRNGS004,2046,0.89
KENYA,PWRNGS004,2047,0.8571
KENYA,PWRNGS004,2048,0.5593
KENYA,PWRNGS004,2049,0.5966
KENYA,PWRNGS004,2050,0.5714
KENYA,PWRNGS005,2038,0.0086
KENYA,PWRNGS005,2048,0.0303
KENYA,PWRNGS005,2049,0.078
KENYA,PWRNGS005,2050,0.0303
KENYA,PWRNGS006,2042,0.018
KENYA,PWRNGS006,2045,0.0211
KENYA,PWRNGS006,2048,0.0303
KENYA,PWRNGS006,2049,0.0303
KENYA,PWRNGS006,2050,0.0763
KENYA,PWRNGS009,2034,0.0058
KENYA,PWRNGS009,2036,0.0019
KENYA,PWRNGS009,2043,0.0028
KENYA,PWRNGS009,2045,0.1013
KENYA,PWRNGS009,2046,0.0377
KENYA,PWRNGS009,2047,0.024
KENYA,PWRNGS009,2048,0.053
KENYA,PWRNGS009,2050,0.0018
KENYA,PWRNGS010,2037,0.0059
KENYA,PWRNGS010,2044,0.0293
KENYA,PWRNGS010,2048,0.0588
KENYA,PWRNGS010,2049,0.0539
KENYA,PWRNGS010,2050,0.0069
KENYA,PWRNGS011,2034,0.0099
KENYA,PWRNGS011,2035,0.0069
KENYA,PWRNGS011,2041,0.0148
KENYA,PWRNGS011,2042,0.0279
KENYA,PWRNGS011,2043,0.0303
KENYA,PWRNGS011,2048,0.0088
KENYA,PWRNGS011,2049,0.0531
KENYA,PWRNGS011,2050,0.0303
KENYA,PWRPHS001,2034,0.177
KENYA,PWRPHS001,2035,0.4267
KENYA,PWRPHS001,2036,0.6793
KENYA,PWRPHS001,2037,0.6793
KENYA,PWRPHS001,2038,0.6793
KENYA,PWRPHS001,2039,0.6793
KENYA,PWRPHS001,2040,0.6827
KENYA,PWRPHS001,2041,0.6846
KENYA,PWRPHS001,2042,0.6846
KENYA,PWRPHS001,2043,0.6846
KENYA,PWRPHS001,2044,0.6846
KENYA,PWRPHS001,2045,0.6846
KENYA,PWRPHS001,2046,0.6846
KENYA,PWRPHS001,2047,0.6846
KENYA,PWRPHS001,2048,0.6846
KENYA,PWRPHS001,2049,0.6846
KENYA,PWRPHS001,2050,0.6846
KENYA,PWRPHS002,2035,0.0526
KENYA,PWRPHS002,2036,0.0526
KENYA,PWRPHS002,2037,0.1044
KENYA,PWRPHS002,2038,0.1748
KENYA,PWRPHS002,2039,0.1748
KENYA,PWRPHS002,2040,0.2553
KENYA,PWRPHS002,2041,0.26
KENYA,PWRPHS002,2042,0.26
KENYA,PWRPHS002,2043,0.26
KENYA,PWRPHS002,2044,0.26
KENYA,PWRPHS002,2045,0.26
KENYA,PWRPHS002,2046,0.26
KENYA,PWRPHS002,2047,0.26
KENYA,PWRPHS002,2048,0.26
KENYA,PWRPHS002,2049,0.26
KENYA,PWRPHS002,2050,0.26
KENYA,PWRSOL001,2019,0.3096
KENYA,PWRSOL001,2020,0.3096
KENYA,PWRSOL001,2021,0.3096
KENYA,PWRSOL001,2022,0.3096
KENYA,PWRSOL001,2023,0.3096
KENYA,PWRSOL001,2024,0.3096
KENYA,PWRSOL001,2025,0.3096
KENYA,PWRSOL001,2026,0.3096
KENYA,PWRSOL001,2027,0.3096
KENYA,PWRSOL001,2028,0.3096
KENYA,PWRSOL001,2029,0.3096
KENYA,PWRSOL001,2030,0.3096
KENYA,PWRSOL001,2031,0.3096
KENYA,PWRSOL001,2032,0.3096
KENYA,PWRSOL001,2033,0.3096
KENYA,PWRSOL001,2034,0.3096
KENYA,PWRSOL001,2035,0.3096
KENYA,PWRSOL001,2036,0.3096
KENYA,PWRSOL001,2037,0.3096
KENYA,PWRSOL002,2023,0.2477
KENYA,PWRSOL002,2024,0.2477
KENYA,PWRSOL002,2025,0.2477
KENYA,PWRSOL002,2026,0.2477
KENYA,PWRSOL002,2027,0.2477
KENYA,PWRSOL002,2028,0.2477
KENYA,PWRSOL002,2029,0.2477
KENYA,PWRSOL002,2030,0.2477
KENYA,PWRSOL002,2031,0.2477
KENYA,PWRSOL002,2032,0.2477
KENYA,PWRSOL002,2033,0.2477
KENYA,PWRSOL002,2034,0.2477
KENYA,PWRSOL002,2035,0.2477
KENYA,PWRSOL002,2036,0.2477
KENYA,PWRSOL002,2037,0.2477
KENYA,PWRSOL002,2038,0.2477
KENYA,PWRSOL002,2039,0.2477
KENYA,PWRSOL002,2040,0.2477
KENYA,PWRSOL002,2041,0.2477
KENYA,PWRSOL002,2042,0.2477
KENYA,PWRSOL003,2038,0.1858
KENYA,PWRSOL003,2039,0.1858
KENYA,PWRSOL003,2040,0.1858
KENYA,PWRSOL003,2041,0.1858
KENYA,PWRSOL003,2042,0.1858
KENYA,PWRSOL003,2043,0.1858
KENYA,PWRSOL003,2044,0.1858
KENYA,PWRSOL003,2045,0.1858
KENYA,PWRSOL003,2046,0.1858
KENYA,PWRSOL003,2047,0.1858
KENYA,PWRSOL003,2048,0.1858
KENYA,PWRSOL003,2049,0.1858
KENYA,PWRSOL003,2050,0.1858
KENYA,PWRSOL004,2038,0.2477
KENYA,PWRSOL004,2039,0.2477
KENYA,PWRSOL004,2040,0.2477
KENYA,PWRSOL004,2041,0.2477
KENYA,PWRSOL004,2042,0.2477
KENYA,PWRSOL004,2043,0.2477
KENYA,PWRSOL004,2044,0.2477
KENYA,PWRSOL004,2045,0.2477
KENYA,PWRSOL004,2046,0.2477
KENYA,PWRSOL004,2047,0.2477
KENYA,PWRSOL004,2048,0.2477
KENYA,PWRSOL004,2049,0.2477
KENYA,PWRSOL004,2050,0.2477
KENYA,PWRSOL005,2038,0.2477
KENYA,PWRSOL005,2039,0.2477
KENYA,PWRSOL005,2040,0.2477
KENYA,PWRSOL005,2041,0.2477
KENYA,PWRSOL005,2042,0.2477
KENYA,PWRSOL005,2043,0.2477
KENYA,PWRSOL005,2044,0.2477
KENYA,PWRSOL005,2045,0.2477
KENYA,PWRSOL005,2046,0.2477
KENYA,PWRSOL005,2047,0.2477
KENYA,PWRSOL005,2048,0.2477
KENYA,PWRSOL005,2049,0.2477
KENYA,PWRSOL005,2050,0.2477
KENYA,PWRSOL006,2023,0.0093
KENYA,PWRSOL006,2024,0.0093
KENYA,PWRSOL006,2025,0.0093
KENYA,PWRSOL006,2026,0.0093
KENYA,PWRSOL006,2027,0.0093
KENYA,PWRSOL006,2028,0.0093
KENYA,PWRSOL006,2029,0.0093
KENYA,PWRSOL006,2030,0.0093
KENYA,PWRSOL006,2031,0.0093
KENYA,PWRSOL006,2032,0.0093
KENYA,PWRSOL006,2033,0.0093
KENYA,PWRSOL006,2034,0.0093
KENYA,PWRSOL006,2035,0.0093
KENYA,PWRSOL006,2036,0.0093
KENYA,PWRSOL006,2037,0.0093
KENYA,PWRSOL006,2038,0.0093
KENYA,PWRSOL006,2039,0.0093
KENYA,PWRSOL006,2040,0.0093
KENYA,PWRSOL006,2041,0.0093
KENYA,PWRSOL006,2042,0.0093
KENYA,PWRSOL008,2022,0.2477
KENYA,PWRSOL008,2023,0.2477
KENYA,PWRSOL008,2024,0.2477
KENYA,PWRSOL008,2025,0.2477
KENYA,PWRSOL008,2026,0.2477
KENYA,PWRSOL008,2027,0.2477
KENYA,PWRSOL008,2028,0.2477
KENYA,PWRSOL008,2029,0.2477
KENYA,PWRSOL008,2030,0.2477
KENYA,PWRSOL008,2031,0.2477
KENYA,PWRSOL008,2032,0.2477
KENYA,PWRSOL008,2033,0.2477
KENYA,PWRSOL008,2034,0.2477
KENYA,PWRSOL008,2035,0.2477
KENYA,PWRSOL008,2036,0.2477
KENYA,PWRSOL008,2037,0.2477
KENYA,PWRSOL008,2038,0.2477
KENYA,PWRSOL008,2039,0.2477
KENYA,PWRSOL008,2040,0.2477
KENYA,PWRSOL008,2041,0.2477
KENYA,PWRSOL009,2026,0.2477
KENYA,PWRSOL009,2027,0.2477
KENYA,PWRSOL009,2028,0.2477
KENYA,PWRSOL009,2029,0.2477
KENYA,PWRSOL009,2030,0.2477
KENYA,PWRSOL009,2031,0.2477
KENYA,PWRSOL009,2032,0.2477
KENYA,PWRSOL009,2033,0.2477
KENYA,PWRSOL009,2034,0.2477
KENYA,PWRSOL009,2035,0.2477
KENYA,PWRSOL009,2036,0.2477
KENYA,PWRSOL009,2037,0.2477
KENYA,PWRSOL009,2038,0.2477
KENYA,PWRSOL009,2039,0.2477
KENYA,PWRSOL009,2040,0.2477
KENYA,PWRSOL009,2041,0.2477
KENYA,PWRSOL009,2042,0.2477
KENYA,PWRSOL009,2043,0.2477
KENYA,PWRSOL009,2044,0.2477
KENYA,PWRSOL009,2045,0.2477
KENYA,PWRSOL010,2021,0.2477
KENYA,PWRSOL010,2022,0.2477
KENYA,PWRSOL010,2023,0.2477
KENYA,PWRSOL010,2024,0.2477
KENYA,PWRSOL010,2025,0.2477
KENYA,PWRSOL010,2026,0.2477
KENYA,PWRSOL010,2027,0.2477
KENYA,PWRSOL010,2028,0.2477
KENYA,PWRSOL010,2029,0.2477
KENYA,PWRSOL010,2030,0.2477
KENYA,PWRSOL010,2031,0.2477
KENYA,PWRSOL010,2032,0.2477
KENYA,PWRSOL010,2033,0.2477
KENYA,PWRSOL010,2034,0.2477
KENYA,PWRSOL010,2035,0.2477
KENYA,PWRSOL010,2036,0.2477
KENYA,PWRSOL010,2037,0.2477
KENYA,PWRSOL010,2038,0.2477
KENYA,PWRSOL010,2039,0.2477
KENYA,PWRSOL010,2040,0.2477
KENYA,PWRSOL011,2019,0.0015
KENYA,PWRSOL011,2020,0.0015
KENYA,PWRSOL011,2021,0.0015
KENYA,PWRSOL011,2022,0.0015
KENYA,PWRSOL011,2023,0.0015
KENYA,PWRSOL011,2024,0.0015
KENYA,PWRSOL011,2025,0.0015
KENYA,PWRSOL011,2026,0.0015
KENYA,PWRSOL011,2027,0.0015
KENYA,PWRSOL011,2028,0.0015
KENYA,PWRSOL011,2029,0.0015
KENYA,PWRSOL011,2030,0.0015
KENYA,PWRSOL011,2031,0.0015
KENYA,PWRSOL011,2032,0.0015
KENYA,PWRSOL011,2033,0.0015
KENYA,PWRSOL011,2034,0.0015
KENYA,PWRSOL011,2035,0.0015
KENYA,PWRSOL011,2036,0.0015
KENYA,PWRSOL011,2037,0.0015
KENYA,PWRSOL012,2021,0.2477
KENYA,PWRSOL012,2022,0.2477
KENYA,PWRSOL012,2023,0.2477
KENYA,PWRSOL012,2024,0.2477
KENYA,PWRSOL012,2025,0.2477
KENYA,PWRSOL012,2026,0.2477
KENYA,PWRSOL012,2027,0.2477
KENYA,PWRSOL012,2028,0.2477
KENYA,PWRSOL012,2029,0.2477
KENYA,PWRSOL012,2030,0.2477
KENYA,PWRSOL012,2031,0.2477
KENYA,PWRSOL012,2032,0.2477
KENYA,PWRSOL012,2033,0.2477
KENYA,PWRSOL012,2034,0.2477
KENYA,PWRSOL012,2035,0.2477
KENYA,PWRSOL012,2036,0.2477
KENYA,PWRSOL012,2037,0.2477
KENYA,PWRSOL012,2038,0.2477
KENYA,PWRSOL012,2039,0.2477
KENYA,PWRSOL012,2040,0.2477
KENYA,PWRSOL013,2038,0.0065
KENYA,PWRSOL013,2039,0.0065
KENYA,PWRSOL013,2040,0.0065
KENYA,PWRSOL013,2041,0.0065
KENYA,PWRSOL013,2042,0.0619
KENYA,PWRSOL013,2043,0.0619
KENYA,PWRSOL013,2044,0.0619
KENYA,PWRSOL013,2045,0.0619
KENYA,PWRSOL013,2046,0.0619
KENYA,PWRSOL013,2047,0.0619
KENYA,PWRSOL013,2048,0.0619
KENYA,PWRSOL013,2049,0.0619
KENYA,PWRSOL013,2050,0.0619
KENYA,PWRSOL014,2042,0.2632
KENYA,PWRSOL014,2043,0.2632
KENYA,PWRSOL014,2044,0.2632
KENYA,PWRSOL014,2045,0.2632
KENYA,PWRSOL014,2046,0.2632
KENYA,PWRSOL014,2047,0.2632
KENYA,PWRSOL014,2048,0.2632
KENYA,PWRSOL014,2049,0.2632
KENYA,PWRSOL014,2050,0.2632
KENYA,PWRSOL015,2024,0.2477
KENYA,PWRSOL015,2025,0.2477
KENYA,PWRSOL015,2026,0.2477
KENYA,PWRSOL015,2027,0.2477
KENYA,PWRSOL015,2028,0.2477
KENYA,PWRSOL015,2029,0.2477
KENYA,PWRSOL015,2030,0.2477
KENYA,PWRSOL015,2031,0.2477
KENYA,PWRSOL015,2032,0.2477
KENYA,PWRSOL015,2033,0.2477
KENYA,PWRSOL015,2034,0.2477
KENYA,PWRSOL015,2035,0.2477
KENYA,PWRSOL015,2036,0.2477
KENYA,PWRSOL015,2037,0.2477
KENYA,PWRSOL015,2038,0.2477
KENYA,PWRSOL015,2039,0.2477
KENYA,PWRSOL015,2040,0.2477
KENYA,PWRSOL015,2041,0.2477
KENYA,PWRSOL015,2042,0.2477
KENYA,PWRSOL015,2043,0.2477
KENYA,PWRTRN,2019,47.3544
KENYA,PWRTRN,2020,48.1876
KENYA,PWRTRN,2021,50.3342
KENYA,PWRTRN,2022,51.9688
KENYA,PWRTRN,2023,53.39
KENYA,PWRTRN,2024,55.1362
KENYA,PWRTRN,2025,57.0764
KENYA,PWRTRN,2026,58.7388
KENYA,PWRTRN,2027,61.9415
KENYA,PWRTRN,2028,65.4608
KENYA,PWRTRN,2029,69.4277
KENYA,PWRTRN,2030,73.2536
KENYA,PWRTRN,2031,76.9197
KENYA,PWRTRN,2032,81.1848
KENYA,PWRTRN,2033,85.3029
KENYA,PWRTRN,2034,89.8235
KENYA,PWRTRN,2035,94.5015
KENYA,PWRTRN,2036,99.3104
KENYA,PWRTRN,2037,105.1384
KENYA,PWRTRN,2038,111.2089
KENYA,PWRTRN,2039,117.6273
KENYA,PWRTRN,2040,124.4318
KENYA,PWRTRN,2041,131.601
KENYA,PWRTRN,2042,139.0204
KENYA,PWRTRN,2043,146.933
KENYA,PWRTRN,2044,155.2674
KENYA,PWRTRN,2045,164.0783
KENYA,PWRTRN,2046,173.3759
KENYA,PWRTRN,2047,183.1688
KENYA,PWRTRN,2048,193.5225
KENYA,PWRTRN,2049,204.448
KENYA,PWRTRN,2050,215.9536
KENYA,PWRWND001,2019,0.056
KENYA,PWRWND001,2020,0.056
KENYA,PWRWND001,2021,0.056
KENYA,PWRWND001,2022,0.056
KENYA,PWRWND001,2023,0.056
KENYA,PWRWND001,2024,0.056
KENYA,PWRWND001,2025,0.056
KENYA,PWRWND001,2026,0.056
KENYA,PWRWND001,2027,0.056
KENYA,PWRWND002,2019,0.2242
KENYA,PWRWND002,2020,0.2242
KENYA,PWRWND002,2021,0.2242
KENYA,PWRWND002,2022,0.2242
KENYA,PWRWND002,2023,0.2242
KENYA,PWRWND002,2024,0.2242
KENYA,PWRWND002,2025,0.2242
KENYA,PWRWND002,2026,0.2242
KENYA,PWRWND002,2027,0.2242
KENYA,PWRWND002,2028,0.2242
KENYA,PWRWND002,2029,0.2242
KENYA,PWRWND002,2030,0.2242
KENYA,PWRWND002,2031,0.2242
KENYA,PWRWND002,2032,0.2242
KENYA,PWRWND002,2033,0.2242
KENYA,PWRWND002,2034,0.2242
KENYA,PWRWND003,2025,0.1209
KENYA,PWRWND003,2026,0.1209
KENYA,PWRWND003,2027,0.1209
KENYA,PWRWND003,2028,0.1209
KENYA,PWRWND003,2029,0.1209
KENYA,PWRWND003,2030,0.1209
KENYA,PWRWND003,2031,0.1209
KENYA,PWRWND003,2032,0.1209
KENYA,PWRWND003,2033,0.1209
KENYA,PWRWND003,2034,0.1209
KENYA,PWRWND003,2035,0.1209
KENYA,PWRWND003,2036,0.1209
KENYA,PWRWND003,2037,0.1209
KENYA,PWRWND003,2038,0.1209
KENYA,PWRWND003,2039,0.1209
KENYA,PWRWND003,2040,0.1209
KENYA,PWRWND003,2041,0.1209
KENYA,PWRWND003,2042,0.1209
KENYA,PWRWND003,2043,0.1209
KENYA,PWRWND003,2044,0.1209
KENYA,PWRWND005,2021,0.7238
KENYA,PWRWND005,2022,0.7238
KENYA,PWRWND005,2023,0.7238
KENYA,PWRWND005,2024,0.7238
KENYA,PWRWND005,2025,0.7238
KENYA,PWRWND005,2026,0.7238
KENYA,PWRWND005,2027,0.7238
KENYA,PWRWND005,2028,0.7238
KENYA,PWRWND005,2029,0.7238
KENYA,PWRWND005,2030,0.7238
KENYA,PWRWND005,2031,0.7238
KENYA,PWRWND005,2032,0.7238
KENYA,PWRWND005,2033,0.7238
KENYA,PWRWND005,2034,0.7238
KENYA,PWRWND005,2035,0.7238
KENYA,PWRWND005,2036,0.7238
KENYA,PWRWND005,2037,0.7238
KENYA,PWRWND005,2038,0.7238
KENYA,PWRWND005,2039,0.7238
KENYA,PWRWND005,2040,0.7238
KENYA,PWRWND006,2019,1.7342
KENYA,PWRWND006,2020,1.7342
KENYA,PWRWND006,2021,1.7342
KENYA,PWRWND006,2022,1.7342
KENYA,PWRWND006,2023,1.7342
KENYA,PWRWND006,2024,1.7342
KENYA,PWRWND006,2025,1.7342
KENYA,PWRWND006,2026,1.7342
KENYA,PWRWND006,2027,1.7342
KENYA,PWRWND006,2028,1.7342
KENYA,PWRWND006,2029,1.7342
KENYA,PWRWND006,2030,1.7342
KENYA,PWRWND006,2031,1.7342
KENYA,PWRWND006,2032,1.7342
KENYA,PWRWND006,2033,1.7342
KENYA,PWRWND006,2034,1.7342
KENYA,PWRWND006,2035,1.7342
KENYA,PWRWND006,2036,1.7342
KENYA,PWRWND006,2037,1.7342
KENYA,PWRWND010,2021,0.7238
KENYA,PWRWND010,2022,0.7238
KENYA,PWRWND010,2023,0.7238
KENYA,PWRWND010,2024,0.7238
KENYA,PWRWND010,2025,0.7238
KENYA,PWRWND010,2026,0.7238
KENYA,PWRWND010,2027,0.7238
KENYA,PWRWND010,2028,0.7238
KENYA,PWRWND010,2029,0.7238
KENYA,PWRWND010,2030,0.7238
KENYA,PWRWND010,2031,0.7238
KENYA,PWRWND010,2032,0.7238
KENYA,PWRWND010,2033,0.7238
KENYA,PWRWND010,2034,0.7238
KENYA,PWRWND010,2035,0.7238
KENYA,PWRWND010,2036,0.7238
KENYA,PWRWND010,2037,0.7238
KENYA,PWRWND010,2038,0.7238
KENYA,PWRWND010,2039,0.7238
KENYA,PWRWND010,2040,0.7238
KENYA,PWRWND011,2019,1.7342
KENYA,PWRWND011,2020,1.7342
KENYA,PWRWND011,2021,1.7342
KENYA,PWRWND011,2022,1.7342
KENYA,PWRWND011,2023,1.7342
KENYA,PWRWND011,2024,1.7342
KENYA,PWRWND011,2025,1.7342
KENYA,PWRWND011,2026,1.7342
KENYA,PWRWND011,2027,1.7342
KENYA,PWRWND011,2028,1.7342
KENYA,PWRWND011,2029,1.7342
KENYA,PWRWND011,2030,1.7342
KENYA,PWRWND011,2031,1.7342
KENYA,PWRWND011,2032,1.7342
KENYA,PWRWND011,2033,1.7342
KENYA,PWRWND011,2034,1.7342
KENYA,PWRWND011,2035,1.7342
KENYA,PWRWND011,2036,1.7342
KENYA,PWRWND011,2037,1.7342
KENYA,PWRWND012,2042,0.4556
KENYA,PWRWND012,2043,0.4583
KENYA,PWRWND012,2044,0.4583
KENYA,PWRWND012,2045,0.4583
KENYA,PWRWND012,2046,0.4583
KENYA,PWRWND012,2047,0.4583
KENYA,PWRWND012,2048,0.4583
KENYA,PWRWND012,2049,0.4583
KENYA,PWRWND012,2050,0.4583
KENYA,PWRWND013,2019,1.7342
KENYA,PWRWND013,2020,1.7342
KENYA,PWRWND013,2021,1.7342
KENYA,PWRWND013,2022,1.7342
KENYA,PWRWND013,2023,1.7342
KENYA,PWRWND013,2024,1.7342
KENYA,PWRWND013,2025,1.7342
KENYA,PWRWND013,2026,1.7342
KENYA,PWRWND013,2027,1.7342
KENYA,PWRWND013,2028,1.7342
KENYA,PWRWND013,2029,1.7342
KENYA,PWRWND013,2030,1.7342
KENYA,PWRWND013,2031,1.7342
KENYA,PWRWND013,2032,1.7342
KENYA,PWRWND013,2033,1.7342
KENYA,PWRWND013,2034,1.7342
KENYA,PWRWND013,2035,1.7342
KENYA,PWRWND013,2036,1.7342
KENYA,PWRWND013,2037,1.7342
KENYA,PWRWND013,2038,1.7342
KENYA,PWRWND015,2026,0.6306
KENYA,PWRWND015,2027,0.6306
KENYA,PWRWND015,2028,0.6306
KENYA,PWRWND015,2029,0.6306
KENYA,PWRWND015,2030,0.6306
KENYA,PWRWND015,2031,0.6306
KENYA,PWRWND015,2032,0.6306
KENYA,PWRWND015,2033,0.6306
KENYA,PWRWND015,2034,0.6306
KENYA,PWRWND015,2035,0.6306
KENYA,PWRWND015,2036,0.6306
KENYA,PWRWND015,2037,0.6306
KENYA,PWRWND015,2038,0.6306
KENYA,PWRWND015,2039,0.6306
KENYA,PWRWND015,2040,0.6306
KENYA,PWRWND015,2041,0.6306
KENYA,PWRWND015,2042,0.6306
KENYA,PWRWND015,2043,0.6306
KENYA,PWRWND015,2044,0.6306
KENYA,PWRWND015,2045,0.6306
KENYA,PWRWND018,2028,1.2618
KENYA,PWRWND018,2029,1.2618
KENYA,PWRWND018,2030,1.2618
KENYA,PWRWND018,2031,1.2618
KENYA,PWRWND018,2032,1.2618
KENYA,PWRWND018,2033,1.2618
KENYA,PWRWND018,2034,1.2618
KENYA,PWRWND018,2035,1.2618
KENYA,PWRWND018,2036,1.2618
KENYA,PWRWND018,2037,1.2618
KENYA,PWRWND018,2038,1.2618
KENYA,PWRWND018,2039,1.2618
KENYA,PWRWND018,2040,1.2618
KENYA,PWRWND018,2041,1.2618
KENYA,PWRWND018,2042,1.2618
KENYA,PWRWND018,2043,1.2618
KENYA,PWRWND018,2044,1.2618
KENYA,PWRWND018,2045,1.2618
KENYA,PWRWND018,2046,1.2618
KENYA,PWRWND018,2047,1.2618
KENYA,PWRWND018,2048,1.2618
KENYA,PWRWND018,2049,1.2618
KENYA,PWRWND018,2050,1.2618
KENYA,PWRWND026,2032,0.4358
KENYA,PWRWND026,2033,0.4358
KENYA,PWRWND026,2034,0.4358
KENYA,PWRWND026,2035,0.4358
KENYA,PWRWND026,2036,0.4358
KENYA,PWRWND026,2037,0.4358
KENYA,PWRWND026,2038,0.4358
KENYA,PWRWND026,2039,0.4358
KENYA,PWRWND026,2040,0.4358
KENYA,PWRWND026,2041,0.4358
KENYA,PWRWND026,2042,0.4358
KENYA,PWRWND026,2043,0.4358
KENYA,PWRWND026,2044,0.4358
KENYA,PWRWND026,2045,0.4358
KENYA,PWRWND026,2046,0.4358
KENYA,PWRWND026,2047,0.4358
KENYA,PWRWND026,2048,0.4358
KENYA,PWRWND026,2049,0.4358
KENYA,PWRWND026,2050,0.4358
KENYA,PWRWND101,2026,0.1265
KENYA,PWRWND101,2027,0.2818
KENYA,PWRWND101,2028,0.4723
KENYA,PWRWND101,2029,0.7061
KENYA,PWRWND101,2030,0.9929
KENYA,PWRWND101,2031,1.3449
KENYA,PWRWND101,2032,1.7767
KENYA,PWRWND101,2033,2.3065
KENYA,PWRWND101,2034,2.9567
KENYA,PWRWND101,2035,3.7544
KENYA,PWRWND101,2036,4.7331
KENYA,PWRWND101,2037,5.9341
KENYA,PWRWND101,2038,7.4077
KENYA,PWRWND101,2039,9.2158
KENYA,PWRWND101,2040,11.4343
KENYA,PWRWND101,2041,14.1564
KENYA,PWRWND101,2042,17.4965
KENYA,PWRWND101,2043,21.5947
KENYA,PWRWND101,2044,26.6233
KENYA,PWRWND101,2045,32.7933
KENYA,PWRWND101,2046,40.2374
KENYA,PWRWND101,2047,49.3425
KENYA,PWRWND101,2048,58.8598
KENYA,PWRWND101,2049,65.2617
KENYA,PWRWND101,2050,73.5689
