r,t,y,AnnualFixedOperatingCost
KENYA,BESS_TECH,2028,2.2064
KENYA,BESS_TECH,2029,3.3725
KENYA,BESS_TECH,2030,6.1623
KENYA,BESS_TECH,2031,6.0131
KENYA,BESS_TECH,2032,5.8851
KENYA,BESS_TECH,2033,5.7359
KENYA,BESS_TECH,2034,5.6079
KENYA,BESS_TECH,2035,5.48
KENYA,BESS_TECH,2036,5.3734
KENYA,BESS_TECH,2037,5.2455
KENYA,BESS_TECH,2038,3.3641
KENYA,BESS_TECH,2039,2.3243
KENYA,BESS_TECH,2041,2.6053
KENYA,BESS_TECH,2042,2.5838
KENYA,BESS_TECH,2043,8.6264
KENYA,BESS_TECH,2044,12.2242
KENYA,BESS_TECH,2045,17.9312
KENYA,BESS_TECH,2046,20.6995
KENYA,BESS_TECH,2047,30.3705
KENYA,BESS_TECH,2048,30.2609
KENYA,BESS_TECH,2049,32.4992
KENYA,BESS_TECH,2050,36.3203
KENYA,PWRBIO001,2019,0.15
KENYA,PWRBIO001,2020,0.15
KENYA,PWRBIO001,2021,0.15
KENYA,PWRBIO001,2022,0.15
KENYA,PWRBIO001,2023,0.255
KENYA,PWRBIO001,2024,0.255
KENYA,PWRBIO001,2025,0.255
KENYA,PWRBIO001,2026,1.005
KENYA,PWRBIO001,2027,1.005
KENYA,PWRBIO001,2028,1.605
KENYA,PWRBIO001,2029,1.605
KENYA,PWRBIO001,2030,5.22
KENYA,PWRBIO001,2031,6.72
KENYA,PWRBIO001,2032,7.53
KENYA,PWRBIO001,2033,7.755
KENYA,PWRBIO001,2034,8.205
KENYA,PWRBIO001,2035,8.2275
KENYA,PWRBIO001,2036,8.895
KENYA,PWRBIO001,2037,9.5625
KENYA,PWRBIO001,2038,10.23
KENYA,PWRBIO001,2039,10.8975
KENYA,PWRBIO001,2040,11.565
KENYA,PWRBIO001,2041,12.2325
KENYA,PWRBIO001,2042,12.9
KENYA,PWRBIO001,2043,13.5675
KENYA,PWRBIO001,2044,14.235
KENYA,PWRBIO001,2045,14.9025
KENYA,PWRBIO001,2046,15.57
KENYA,PWRBIO001,2047,16.2375
KENYA,PWRBIO001,2048,16.905
KENYA,PWRBIO001,2049,17.5725
KENYA,PWRBIO001,2050,18.24
KENYA,PWRGEO001,2019,2.2782
KENYA,PWRGEO001,2020,2.2782
KENYA,PWRGEO001,2021,2.2782
KENYA,PWRGEO001,2022,2.2782
KENYA,PWRGEO001,2023,2.2782
KENYA,PWRGEO002,2019,21.2632
KENYA,PWRGEO002,2020,21.2632
KENYA,PWRGEO002,2021,21.2632
KENYA,PWRGEO002,2022,21.2632
KENYA,PWRGEO002,2023,21.2632
KENYA,PWRGEO002,2024,21.2632
KENYA,PWRGEO002,2025,21.2632
KENYA,PWRGEO002,2026,21.2632
KENYA,PWRGEO002,2027,21.2632
KENYA,PWRGEO002,2028,21.2632
KENYA,PWRGEO002,2029,21.2632
KENYA,PWRGEO002,2030,21.2632
KENYA,PWRGEO002,2031,21.2632
KENYA,PWRGEO002,2032,21.2632
KENYA,PWRGEO002,2033,21.2632
KENYA,PWRGEO002,2034,21.2632
KENYA,PWRGEO002,2035,21.2632
KENYA,PWRGEO002,2036,21.2632
KENYA,PWRGEO002,2037,21.2632
KENYA,PWRGEO002,2038,21.2632
KENYA,PWRGEO002,2039,21.2632
KENYA,PWRGEO002,2040,32.025
KENYA,PWRGEO003,2019,15.4712
KENYA,PWRGEO003,2020,15.4712
KENYA,PWRGEO003,2021,15.4712
KENYA,PWRGEO003,2022,15.4712
KENYA,PWRGEO003,2023,15.4712
KENYA,PWRGEO003,2024,15.4712
KENYA,PWRGEO003,2025,15.4712
KENYA,PWRGEO003,2026,15.4712
KENYA,PWRGEO003,2027,15.4712
KENYA,PWRGEO003,2028,15.4712
KENYA,PWRGEO004,2019,6.6658
KENYA,PWRGEO004,2020,6.6658
KENYA,PWRGEO004,2021,6.6658
KENYA,PWRGEO004,2022,6.6658
KENYA,PWRGEO004,2023,6.6658
KENYA,PWRGEO004,2024,6.6658
KENYA,PWRGEO004,2025,6.6658
KENYA,PWRGEO004,2026,6.6658
KENYA,PWRGEO004,2027,6.6658
KENYA,PWRGEO004,2028,6.6658
KENYA,PWRGEO004,2029,6.6658
KENYA,PWRGEO004,2030,6.6658
KENYA,PWRGEO004,2031,6.6658
KENYA,PWRGEO004,2032,6.6658
KENYA,PWRGEO004,2033,6.6658
KENYA,PWRGEO004,2034,6.6658
KENYA,PWRGEO004,2035,6.6658
KENYA,PWRGEO004,2036,6.6658
KENYA,PWRGEO004,2037,6.6658
KENYA,PWRGEO004,2038,6.6658
KENYA,PWRGEO004,2039,6.6658
KENYA,PWRGEO004,2040,6.6658
KENYA,PWRGEO004,2041,6.6658
KENYA,PWRGEO004,2042,6.6658
KENYA,PWRGEO005,2019,4.1374
KENYA,PWRGEO005,2020,4.1374
KENYA,PWRGEO005,2021,4.1374
KENYA,PWRGEO005,2022,4.1374
KENYA,PWRGEO005,2023,4.1374
KENYA,PWRGEO005,2024,4.1374
KENYA,PWRGEO005,2025,4.1374
KENYA,PWRGEO005,2026,4.1374
KENYA,PWRGEO005,2027,4.1374
KENYA,PWRGEO005,2028,4.1374
KENYA,PWRGEO005,2029,4.1374
KENYA,PWRGEO005,2030,4.1374
KENYA,PWRGEO005,2031,4.1374
KENYA,PWRGEO005,2032,4.1374
KENYA,PWRGEO005,2033,4.1374
KENYA,PWRGEO005,2034,4.1374
KENYA,PWRGEO005,2035,4.1374
KENYA,PWRGEO005,2036,4.1374
KENYA,PWRGEO005,2037,4.1374
KENYA,PWRGEO006,2019,21.2632
KENYA,PWRGEO006,2020,21.2632
KENYA,PWRGEO006,2021,21.2632
KENYA,PWRGEO006,2022,21.2632
KENYA,PWRGEO006,2023,21.2632
KENYA,PWRGEO006,2024,21.2632
KENYA,PWRGEO006,2025,21.2632
KENYA,PWRGEO006,2026,21.2632
KENYA,PWRGEO006,2027,21.2632
KENYA,PWRGEO006,2028,21.2632
KENYA,PWRGEO006,2029,21.2632
KENYA,PWRGEO006,2030,21.2632
KENYA,PWRGEO006,2031,21.2632
KENYA,PWRGEO006,2032,21.2632
KENYA,PWRGEO006,2033,21.2632
KENYA,PWRGEO006,2034,21.2632
KENYA,PWRGEO006,2035,21.2632
KENYA,PWRGEO006,2036,21.2632
KENYA,PWRGEO006,2037,21.2632
KENYA,PWRGEO006,2038,21.2632
KENYA,PWRGEO006,2039,21.2632
KENYA,PWRGEO007,2019,6.7738
KENYA,PWRGEO007,2020,6.7738
KENYA,PWRGEO007,2021,6.7738
KENYA,PWRGEO007,2022,6.7738
KENYA,PWRGEO007,2023,6.7738
KENYA,PWRGEO007,2024,6.7738
KENYA,PWRGEO007,2025,6.7738
KENYA,PWRGEO007,2026,6.7738
KENYA,PWRGEO008,2019,3.0299
KENYA,PWRGEO008,2020,3.0299
KENYA,PWRGEO008,2021,3.0299
KENYA,PWRGEO008,2022,3.0299
KENYA,PWRGEO008,2023,3.0299
KENYA,PWRGEO008,2024,3.0299
KENYA,PWRGEO008,2025,3.0299
KENYA,PWRGEO008,2026,3.0299
KENYA,PWRGEO008,2027,3.0299
KENYA,PWRGEO008,2028,3.0299
KENYA,PWRGEO008,2029,3.0299
KENYA,PWRGEO008,2030,3.0299
KENYA,PWRGEO008,2031,3.0299
KENYA,PWRGEO008,2032,3.0299
KENYA,PWRGEO008,2033,3.0299
KENYA,PWRGEO008,2034,3.0299
KENYA,PWRGEO008,2035,3.0299
KENYA,PWRGEO008,2036,3.0299
KENYA,PWRGEO008,2037,3.0299
KENYA,PWRGEO008,2038,3.0299
KENYA,PWRGEO008,2039,3.0299
KENYA,PWRGEO008,2040,3.0299
KENYA,PWRGEO009,2019,4.1767
KENYA,PWRGEO009,2020,4.1767
KENYA,PWRGEO009,2021,4.1767
KENYA,PWRGEO009,2022,4.1767
KENYA,PWRGEO009,2023,4.1767
KENYA,PWRGEO009,2024,4.1767
KENYA,PWRGEO009,2025,4.1767
KENYA,PWRGEO009,2026,4.1767
KENYA,PWRGEO009,2027,4.1767
KENYA,PWRGEO009,2028,4.1767
KENYA,PWRGEO009,2029,4.1767
KENYA,PWRGEO009,2030,4.1767
KENYA,PWRGEO010,2023,3.8598
KENYA,PWRGEO010,2024,3.8598
KENYA,PWRGEO010,2025,3.8598
KENYA,PWRGEO010,2026,3.8598
KENYA,PWRGEO010,2027,3.8598
KENYA,PWRGEO010,2028,3.8598
KENYA,PWRGEO010,2029,3.8598
KENYA,PWRGEO010,2030,3.8598
KENYA,PWRGEO010,2031,3.8598
KENYA,PWRGEO010,2032,3.8598
KENYA,PWRGEO010,2033,3.8598
KENYA,PWRGEO010,2034,3.8598
KENYA,PWRGEO010,2035,3.8598
KENYA,PWRGEO010,2036,3.8598
KENYA,PWRGEO010,2037,3.8598
KENYA,PWRGEO010,2038,3.8598
KENYA,PWRGEO010,2039,3.8598
KENYA,PWRGEO010,2040,3.8598
KENYA,PWRGEO010,2041,3.8598
KENYA,PWRGEO010,2042,3.8598
KENYA,PWRGEO010,2043,3.8598
KENYA,PWRGEO010,2044,3.8598
KENYA,PWRGEO010,2045,3.8598
KENYA,PWRGEO010,2046,3.8598
KENYA,PWRGEO010,2047,3.8598
KENYA,PWRGEO011,2022,12.6516
KENYA,PWRGEO011,2023,12.6516
KENYA,PWRGEO011,2024,12.6516
KENYA,PWRGEO011,2025,12.6516
KENYA,PWRGEO011,2026,12.6516
KENYA,PWRGEO011,2027,12.6516
KENYA,PWRGEO011,2028,12.6516
KENYA,PWRGEO011,2029,12.6516
KENYA,PWRGEO011,2030,12.6516
KENYA,PWRGEO011,2031,12.6516
KENYA,PWRGEO011,2032,12.6516
KENYA,PWRGEO011,2033,12.6516
KENYA,PWRGEO011,2034,12.6516
KENYA,PWRGEO011,2035,12.6516
KENYA,PWRGEO011,2036,12.6516
KENYA,PWRGEO011,2037,12.6516
KENYA,PWRGEO011,2038,12.6516
KENYA,PWRGEO011,2039,12.6516
KENYA,PWRGEO011,2040,12.6516
KENYA,PWRGEO011,2041,12.6516
KENYA,PWRGEO011,2042,12.6516
KENYA,PWRGEO011,2043,12.6516
KENYA,PWRGEO011,2044,12.6516
KENYA,PWRGEO011,2045,12.6516
KENYA,PWRGEO011,2046,12.6516
KENYA,PWRGEO012,2019,23.997
KENYA,PWRGEO012,2020,23.997
KENYA,PWRGEO012,2021,23.997
KENYA,PWRGEO012,2022,23.997
KENYA,PWRGEO012,2023,23.997
KENYA,PWRGEO012,2024,23.997
KENYA,PWRGEO012,2025,23.997
KENYA,PWRGEO012,2026,23.997
KENYA,PWRGEO012,2027,23.997
KENYA,PWRGEO012,2028,23.997
KENYA,PWRGEO012,2029,23.997
KENYA,PWRGEO012,2030,23.997
KENYA,PWRGEO012,2031,23.997
KENYA,PWRGEO012,2032,23.997
KENYA,PWRGEO012,2033,23.997
KENYA,PWRGEO012,2034,23.997
KENYA,PWRGEO012,2035,23.997
KENYA,PWRGEO012,2036,23.997
KENYA,PWRGEO012,2037,23.997
KENYA,PWRGEO012,2038,23.997
KENYA,PWRGEO012,2039,23.997
KENYA,PWRGEO012,2040,23.997
KENYA,PWRGEO012,2041,23.997
KENYA,PWRGEO012,2042,23.997
KENYA,PWRGEO012,2043,23.997
KENYA,PWRGEO012,2044,23.997
KENYA,PWRGEO013,2029,21.2632
KENYA,PWRGEO013,2030,21.2632
KENYA,PWRGEO013,2031,21.2632
KENYA,PWRGEO013,2032,21.2632
KENYA,PWRGEO013,2033,21.2632
KENYA,PWRGEO013,2034,21.2632
KENYA,PWRGEO013,2035,21.2632
KENYA,PWRGEO013,2036,21.2632
KENYA,PWRGEO013,2037,21.2632
KENYA,PWRGEO013,2038,21.2632
KENYA,PWRGEO013,2039,21.2632
KENYA,PWRGEO013,2040,21.2632
KENYA,PWRGEO013,2041,21.2632
KENYA,PWRGEO013,2042,21.2632
KENYA,PWRGEO013,2043,21.2632
KENYA,PWRGEO013,2044,21.2632
KENYA,PWRGEO013,2045,21.2632
KENYA,PWRGEO013,2046,21.2632
KENYA,PWRGEO013,2047,21.2632
KENYA,PWRGEO013,2048,21.2632
KENYA,PWRGEO013,2049,21.2632
KENYA,PWRGEO013,2050,21.2632
KENYA,PWRGEO014,2029,21.2632
KENYA,PWRGEO014,2030,21.2632
KENYA,PWRGEO014,2031,21.2632
KENYA,PWRGEO014,2032,21.2632
KENYA,PWRGEO014,2033,21.2632
KENYA,PWRGEO014,2034,21.2632
KENYA,PWRGEO014,2035,21.2632
KENYA,PWRGEO014,2036,21.2632
KENYA,PWRGEO014,2037,21.2632
KENYA,PWRGEO014,2038,21.2632
KENYA,PWRGEO014,2039,21.2632
KENYA,PWRGEO014,2040,21.2632
KENYA,PWRGEO014,2041,21.2632
KENYA,PWRGEO014,2042,21.2632
KENYA,PWRGEO014,2043,21.2632
KENYA,PWRGEO014,2044,21.2632
KENYA,PWRGEO014,2045,21.2632
KENYA,PWRGEO014,2046,21.2632
KENYA,PWRGEO014,2047,21.2632
KENYA,PWRGEO014,2048,21.2632
KENYA,PWRGEO014,2049,21.2632
KENYA,PWRGEO014,2050,21.2632
KENYA,PWRGEO015,2034,21.2632
KENYA,PWRGEO015,2035,21.2632
KENYA,PWRGEO015,2036,21.2632
KENYA,PWRGEO015,2037,21.2632
KENYA,PWRGEO015,2038,21.2632
KENYA,PWRGEO015,2039,21.2632
KENYA,PWRGEO015,2040,21.2632
KENYA,PWRGEO015,2041,21.2632
KENYA,PWRGEO015,2042,21.2632
KENYA,PWRGEO015,2043,21.2632
KENYA,PWRGEO015,2044,21.2632
KENYA,PWRGEO015,2045,21.2632
KENYA,PWRGEO015,2046,21.2632
KENYA,PWRGEO015,2047,21.2632
KENYA,PWRGEO015,2048,21.2632
KENYA,PWRGEO015,2049,21.2632
KENYA,PWRGEO015,2050,21.2632
KENYA,PWRGEO016,2036,21.2632
KENYA,PWRGEO016,2037,21.2632
KENYA,PWRGEO016,2038,21.2632
KENYA,PWRGEO016,2039,21.2632
KENYA,PWRGEO016,2040,21.2632
KENYA,PWRGEO016,2041,21.2632
KENYA,PWRGEO016,2042,21.2632
KENYA,PWRGEO016,2043,21.2632
KENYA,PWRGEO016,2044,21.2632
KENYA,PWRGEO016,2045,21.2632
KENYA,PWRGEO016,2046,21.2632
KENYA,PWRGEO016,2047,21.2632
KENYA,PWRGEO016,2048,21.2632
KENYA,PWRGEO016,2049,21.2632
KENYA,PWRGEO016,2050,21.2632
KENYA,PWRGEO017,2028,4.092
KENYA,PWRGEO017,2029,4.092
KENYA,PWRGEO017,2030,4.092
KENYA,PWRGEO017,2031,4.092
KENYA,PWRGEO017,2032,4.092
KENYA,PWRGEO017,2033,4.092
KENYA,PWRGEO017,2034,4.092
KENYA,PWRGEO017,2035,4.092
KENYA,PWRGEO017,2036,4.092
KENYA,PWRGEO017,2037,4.092
KENYA,PWRGEO017,2038,4.092
KENYA,PWRGEO017,2039,4.092
KENYA,PWRGEO017,2040,4.092
KENYA,PWRGEO017,2041,4.092
KENYA,PWRGEO017,2042,4.092
KENYA,PWRGEO017,2043,4.092
KENYA,PWRGEO017,2044,4.092
KENYA,PWRGEO017,2045,4.092
KENYA,PWRGEO017,2046,4.092
KENYA,PWRGEO017,2047,4.092
KENYA,PWRGEO017,2048,4.092
KENYA,PWRGEO017,2049,4.092
KENYA,PWRGEO017,2050,4.092
KENYA,PWRGEO018,2039,9.1008
KENYA,PWRGEO018,2040,9.1008
KENYA,PWRGEO018,2041,9.1008
KENYA,PWRGEO018,2042,9.1008
KENYA,PWRGEO018,2043,9.1008
KENYA,PWRGEO018,2044,9.1008
KENYA,PWRGEO018,2045,9.1008
KENYA,PWRGEO018,2046,9.1008
KENYA,PWRGEO018,2047,9.1008
KENYA,PWRGEO018,2048,9.1008
KENYA,PWRGEO018,2049,9.1008
KENYA,PWRGEO018,2050,9.1008
KENYA,PWRGEO019,2037,15.178
KENYA,PWRGEO019,2038,15.178
KENYA,PWRGEO019,2039,15.178
KENYA,PWRGEO019,2040,15.178
KENYA,PWRGEO019,2041,15.178
KENYA,PWRGEO019,2042,15.178
KENYA,PWRGEO019,2043,15.178
KENYA,PWRGEO019,2044,15.178
KENYA,PWRGEO019,2045,15.178
KENYA,PWRGEO019,2046,15.178
KENYA,PWRGEO019,2047,15.178
KENYA,PWRGEO019,2048,15.178
KENYA,PWRGEO019,2049,15.178
KENYA,PWRGEO019,2050,15.178
KENYA,PWRGEO020,2040,14.978
KENYA,PWRGEO020,2041,14.978
KENYA,PWRGEO020,2042,14.978
KENYA,PWRGEO020,2043,14.978
KENYA,PWRGEO020,2044,14.978
KENYA,PWRGEO020,2045,14.978
KENYA,PWRGEO020,2046,14.978
KENYA,PWRGEO020,2047,14.978
KENYA,PWRGEO020,2048,14.978
KENYA,PWRGEO020,2049,14.978
KENYA,PWRGEO020,2050,14.978
KENYA,PWRGEO021,2040,15.178
KENYA,PWRGEO021,2041,15.178
KENYA,PWRGEO021,2042,15.178
KENYA,PWRGEO021,2043,15.178
KENYA,PWRGEO021,2044,15.178
KENYA,PWRGEO021,2045,15.178
KENYA,PWRGEO021,2046,15.178
KENYA,PWRGEO021,2047,15.178
KENYA,PWRGEO021,2048,15.178
KENYA,PWRGEO021,2049,15.178
KENYA,PWRGEO021,2050,15.178
KENYA,PWRGEO024,2031,15.748
KENYA,PWRGEO024,2032,15.748
KENYA,PWRGEO024,2033,15.748
KENYA,PWRGEO024,2034,15.748
KENYA,PWRGEO024,2035,15.748
KENYA,PWRGEO024,2036,15.748
KENYA,PWRGEO024,2037,15.748
KENYA,PWRGEO024,2038,15.748
KENYA,PWRGEO024,2039,15.748
KENYA,PWRGEO024,2040,15.748
KENYA,PWRGEO024,2041,15.748
KENYA,PWRGEO024,2042,15.748
KENYA,PWRGEO024,2043,15.748
KENYA,PWRGEO024,2044,15.748
KENYA,PWRGEO024,2045,15.748
KENYA,PWRGEO024,2046,15.748
KENYA,PWRGEO024,2047,15.748
KENYA,PWRGEO024,2048,15.748
KENYA,PWRGEO024,2049,15.748
KENYA,PWRGEO024,2050,15.748
KENYA,PWRGEO025,2040,15.178
KENYA,PWRGEO025,2041,15.178
KENYA,PWRGEO025,2042,15.178
KENYA,PWRGEO025,2043,15.178
KENYA,PWRGEO025,2044,15.178
KENYA,PWRGEO025,2045,15.178
KENYA,PWRGEO025,2046,15.178
KENYA,PWRGEO025,2047,15.178
KENYA,PWRGEO025,2048,15.178
KENYA,PWRGEO025,2049,15.178
KENYA,PWRGEO025,2050,15.178
KENYA,PWRGEO026,2040,15.178
KENYA,PWRGEO026,2041,15.178
KENYA,PWRGEO026,2042,15.178
KENYA,PWRGEO026,2043,15.178
KENYA,PWRGEO026,2044,15.178
KENYA,PWRGEO026,2045,15.178
KENYA,PWRGEO026,2046,15.178
KENYA,PWRGEO026,2047,15.178
KENYA,PWRGEO026,2048,15.178
KENYA,PWRGEO026,2049,15.178
KENYA,PWRGEO026,2050,15.178
KENYA,PWRGEO027,2025,5.3123
KENYA,PWRGEO027,2026,5.3123
KENYA,PWRGEO027,2027,5.3123
KENYA,PWRGEO027,2028,5.3123
KENYA,PWRGEO027,2029,5.3123
KENYA,PWRGEO027,2030,5.3123
KENYA,PWRGEO027,2031,5.3123
KENYA,PWRGEO027,2032,5.3123
KENYA,PWRGEO027,2033,5.3123
KENYA,PWRGEO027,2034,5.3123
KENYA,PWRGEO027,2035,5.3123
KENYA,PWRGEO027,2036,5.3123
KENYA,PWRGEO027,2037,5.3123
KENYA,PWRGEO027,2038,5.3123
KENYA,PWRGEO027,2039,5.3123
KENYA,PWRGEO027,2040,5.3123
KENYA,PWRGEO027,2041,5.3123
KENYA,PWRGEO027,2042,5.3123
KENYA,PWRGEO027,2043,5.3123
KENYA,PWRGEO027,2044,5.3123
KENYA,PWRGEO027,2045,5.3123
KENYA,PWRGEO027,2046,5.3123
KENYA,PWRGEO027,2047,5.3123
KENYA,PWRGEO027,2048,5.3123
KENYA,PWRGEO027,2049,5.3123
KENYA,PWRGEO028,2028,5.3123
KENYA,PWRGEO028,2029,5.3123
KENYA,PWRGEO028,2030,5.3123
KENYA,PWRGEO028,2031,5.3123
KENYA,PWRGEO028,2032,5.3123
KENYA,PWRGEO028,2033,5.3123
KENYA,PWRGEO028,2034,5.3123
KENYA,PWRGEO028,2035,5.3123
KENYA,PWRGEO028,2036,5.3123
KENYA,PWRGEO028,2037,5.3123
KENYA,PWRGEO028,2038,5.3123
KENYA,PWRGEO028,2039,5.3123
KENYA,PWRGEO028,2040,5.3123
KENYA,PWRGEO028,2041,5.3123
KENYA,PWRGEO028,2042,5.3123
KENYA,PWRGEO028,2043,5.3123
KENYA,PWRGEO028,2044,5.3123
KENYA,PWRGEO028,2045,5.3123
KENYA,PWRGEO028,2046,5.3123
KENYA,PWRGEO028,2047,5.3123
KENYA,PWRGEO028,2048,5.3123
KENYA,PWRGEO028,2049,5.3123
KENYA,PWRGEO028,2050,5.3123
KENYA,PWRGEO029,2038,15.178
KENYA,PWRGEO029,2039,15.178
KENYA,PWRGEO029,2040,15.178
KENYA,PWRGEO029,2041,15.178
KENYA,PWRGEO029,2042,15.178
KENYA,PWRGEO029,2043,15.178
KENYA,PWRGEO029,2044,15.178
KENYA,PWRGEO029,2045,15.178
KENYA,PWRGEO029,2046,15.178
KENYA,PWRGEO029,2047,15.178
KENYA,PWRGEO029,2048,15.178
KENYA,PWRGEO029,2049,15.178
KENYA,PWRGEO029,2050,15.178
KENYA,PWRGEO030,2039,15.178
KENYA,PWRGEO030,2040,15.178
KENYA,PWRGEO030,2041,15.178
KENYA,PWRGEO030,2042,15.178
KENYA,PWRGEO030,2043,15.178
KENYA,PWRGEO030,2044,15.178
KENYA,PWRGEO030,2045,15.178
KENYA,PWRGEO030,2046,15.178
KENYA,PWRGEO030,2047,15.178
KENYA,PWRGEO030,2048,15.178
KENYA,PWRGEO030,2049,15.178
KENYA,PWRGEO030,2050,15.178
KENYA,PWRGEO031,2040,14.978
KENYA,PWRGEO031,2041,14.978
KENYA,PWRGEO031,2042,14.978
KENYA,PWRGEO031,2043,14.978
KENYA,PWRGEO031,2044,14.978
KENYA,PWRGEO031,2045,14.978
KENYA,PWRGEO031,2046,14.978
KENYA,PWRGEO031,2047,14.978
KENYA,PWRGEO031,2048,14.978
KENYA,PWRGEO031,2049,14.978
KENYA,PWRGEO031,2050,14.978
KENYA,PWRGEO033,2025,3.0376
KENYA,PWRGEO033,2026,3.0376
KENYA,PWRGEO033,2027,3.0376
KENYA,PWRGEO033,2028,3.0376
KENYA,PWRGEO033,2029,3.0376
KENYA,PWRGEO033,2030,3.0376
KENYA,PWRGEO033,2031,3.0376
KENYA,PWRGEO033,2032,3.0376
KENYA,PWRGEO033,2033,3.0376
KENYA,PWRGEO033,2034,3.0376
KENYA,PWRGEO033,2035,3.0376
KENYA,PWRGEO033,2036,3.0376
KENYA,PWRGEO033,2037,3.0376
KENYA,PWRGEO033,2038,3.0376
KENYA,PWRGEO033,2039,3.0376
KENYA,PWRGEO033,2040,3.0376
KENYA,PWRGEO033,2041,3.0376
KENYA,PWRGEO033,2042,3.0376
KENYA,PWRGEO033,2043,3.0376
KENYA,PWRGEO033,2044,3.0376
KENYA,PWRGEO033,2045,3.0376
KENYA,PWRGEO033,2046,3.0376
KENYA,PWRGEO033,2047,3.0376
KENYA,PWRGEO033,2048,3.0376
KENYA,PWRGEO033,2049,3.0376
KENYA,PWRGEO034,2040,5.3368
KENYA,PWRGEO034,2041,5.3368
KENYA,PWRGEO034,2042,5.3368
KENYA,PWRGEO034,2043,5.3368
KENYA,PWRGEO034,2044,5.3368
KENYA,PWRGEO034,2045,5.3368
KENYA,PWRGEO034,2046,5.3368
KENYA,PWRGEO034,2047,5.3368
KENYA,PWRGEO034,2048,5.3368
KENYA,PWRGEO034,2049,5.3368
KENYA,PWRGEO034,2050,5.3368
KENYA,PWRGEO035,2031,5.3368
KENYA,PWRGEO035,2032,5.3368
KENYA,PWRGEO035,2033,5.3368
KENYA,PWRGEO035,2034,5.3368
KENYA,PWRGEO035,2035,5.3368
KENYA,PWRGEO035,2036,5.3368
KENYA,PWRGEO035,2037,5.3368
KENYA,PWRGEO035,2038,5.3368
KENYA,PWRGEO035,2039,5.3368
KENYA,PWRGEO035,2040,5.3368
KENYA,PWRGEO035,2041,5.3368
KENYA,PWRGEO035,2042,5.3368
KENYA,PWRGEO035,2043,5.3368
KENYA,PWRGEO035,2044,5.3368
KENYA,PWRGEO035,2045,5.3368
KENYA,PWRGEO035,2046,5.3368
KENYA,PWRGEO035,2047,5.3368
KENYA,PWRGEO035,2048,5.3368
KENYA,PWRGEO035,2049,5.3368
KENYA,PWRGEO035,2050,5.3368
KENYA,PWRGEO038,2026,3.0376
KENYA,PWRGEO038,2027,3.0376
KENYA,PWRGEO038,2028,3.0376
KENYA,PWRGEO038,2029,3.0376
KENYA,PWRGEO038,2030,3.0376
KENYA,PWRGEO038,2031,3.0376
KENYA,PWRGEO038,2032,3.0376
KENYA,PWRGEO038,2033,3.0376
KENYA,PWRGEO038,2034,3.0376
KENYA,PWRGEO038,2035,3.0376
KENYA,PWRGEO038,2036,3.0376
KENYA,PWRGEO038,2037,3.0376
KENYA,PWRGEO038,2038,3.0376
KENYA,PWRGEO038,2039,3.0376
KENYA,PWRGEO038,2040,3.0376
KENYA,PWRGEO038,2041,3.0376
KENYA,PWRGEO038,2042,3.0376
KENYA,PWRGEO038,2043,3.0376
KENYA,PWRGEO038,2044,3.0376
KENYA,PWRGEO038,2045,3.0376
KENYA,PWRGEO038,2046,3.0376
KENYA,PWRGEO038,2047,3.0376
KENYA,PWRGEO038,2048,3.0376
KENYA,PWRGEO038,2049,3.0376
KENYA,PWRGEO038,2050,3.0376
KENYA,PWRGEO040,2019,1.8388
KENYA,PWRGEO040,2020,1.8388
KENYA,PWRGEO040,2021,1.8388
KENYA,PWRGEO040,2022,1.8388
KENYA,PWRGEO040,2023,1.8388
KENYA,PWRGEO040,2024,1.8388
KENYA,PWRGEO040,2025,1.8388
KENYA,PWRGEO040,2026,1.8388
KENYA,PWRGEO040,2027,1.8388
KENYA,PWRGEO040,2028,1.8388
KENYA,PWRGEO040,2029,1.8388
KENYA,PWRGEO040,2030,1.8388
KENYA,PWRGEO040,2031,1.8388
KENYA,PWRGEO040,2032,1.8388
KENYA,PWRGEO040,2033,1.8388
KENYA,PWRGEO040,2034,1.8388
KENYA,PWRGEO040,2035,1.8388
KENYA,PWRGEO040,2036,1.8388
KENYA,PWRGEO040,2037,1.8388
KENYA,PWRGEO040,2038,1.8388
KENYA,PWRGEO042,2039,7.5
KENYA,PWRGEO042,2040,7.5
KENYA,PWRGEO042,2041,7.5
KENYA,PWRGEO042,2042,7.5
KENYA,PWRGEO042,2043,7.5
KENYA,PWRGEO042,2044,7.5
KENYA,PWRGEO042,2045,7.5
KENYA,PWRGEO042,2046,7.5
KENYA,PWRGEO042,2047,7.5
KENYA,PWRGEO042,2048,7.5
KENYA,PWRGEO042,2049,7.5
KENYA,PWRGEO042,2050,7.5
KENYA,PWRGEO047,2019,2.2782
KENYA,PWRGEO047,2020,2.2782
KENYA,PWRGEO047,2021,2.2782
KENYA,PWRGEO047,2022,2.2782
KENYA,PWRGEO047,2023,2.2782
KENYA,PWRGEO049,2025,3.1895
KENYA,PWRGEO049,2026,3.1895
KENYA,PWRGEO049,2027,3.1895
KENYA,PWRGEO049,2028,3.1895
KENYA,PWRGEO049,2029,3.1895
KENYA,PWRGEO049,2030,3.1895
KENYA,PWRGEO049,2031,3.1895
KENYA,PWRGEO049,2032,3.1895
KENYA,PWRGEO049,2033,3.1895
KENYA,PWRGEO049,2034,3.1895
KENYA,PWRGEO049,2035,3.1895
KENYA,PWRGEO049,2036,3.1895
KENYA,PWRGEO049,2037,3.1895
KENYA,PWRGEO049,2038,3.1895
KENYA,PWRGEO049,2039,3.1895
KENYA,PWRGEO049,2040,3.1895
KENYA,PWRGEO049,2041,3.1895
KENYA,PWRGEO049,2042,3.1895
KENYA,PWRGEO049,2043,3.1895
KENYA,PWRGEO049,2044,3.1895
KENYA,PWRGEO049,2045,3.1895
KENYA,PWRGEO049,2046,3.1895
KENYA,PWRGEO049,2047,3.1895
KENYA,PWRGEO049,2048,3.1895
KENYA,PWRGEO049,2049,3.1895
KENYA,PWRGEO049,2050,3.1895
KENYA,PWRGEO050,2025,3.1895
KENYA,PWRGEO050,2026,3.1895
KENYA,PWRGEO050,2027,3.1895
KENYA,PWRGEO050,2028,3.1895
KENYA,PWRGEO050,2029,3.1895
KENYA,PWRGEO050,2030,3.1895
KENYA,PWRGEO050,2031,3.1895
KENYA,PWRGEO050,2032,3.1895
KENYA,PWRGEO050,2033,3.1895
KENYA,PWRGEO050,2034,3.1895
KENYA,PWRGEO050,2035,3.1895
KENYA,PWRGEO050,2036,3.1895
KENYA,PWRGEO050,2037,3.1895
KENYA,PWRGEO050,2038,3.1895
KENYA,PWRGEO050,2039,3.1895
KENYA,PWRGEO050,2040,3.1895
KENYA,PWRGEO050,2041,3.1895
KENYA,PWRGEO050,2042,3.1895
KENYA,PWRGEO050,2043,3.1895
KENYA,PWRGEO050,2044,3.1895
KENYA,PWRGEO050,2045,3.1895
KENYA,PWRGEO050,2046,3.1895
KENYA,PWRGEO050,2047,3.1895
KENYA,PWRGEO050,2048,3.1895
KENYA,PWRGEO050,2049,3.1895
KENYA,PWRGEO050,2050,3.1895
KENYA,PWRGEO051,2025,3.1895
KENYA,PWRGEO051,2026,3.1895
KENYA,PWRGEO051,2027,3.1895
KENYA,PWRGEO051,2028,3.1895
KENYA,PWRGEO051,2029,3.1895
KENYA,PWRGEO051,2030,3.1895
KENYA,PWRGEO051,2031,3.1895
KENYA,PWRGEO051,2032,3.1895
KENYA,PWRGEO051,2033,3.1895
KENYA,PWRGEO051,2034,3.1895
KENYA,PWRGEO051,2035,3.1895
KENYA,PWRGEO051,2036,3.1895
KENYA,PWRGEO051,2037,3.1895
KENYA,PWRGEO051,2038,3.1895
KENYA,PWRGEO051,2039,3.1895
KENYA,PWRGEO051,2040,3.1895
KENYA,PWRGEO051,2041,3.1895
KENYA,PWRGEO051,2042,3.1895
KENYA,PWRGEO051,2043,3.1895
KENYA,PWRGEO051,2044,3.1895
KENYA,PWRGEO051,2045,3.1895
KENYA,PWRGEO051,2046,3.1895
KENYA,PWRGEO051,2047,3.1895
KENYA,PWRGEO051,2048,3.1895
KENYA,PWRGEO051,2049,3.1895
KENYA,PWRGEO051,2050,3.1895
KENYA,PWRGEO101,2026,1.5106
KENYA,PWRGEO101,2027,3.1526
KENYA,PWRGEO101,2028,4.9375
KENYA,PWRGEO101,2029,6.8777
KENYA,PWRGEO101,2030,8.9866
KENYA,PWRGEO101,2031,11.2791
KENYA,PWRGEO101,2032,13.7709
KENYA,PWRGEO101,2033,16.4796
KENYA,PWRGEO101,2034,19.4239
KENYA,PWRGEO101,2035,22.6244
KENYA,PWRGEO101,2036,26.1033
KENYA,PWRGEO101,2037,29.8849
KENYA,PWRGEO101,2038,33.9955
KENYA,PWRGEO101,2039,38.4637
KENYA,PWRGEO101,2040,43.3207
KENYA,PWRGEO101,2041,48.6002
KENYA,PWRGEO101,2042,54.339
KENYA,PWRGEO101,2043,60.5771
KENYA,PWRGEO101,2044,67.3579
KENYA,PWRGEO101,2045,74.7286
KENYA,PWRGEO101,2046,82.7406
KENYA,PWRGEO101,2047,91.4496
KENYA,PWRGEO101,2048,100.9164
KENYA,PWRGEO101,2049,111.2067
KENYA,PWRGEO101,2050,122.3923
KENYA,PWRGEO102,2026,6.8539
KENYA,PWRGEO102,2027,10.6573
KENYA,PWRGEO102,2028,11.9111
KENYA,PWRGEO102,2029,13.1649
KENYA,PWRGEO102,2030,14.4187
KENYA,PWRGEO102,2031,17.2398
KENYA,PWRGEO102,2032,19.3085
KENYA,PWRGEO102,2033,21.3773
KENYA,PWRGEO102,2034,23.4461
KENYA,PWRGEO102,2035,26.2044
KENYA,PWRGEO102,2036,28.9628
KENYA,PWRGEO102,2037,32.4107
KENYA,PWRGEO102,2038,35.1691
KENYA,PWRGEO102,2039,39.3066
KENYA,PWRGEO102,2040,43.4442
KENYA,PWRGEO102,2041,47.5817
KENYA,PWRGEO102,2042,53.0984
KENYA,PWRGEO102,2043,58.6152
KENYA,PWRGEO102,2044,64.8215
KENYA,PWRGEO102,2045,71.7174
KENYA,PWRGEO102,2046,79.3029
KENYA,PWRGEO102,2047,87.5779
KENYA,PWRGEO102,2048,96.5426
KENYA,PWRGEO102,2049,106.8864
KENYA,PWRGEO102,2050,117.9199
KENYA,PWRHFO002,2019,1.6538
KENYA,PWRHFO002,2020,1.6538
KENYA,PWRHFO002,2021,1.6538
KENYA,PWRHFO002,2022,1.6538
KENYA,PWRHFO002,2023,1.6538
KENYA,PWRHFO002,2024,1.6538
KENYA,PWRHFO002,2025,1.6538
KENYA,PWRHFO002,2026,1.6538
KENYA,PWRHFO002,2027,1.6538
KENYA,PWRHFO002,2028,1.6538
KENYA,PWRHFO002,2029,1.6538
KENYA,PWRHFO002,2030,1.6538
KENYA,PWRHFO002,2031,1.6538
KENYA,PWRHFO002,2032,1.6538
KENYA,PWRHFO002,2033,1.6538
KENYA,PWRHFO002,2034,1.6538
KENYA,PWRHFO003,2019,1.89
KENYA,PWRHFO003,2020,1.89
KENYA,PWRHFO003,2021,1.89
KENYA,PWRHFO003,2022,1.89
KENYA,PWRHFO003,2023,1.89
KENYA,PWRHFO003,2024,1.89
KENYA,PWRHFO004,2019,3.6225
KENYA,PWRHFO004,2020,3.6225
KENYA,PWRHFO004,2021,3.6225
KENYA,PWRHFO004,2022,3.6225
KENYA,PWRHFO004,2023,3.6225
KENYA,PWRHFO004,2024,3.6225
KENYA,PWRHFO004,2025,3.6225
KENYA,PWRHFO004,2026,3.6225
KENYA,PWRHFO004,2027,3.6225
KENYA,PWRHFO004,2028,3.6225
KENYA,PWRHFO004,2029,3.6225
KENYA,PWRHFO004,2030,3.6225
KENYA,PWRHFO005,2019,2.331
KENYA,PWRHFO005,2020,2.331
KENYA,PWRHFO005,2021,2.331
KENYA,PWRHFO005,2022,2.331
KENYA,PWRHFO005,2023,2.331
KENYA,PWRHFO005,2024,2.331
KENYA,PWRHFO005,2025,2.331
KENYA,PWRHFO006,2019,2.7909
KENYA,PWRHFO006,2020,2.7909
KENYA,PWRHFO006,2021,2.7909
KENYA,PWRHFO006,2022,2.7909
KENYA,PWRHFO006,2023,2.7909
KENYA,PWRHFO006,2024,2.7909
KENYA,PWRHFO006,2025,2.7909
KENYA,PWRHFO006,2026,2.7909
KENYA,PWRHFO006,2027,2.7909
KENYA,PWRHFO006,2028,2.7909
KENYA,PWRHFO006,2029,2.7909
KENYA,PWRHFO007,2019,2.7405
KENYA,PWRHFO007,2020,2.7405
KENYA,PWRHFO007,2021,2.7405
KENYA,PWRHFO007,2022,2.7405
KENYA,PWRHFO007,2023,2.7405
KENYA,PWRHFO007,2024,2.7405
KENYA,PWRHFO007,2025,2.7405
KENYA,PWRHFO007,2026,2.7405
KENYA,PWRHFO007,2027,2.7405
KENYA,PWRHFO007,2028,2.7405
KENYA,PWRHFO007,2029,2.7405
KENYA,PWRHFO007,2030,2.7405
KENYA,PWRHFO007,2031,2.7405
KENYA,PWRHFO007,2032,2.7405
KENYA,PWRHFO007,2033,2.7405
KENYA,PWRHFO008,2019,2.5295
KENYA,PWRHFO008,2020,2.5295
KENYA,PWRHFO008,2021,2.5295
KENYA,PWRHFO008,2022,2.5295
KENYA,PWRHFO008,2023,2.5295
KENYA,PWRHFO008,2024,2.5295
KENYA,PWRHFO008,2025,2.5295
KENYA,PWRHFO008,2026,2.5295
KENYA,PWRHFO008,2027,2.5295
KENYA,PWRHFO008,2028,2.5295
KENYA,PWRHFO008,2029,2.5295
KENYA,PWRHFO008,2030,2.5295
KENYA,PWRHFO008,2031,2.5295
KENYA,PWRHFO008,2032,2.5295
KENYA,PWRHFO008,2033,2.5295
KENYA,PWRHFO009,2019,2.6145
KENYA,PWRHFO009,2020,2.6145
KENYA,PWRHFO009,2021,2.6145
KENYA,PWRHFO009,2022,2.6145
KENYA,PWRHFO009,2023,2.6145
KENYA,PWRHFO009,2024,2.6145
KENYA,PWRHFO009,2025,2.6145
KENYA,PWRHFO009,2026,2.6145
KENYA,PWRHFO009,2027,2.6145
KENYA,PWRHFO009,2028,2.6145
KENYA,PWRHFO009,2029,2.6145
KENYA,PWRHFO009,2030,2.6145
KENYA,PWRHFO009,2031,2.6145
KENYA,PWRHFO009,2032,2.6145
KENYA,PWRHFO009,2033,2.6145
KENYA,PWRHFO009,2034,2.6145
KENYA,PWRHFO009,2035,2.6145
KENYA,PWRHYD001,2019,0.548
KENYA,PWRHYD001,2020,0.548
KENYA,PWRHYD001,2021,0.548
KENYA,PWRHYD001,2022,0.548
KENYA,PWRHYD001,2023,0.548
KENYA,PWRHYD001,2024,0.548
KENYA,PWRHYD001,2025,0.548
KENYA,PWRHYD001,2026,0.548
KENYA,PWRHYD001,2027,0.548
KENYA,PWRHYD001,2028,0.548
KENYA,PWRHYD001,2029,0.548
KENYA,PWRHYD001,2030,0.548
KENYA,PWRHYD001,2031,0.548
KENYA,PWRHYD001,2032,0.548
KENYA,PWRHYD001,2033,0.548
KENYA,PWRHYD001,2034,0.548
KENYA,PWRHYD001,2035,0.548
KENYA,PWRHYD001,2036,0.548
KENYA,PWRHYD001,2037,0.548
KENYA,PWRHYD001,2038,0.548
KENYA,PWRHYD001,2039,0.548
KENYA,PWRHYD001,2040,0.548
KENYA,PWRHYD001,2041,0.548
KENYA,PWRHYD001,2042,2.501
KENYA,PWRHYD001,2043,2.501
KENYA,PWRHYD001,2044,2.501
KENYA,PWRHYD001,2045,2.501
KENYA,PWRHYD001,2046,2.501
KENYA,PWRHYD001,2047,2.501
KENYA,PWRHYD001,2048,2.501
KENYA,PWRHYD001,2049,2.501
KENYA,PWRHYD001,2050,2.501
KENYA,PWRHYD002,2019,1.096
KENYA,PWRHYD002,2020,1.096
KENYA,PWRHYD002,2021,1.096
KENYA,PWRHYD002,2022,1.096
KENYA,PWRHYD002,2023,1.096
KENYA,PWRHYD002,2024,1.096
KENYA,PWRHYD002,2025,1.096
KENYA,PWRHYD002,2026,1.096
KENYA,PWRHYD002,2027,1.096
KENYA,PWRHYD002,2028,1.096
KENYA,PWRHYD002,2029,1.096
KENYA,PWRHYD002,2030,1.096
KENYA,PWRHYD002,2031,1.096
KENYA,PWRHYD002,2032,1.096
KENYA,PWRHYD002,2033,1.096
KENYA,PWRHYD002,2034,1.096
KENYA,PWRHYD002,2035,1.096
KENYA,PWRHYD002,2036,1.096
KENYA,PWRHYD002,2037,1.096
KENYA,PWRHYD002,2038,1.096
KENYA,PWRHYD002,2039,1.096
KENYA,PWRHYD002,2040,1.096
KENYA,PWRHYD002,2041,1.096
KENYA,PWRHYD002,2042,3.51
KENYA,PWRHYD002,2043,3.51
KENYA,PWRHYD002,2044,3.51
KENYA,PWRHYD002,2045,3.51
KENYA,PWRHYD002,2046,3.51
KENYA,PWRHYD002,2047,3.51
KENYA,PWRHYD002,2048,3.51
KENYA,PWRHYD002,2049,3.51
KENYA,PWRHYD002,2050,3.51
KENYA,PWRHYD003,2019,2.466
KENYA,PWRHYD003,2020,2.466
KENYA,PWRHYD003,2021,2.466
KENYA,PWRHYD003,2022,2.466
KENYA,PWRHYD003,2023,2.466
KENYA,PWRHYD003,2024,2.466
KENYA,PWRHYD003,2025,2.466
KENYA,PWRHYD003,2026,2.466
KENYA,PWRHYD003,2027,2.466
KENYA,PWRHYD003,2028,2.466
KENYA,PWRHYD003,2029,2.466
KENYA,PWRHYD003,2030,2.466
KENYA,PWRHYD003,2031,2.466
KENYA,PWRHYD003,2032,2.466
KENYA,PWRHYD003,2033,2.466
KENYA,PWRHYD003,2034,2.466
KENYA,PWRHYD003,2035,2.466
KENYA,PWRHYD003,2036,2.466
KENYA,PWRHYD003,2037,2.466
KENYA,PWRHYD003,2038,2.466
KENYA,PWRHYD003,2039,2.466
KENYA,PWRHYD003,2040,2.466
KENYA,PWRHYD003,2041,2.466
KENYA,PWRHYD003,2042,9.6714
KENYA,PWRHYD003,2043,9.6714
KENYA,PWRHYD003,2044,9.6714
KENYA,PWRHYD003,2045,9.6714
KENYA,PWRHYD003,2046,9.6714
KENYA,PWRHYD003,2047,9.6714
KENYA,PWRHYD003,2048,9.6714
KENYA,PWRHYD003,2049,9.6714
KENYA,PWRHYD003,2050,9.6714
KENYA,PWRHYD004,2019,5.9184
KENYA,PWRHYD004,2020,5.9184
KENYA,PWRHYD004,2021,5.9184
KENYA,PWRHYD004,2022,5.9184
KENYA,PWRHYD004,2023,5.9184
KENYA,PWRHYD004,2024,5.9184
KENYA,PWRHYD004,2025,5.9184
KENYA,PWRHYD004,2026,5.9184
KENYA,PWRHYD004,2027,5.9184
KENYA,PWRHYD004,2028,5.9184
KENYA,PWRHYD004,2029,5.9184
KENYA,PWRHYD004,2030,5.9184
KENYA,PWRHYD004,2031,5.9184
KENYA,PWRHYD004,2032,5.9184
KENYA,PWRHYD004,2033,5.9184
KENYA,PWRHYD004,2034,5.9184
KENYA,PWRHYD004,2035,5.9184
KENYA,PWRHYD004,2036,5.9184
KENYA,PWRHYD004,2037,5.9184
KENYA,PWRHYD004,2038,5.9184
KENYA,PWRHYD004,2039,5.9184
KENYA,PWRHYD004,2040,5.9184
KENYA,PWRHYD004,2041,5.9184
KENYA,PWRHYD004,2042,18.7272
KENYA,PWRHYD004,2043,18.7272
KENYA,PWRHYD004,2044,18.7272
KENYA,PWRHYD004,2045,18.7272
KENYA,PWRHYD004,2046,18.7272
KENYA,PWRHYD004,2047,18.7272
KENYA,PWRHYD004,2048,18.7272
KENYA,PWRHYD004,2049,18.7272
KENYA,PWRHYD004,2050,18.7272
KENYA,PWRHYD005,2019,1.918
KENYA,PWRHYD005,2020,1.918
KENYA,PWRHYD005,2021,1.918
KENYA,PWRHYD005,2022,1.918
KENYA,PWRHYD005,2023,1.918
KENYA,PWRHYD005,2024,1.918
KENYA,PWRHYD005,2025,1.918
KENYA,PWRHYD005,2026,1.918
KENYA,PWRHYD005,2027,1.918
KENYA,PWRHYD005,2028,1.918
KENYA,PWRHYD005,2029,1.918
KENYA,PWRHYD005,2030,1.918
KENYA,PWRHYD005,2031,1.918
KENYA,PWRHYD005,2032,1.918
KENYA,PWRHYD005,2033,1.918
KENYA,PWRHYD005,2034,1.918
KENYA,PWRHYD005,2035,1.918
KENYA,PWRHYD005,2036,1.918
KENYA,PWRHYD005,2037,1.918
KENYA,PWRHYD005,2038,1.918
KENYA,PWRHYD005,2039,1.918
KENYA,PWRHYD005,2040,1.918
KENYA,PWRHYD005,2041,1.918
KENYA,PWRHYD005,2042,7.5705
KENYA,PWRHYD005,2043,7.5705
KENYA,PWRHYD005,2044,7.5705
KENYA,PWRHYD005,2045,7.5705
KENYA,PWRHYD005,2046,7.5705
KENYA,PWRHYD005,2047,7.5705
KENYA,PWRHYD005,2048,7.5705
KENYA,PWRHYD005,2049,7.5705
KENYA,PWRHYD005,2050,7.5705
KENYA,PWRHYD006,2019,4.4936
KENYA,PWRHYD006,2020,4.4936
KENYA,PWRHYD006,2021,4.4936
KENYA,PWRHYD006,2022,4.4936
KENYA,PWRHYD006,2023,4.4936
KENYA,PWRHYD006,2024,4.4936
KENYA,PWRHYD006,2025,4.4936
KENYA,PWRHYD006,2026,4.4936
KENYA,PWRHYD006,2027,4.4936
KENYA,PWRHYD006,2028,4.4936
KENYA,PWRHYD006,2029,4.4936
KENYA,PWRHYD006,2030,4.4936
KENYA,PWRHYD006,2031,4.4936
KENYA,PWRHYD006,2032,4.4936
KENYA,PWRHYD006,2033,4.4936
KENYA,PWRHYD006,2034,4.4936
KENYA,PWRHYD006,2035,4.4936
KENYA,PWRHYD006,2036,4.4936
KENYA,PWRHYD006,2037,4.4936
KENYA,PWRHYD006,2038,4.4936
KENYA,PWRHYD006,2039,4.4936
KENYA,PWRHYD006,2040,4.4936
KENYA,PWRHYD006,2041,4.4936
KENYA,PWRHYD006,2042,17.6316
KENYA,PWRHYD006,2043,17.6316
KENYA,PWRHYD006,2044,17.6316
KENYA,PWRHYD006,2045,17.6316
KENYA,PWRHYD006,2046,17.6316
KENYA,PWRHYD006,2047,17.6316
KENYA,PWRHYD006,2048,17.6316
KENYA,PWRHYD006,2049,17.6316
KENYA,PWRHYD006,2050,17.6316
KENYA,PWRHYD007,2019,2.877
KENYA,PWRHYD007,2020,2.877
KENYA,PWRHYD007,2021,2.877
KENYA,PWRHYD007,2022,2.877
KENYA,PWRHYD007,2023,2.877
KENYA,PWRHYD007,2024,2.877
KENYA,PWRHYD007,2025,2.877
KENYA,PWRHYD007,2026,2.877
KENYA,PWRHYD007,2027,2.877
KENYA,PWRHYD007,2028,2.877
KENYA,PWRHYD007,2029,2.877
KENYA,PWRHYD007,2030,2.877
KENYA,PWRHYD007,2031,2.877
KENYA,PWRHYD007,2032,2.877
KENYA,PWRHYD007,2033,2.877
KENYA,PWRHYD007,2034,2.877
KENYA,PWRHYD007,2035,2.877
KENYA,PWRHYD007,2036,2.877
KENYA,PWRHYD007,2037,2.877
KENYA,PWRHYD007,2038,2.877
KENYA,PWRHYD007,2039,2.877
KENYA,PWRHYD007,2040,2.877
KENYA,PWRHYD007,2041,2.877
KENYA,PWRHYD007,2042,11.2833
KENYA,PWRHYD007,2043,11.2833
KENYA,PWRHYD007,2044,11.2833
KENYA,PWRHYD007,2045,11.2833
KENYA,PWRHYD007,2046,11.2833
KENYA,PWRHYD007,2047,11.2833
KENYA,PWRHYD007,2048,11.2833
KENYA,PWRHYD007,2049,11.2833
KENYA,PWRHYD007,2050,11.2833
KENYA,PWRHYD008,2019,1.644
KENYA,PWRHYD008,2020,1.644
KENYA,PWRHYD008,2021,1.644
KENYA,PWRHYD008,2022,1.644
KENYA,PWRHYD008,2023,1.644
KENYA,PWRHYD008,2024,1.644
KENYA,PWRHYD008,2025,1.644
KENYA,PWRHYD008,2026,1.644
KENYA,PWRHYD008,2027,1.644
KENYA,PWRHYD008,2028,1.644
KENYA,PWRHYD008,2029,1.644
KENYA,PWRHYD008,2030,1.644
KENYA,PWRHYD008,2031,1.644
KENYA,PWRHYD008,2032,1.644
KENYA,PWRHYD008,2033,1.644
KENYA,PWRHYD008,2034,1.644
KENYA,PWRHYD008,2035,1.644
KENYA,PWRHYD008,2036,1.644
KENYA,PWRHYD008,2037,1.644
KENYA,PWRHYD008,2038,1.644
KENYA,PWRHYD008,2039,1.644
KENYA,PWRHYD008,2040,1.644
KENYA,PWRHYD008,2041,1.644
KENYA,PWRHYD009,2019,0.548
KENYA,PWRHYD009,2020,0.548
KENYA,PWRHYD009,2021,0.548
KENYA,PWRHYD009,2022,0.548
KENYA,PWRHYD009,2023,0.548
KENYA,PWRHYD009,2024,0.548
KENYA,PWRHYD009,2025,0.548
KENYA,PWRHYD009,2026,0.548
KENYA,PWRHYD009,2027,0.548
KENYA,PWRHYD009,2028,0.548
KENYA,PWRHYD009,2029,0.548
KENYA,PWRHYD009,2030,0.548
KENYA,PWRHYD009,2031,0.548
KENYA,PWRHYD009,2032,0.548
KENYA,PWRHYD009,2033,0.548
KENYA,PWRHYD009,2034,0.548
KENYA,PWRHYD009,2035,0.548
KENYA,PWRHYD009,2036,0.548
KENYA,PWRHYD009,2037,0.548
KENYA,PWRHYD009,2038,0.548
KENYA,PWRHYD009,2039,0.548
KENYA,PWRHYD009,2040,0.548
KENYA,PWRHYD009,2041,0.548
KENYA,PWRHYD010,2037,0.1799
KENYA,PWRHYD010,2038,1.295
KENYA,PWRHYD010,2039,1.295
KENYA,PWRHYD010,2040,1.295
KENYA,PWRHYD010,2041,1.295
KENYA,PWRHYD010,2042,1.295
KENYA,PWRHYD010,2043,2.1301
KENYA,PWRHYD010,2044,3.1834
KENYA,PWRHYD010,2045,4.5438
KENYA,PWRHYD010,2046,5.1877
KENYA,PWRHYD010,2047,5.1877
KENYA,PWRHYD010,2048,5.1877
KENYA,PWRHYD010,2049,5.1877
KENYA,PWRHYD010,2050,5.1877
KENYA,PWRHYD011,2035,0.4669
KENYA,PWRHYD011,2036,0.4669
KENYA,PWRHYD011,2037,1.3374
KENYA,PWRHYD011,2038,1.3374
KENYA,PWRHYD011,2039,1.3374
KENYA,PWRHYD011,2040,1.3374
KENYA,PWRHYD011,2041,1.3374
KENYA,PWRHYD011,2042,1.3374
KENYA,PWRHYD011,2043,1.3374
KENYA,PWRHYD011,2044,1.3374
KENYA,PWRHYD011,2045,1.3374
KENYA,PWRHYD011,2046,1.3374
KENYA,PWRHYD011,2047,1.3374
KENYA,PWRHYD011,2048,1.3374
KENYA,PWRHYD011,2049,1.3374
KENYA,PWRHYD011,2050,1.3374
KENYA,PWRHYD015,2033,3.069
KENYA,PWRHYD015,2034,3.069
KENYA,PWRHYD015,2035,3.069
KENYA,PWRHYD015,2036,3.069
KENYA,PWRHYD015,2037,3.069
KENYA,PWRHYD015,2038,3.069
KENYA,PWRHYD015,2039,3.069
KENYA,PWRHYD015,2040,3.069
KENYA,PWRHYD015,2041,3.069
KENYA,PWRHYD015,2042,3.069
KENYA,PWRHYD015,2043,3.069
KENYA,PWRHYD015,2044,3.069
KENYA,PWRHYD015,2045,3.069
KENYA,PWRHYD015,2046,3.069
KENYA,PWRHYD015,2047,3.069
KENYA,PWRHYD015,2048,3.069
KENYA,PWRHYD015,2049,3.069
KENYA,PWRHYD015,2050,3.069
KENYA,PWRHYD016,2019,0.4678
KENYA,PWRHYD016,2020,0.4678
KENYA,PWRHYD016,2021,0.4678
KENYA,PWRHYD016,2022,0.4678
KENYA,PWRHYD016,2023,0.6429
KENYA,PWRHYD016,2024,0.7029
KENYA,PWRHYD016,2025,0.7101
KENYA,PWRHYD016,2026,1.3051
KENYA,PWRHYD016,2027,1.5689
KENYA,PWRHYD016,2028,1.6433
KENYA,PWRHYD016,2029,1.8208
KENYA,PWRHYD016,2030,2.6989
KENYA,PWRHYD016,2031,3.373
KENYA,PWRHYD016,2032,3.8096
KENYA,PWRHYD016,2033,4.5821
KENYA,PWRHYD016,2034,5.1842
KENYA,PWRHYD016,2035,5.9447
KENYA,PWRHYD016,2036,6.614
KENYA,PWRHYD016,2037,6.7004
KENYA,PWRHYD016,2038,6.794
KENYA,PWRHYD016,2039,6.8947
KENYA,PWRHYD016,2040,7.0075
KENYA,PWRHYD016,2041,7.1298
KENYA,PWRHYD016,2042,7.2642
KENYA,PWRHYD016,2043,7.4105
KENYA,PWRHYD016,2044,7.5688
KENYA,PWRHYD016,2045,7.744
KENYA,PWRHYD016,2046,7.9359
KENYA,PWRHYD016,2047,8.1446
KENYA,PWRHYD016,2048,8.3725
KENYA,PWRHYD016,2049,8.622
KENYA,PWRHYD016,2050,8.8955
KENYA,PWRHYD101,2019,1.0633
KENYA,PWRHYD101,2020,1.3514
KENYA,PWRHYD101,2021,1.6665
KENYA,PWRHYD101,2022,2.011
KENYA,PWRHYD101,2023,2.3878
KENYA,PWRHYD101,2024,2.7997
KENYA,PWRHYD101,2025,3.2502
KENYA,PWRHYD101,2026,3.7428
KENYA,PWRHYD101,2027,4.2814
KENYA,PWRHYD101,2028,4.8704
KENYA,PWRHYD101,2029,5.5145
KENYA,PWRHYD101,2030,6.2188
KENYA,PWRHYD101,2031,6.989
KENYA,PWRHYD101,2032,7.8312
KENYA,PWRHYD101,2033,8.7521
KENYA,PWRHYD101,2034,9.7591
KENYA,PWRHYD101,2035,10.8603
KENYA,PWRHYD101,2036,12.0644
KENYA,PWRHYD101,2037,13.3811
KENYA,PWRHYD101,2038,14.821
KENYA,PWRHYD101,2039,16.3954
KENYA,PWRHYD101,2040,18.1171
KENYA,PWRHYD101,2041,19.9998
KENYA,PWRHYD101,2042,22.0584
KENYA,PWRHYD101,2043,24.3096
KENYA,PWRHYD101,2044,26.7713
KENYA,PWRHYD101,2045,29.4631
KENYA,PWRHYD101,2046,32.4066
KENYA,PWRHYD101,2047,35.6253
KENYA,PWRHYD101,2048,39.1449
KENYA,PWRHYD101,2049,39.1449
KENYA,PWRHYD101,2050,39.1449
KENYA,PWRLFO001,2019,0.5852
KENYA,PWRLFO001,2020,0.5852
KENYA,PWRLFO001,2021,0.5852
KENYA,PWRLFO001,2022,0.5852
KENYA,PWRLFO001,2023,0.5852
KENYA,PWRLFO001,2024,0.5852
KENYA,PWRLFO002,2019,0.5852
KENYA,PWRLFO002,2020,0.5852
KENYA,PWRLFO002,2021,0.5852
KENYA,PWRLFO002,2022,0.5852
KENYA,PWRLFO002,2023,0.5852
KENYA,PWRLFO002,2024,0.5852
KENYA,PWRNGS002,2031,4.1593
KENYA,PWRNGS002,2032,12.1875
KENYA,PWRNGS002,2033,12.1875
KENYA,PWRNGS002,2034,12.1875
KENYA,PWRNGS002,2035,12.1875
KENYA,PWRNGS002,2036,12.1875
KENYA,PWRNGS002,2037,12.1875
KENYA,PWRNGS002,2038,12.1875
KENYA,PWRNGS002,2039,12.1875
KENYA,PWRNGS002,2040,12.1875
KENYA,PWRNGS002,2041,12.1875
KENYA,PWRNGS002,2042,12.1875
KENYA,PWRNGS002,2043,12.1875
KENYA,PWRNGS002,2044,12.1875
KENYA,PWRNGS002,2045,12.1875
KENYA,PWRNGS002,2046,12.1875
KENYA,PWRNGS002,2047,12.1875
KENYA,PWRNGS002,2048,12.1875
KENYA,PWRNGS002,2049,12.1875
KENYA,PWRNGS002,2050,12.1875
KENYA,PWRNGS003,2041,12.1875
KENYA,PWRNGS003,2042,12.1875
KENYA,PWRNGS003,2043,12.1875
KENYA,PWRNGS003,2044,12.1875
KENYA,PWRNGS003,2045,12.1875
KENYA,PWRNGS003,2046,12.1875
KENYA,PWRNGS003,2047,12.1875
KENYA,PWRNGS003,2048,12.1875
KENYA,PWRNGS003,2049,12.1875
KENYA,PWRNGS003,2050,12.1875
KENYA,PWRNGS004,2027,3.8698
KENYA,PWRNGS004,2028,4.18
KENYA,PWRNGS004,2029,4.18
KENYA,PWRNGS004,2030,4.18
KENYA,PWRNGS004,2031,4.18
KENYA,PWRNGS004,2032,4.18
KENYA,PWRNGS004,2033,4.18
KENYA,PWRNGS004,2034,4.18
KENYA,PWRNGS004,2035,4.18
KENYA,PWRNGS004,2036,4.18
KENYA,PWRNGS004,2037,4.18
KENYA,PWRNGS004,2038,4.18
KENYA,PWRNGS004,2039,4.18
KENYA,PWRNGS004,2040,4.18
KENYA,PWRNGS004,2041,4.18
KENYA,PWRNGS004,2042,4.18
KENYA,PWRNGS004,2043,4.18
KENYA,PWRNGS004,2044,4.18
KENYA,PWRNGS004,2045,4.18
KENYA,PWRNGS004,2046,4.18
KENYA,PWRNGS004,2047,4.18
KENYA,PWRNGS004,2048,4.18
KENYA,PWRNGS004,2049,4.18
KENYA,PWRNGS004,2050,4.18
KENYA,PWRNGS005,2032,0.2015
KENYA,PWRNGS005,2033,0.2015
KENYA,PWRNGS005,2034,1.672
KENYA,PWRNGS005,2035,1.672
KENYA,PWRNGS005,2036,1.672
KENYA,PWRNGS005,2037,1.672
KENYA,PWRNGS005,2038,1.672
KENYA,PWRNGS005,2039,1.672
KENYA,PWRNGS005,2040,1.672
KENYA,PWRNGS005,2041,1.672
KENYA,PWRNGS005,2042,1.672
KENYA,PWRNGS005,2043,1.672
KENYA,PWRNGS005,2044,1.672
KENYA,PWRNGS005,2045,1.672
KENYA,PWRNGS005,2046,1.672
KENYA,PWRNGS005,2047,1.672
KENYA,PWRNGS005,2048,1.672
KENYA,PWRNGS005,2049,1.672
KENYA,PWRNGS005,2050,1.672
KENYA,PWRNGS006,2034,1.672
KENYA,PWRNGS006,2035,1.672
KENYA,PWRNGS006,2036,1.672
KENYA,PWRNGS006,2037,1.672
KENYA,PWRNGS006,2038,1.672
KENYA,PWRNGS006,2039,1.672
KENYA,PWRNGS006,2040,1.672
KENYA,PWRNGS006,2041,1.672
KENYA,PWRNGS006,2042,1.672
KENYA,PWRNGS006,2043,1.672
KENYA,PWRNGS006,2044,1.672
KENYA,PWRNGS006,2045,1.672
KENYA,PWRNGS006,2046,1.672
KENYA,PWRNGS006,2047,1.672
KENYA,PWRNGS006,2048,1.672
KENYA,PWRNGS006,2049,1.672
KENYA,PWRNGS006,2050,1.672
KENYA,PWRNGS009,2030,2.926
KENYA,PWRNGS009,2031,2.926
KENYA,PWRNGS009,2032,2.926
KENYA,PWRNGS009,2033,2.926
KENYA,PWRNGS009,2034,2.926
KENYA,PWRNGS009,2035,2.926
KENYA,PWRNGS009,2036,2.926
KENYA,PWRNGS009,2037,2.926
KENYA,PWRNGS009,2038,2.926
KENYA,PWRNGS009,2039,2.926
KENYA,PWRNGS009,2040,2.926
KENYA,PWRNGS009,2041,2.926
KENYA,PWRNGS009,2042,2.926
KENYA,PWRNGS009,2043,2.926
KENYA,PWRNGS009,2044,2.926
KENYA,PWRNGS009,2045,2.926
KENYA,PWRNGS009,2046,2.926
KENYA,PWRNGS009,2047,2.926
KENYA,PWRNGS009,2048,2.926
KENYA,PWRNGS009,2049,2.926
KENYA,PWRNGS009,2050,0.7452
KENYA,PWRNGS010,2031,0.0024
KENYA,PWRNGS010,2032,0.0024
KENYA,PWRNGS010,2033,0.0024
KENYA,PWRNGS010,2034,0.0024
KENYA,PWRNGS010,2035,2.926
KENYA,PWRNGS010,2036,2.926
KENYA,PWRNGS010,2037,2.926
KENYA,PWRNGS010,2038,2.926
KENYA,PWRNGS010,2039,2.926
KENYA,PWRNGS010,2040,2.926
KENYA,PWRNGS010,2041,2.926
KENYA,PWRNGS010,2042,2.926
KENYA,PWRNGS010,2043,2.926
KENYA,PWRNGS010,2044,2.926
KENYA,PWRNGS010,2045,2.926
KENYA,PWRNGS010,2046,2.926
KENYA,PWRNGS010,2047,2.926
KENYA,PWRNGS010,2048,2.926
KENYA,PWRNGS010,2049,2.926
KENYA,PWRNGS010,2050,2.926
KENYA,PWRNGS011,2034,2.926
KENYA,PWRNGS011,2035,2.926
KENYA,PWRNGS011,2036,2.926
KENYA,PWRNGS011,2037,2.926
KENYA,PWRNGS011,2038,2.926
KENYA,PWRNGS011,2039,2.926
KENYA,PWRNGS011,2040,2.926
KENYA,PWRNGS011,2041,2.926
KENYA,PWRNGS011,2042,2.926
KENYA,PWRNGS011,2043,2.926
KENYA,PWRNGS011,2044,2.926
KENYA,PWRNGS011,2045,2.926
KENYA,PWRNGS011,2046,2.926
KENYA,PWRNGS011,2047,2.926
KENYA,PWRNGS011,2048,2.926
KENYA,PWRNGS011,2049,2.926
KENYA,PWRNGS011,2050,2.926
KENYA,PWRNGS018,2031,1.353
KENYA,PWRNGS018,2032,1.353
KENYA,PWRNGS018,2033,2.5795
KENYA,PWRNGS018,2034,3.5517
KENYA,PWRNGS018,2035,8.1782
KENYA,PWRNGS018,2036,8.2928
KENYA,PWRNGS018,2037,11.1502
KENYA,PWRNGS018,2038,13.0186
KENYA,PWRNGS018,2039,13.9595
KENYA,PWRNGS018,2040,17.7483
KENYA,PWRNGS018,2041,20.7244
KENYA,PWRNGS018,2042,24.198
KENYA,PWRNGS018,2043,28.2547
KENYA,PWRNGS018,2044,32.9906
KENYA,PWRNGS018,2045,38.5208
KENYA,PWRNGS018,2046,44.9768
KENYA,PWRNGS018,2047,52.5175
KENYA,PWRNGS018,2048,61.3206
KENYA,PWRNGS018,2049,70.4943
KENYA,PWRNGS018,2050,83.6
KENYA,PWRPHS001,2037,1.2406
KENYA,PWRPHS001,2038,2.8224
KENYA,PWRPHS001,2039,2.8224
KENYA,PWRPHS001,2040,2.8224
KENYA,PWRPHS001,2041,4.458
KENYA,PWRPHS001,2042,4.458
KENYA,PWRPHS001,2043,4.458
KENYA,PWRPHS001,2044,4.458
KENYA,PWRPHS001,2045,4.458
KENYA,PWRPHS001,2046,4.458
KENYA,PWRPHS001,2047,4.458
KENYA,PWRPHS001,2048,4.458
KENYA,PWRPHS001,2049,4.458
KENYA,PWRPHS001,2050,4.458
KENYA,PWRPHS002,2038,4.4373
KENYA,PWRPHS002,2039,4.4373
KENYA,PWRPHS002,2040,4.458
KENYA,PWRPHS002,2041,4.458
KENYA,PWRPHS002,2042,4.458
KENYA,PWRPHS002,2043,4.458
KENYA,PWRPHS002,2044,4.458
KENYA,PWRPHS002,2045,4.458
KENYA,PWRPHS002,2046,4.458
KENYA,PWRPHS002,2047,4.458
KENYA,PWRPHS002,2048,4.458
KENYA,PWRPHS002,2049,4.458
KENYA,PWRPHS002,2050,4.458
KENYA,PWRSOL001,2019,1.32
KENYA,PWRSOL001,2020,1.285
KENYA,PWRSOL001,2021,1.2515
KENYA,PWRSOL001,2022,1.2185
KENYA,PWRSOL001,2023,1.1865
KENYA,PWRSOL001,2024,1.155
KENYA,PWRSOL001,2025,1.1245
KENYA,PWRSOL001,2026,1.095
KENYA,PWRSOL001,2027,1.066
KENYA,PWRSOL001,2028,1.038
KENYA,PWRSOL001,2029,1.011
KENYA,PWRSOL001,2030,0.984
KENYA,PWRSOL001,2031,0.9585
KENYA,PWRSOL001,2032,0.933
KENYA,PWRSOL001,2033,0.9085
KENYA,PWRSOL001,2034,0.8845
KENYA,PWRSOL001,2035,0.861
KENYA,PWRSOL001,2036,0.8385
KENYA,PWRSOL001,2037,0.8165
KENYA,PWRSOL002,2023,0.9492
KENYA,PWRSOL002,2024,0.924
KENYA,PWRSOL002,2025,0.8996
KENYA,PWRSOL002,2026,0.876
KENYA,PWRSOL002,2027,0.8528
KENYA,PWRSOL002,2028,0.8304
KENYA,PWRSOL002,2029,0.8088
KENYA,PWRSOL002,2030,0.7872
KENYA,PWRSOL002,2031,0.7668
KENYA,PWRSOL002,2032,0.7464
KENYA,PWRSOL002,2033,0.7268
KENYA,PWRSOL002,2034,0.7076
KENYA,PWRSOL002,2035,0.6888
KENYA,PWRSOL002,2036,0.6708
KENYA,PWRSOL002,2037,0.6532
KENYA,PWRSOL002,2038,0.636
KENYA,PWRSOL002,2039,0.6192
KENYA,PWRSOL002,2040,0.6028
KENYA,PWRSOL002,2041,0.6028
KENYA,PWRSOL002,2042,0.6028
KENYA,PWRSOL003,2032,0.5598
KENYA,PWRSOL003,2033,0.5451
KENYA,PWRSOL003,2034,0.5307
KENYA,PWRSOL003,2035,0.5166
KENYA,PWRSOL003,2036,0.5031
KENYA,PWRSOL003,2037,0.4899
KENYA,PWRSOL003,2038,0.477
KENYA,PWRSOL003,2039,0.4644
KENYA,PWRSOL003,2040,0.4521
KENYA,PWRSOL003,2041,0.4521
KENYA,PWRSOL003,2042,0.4521
KENYA,PWRSOL003,2043,0.4521
KENYA,PWRSOL003,2044,0.4521
KENYA,PWRSOL003,2045,0.4521
KENYA,PWRSOL003,2046,0.4521
KENYA,PWRSOL003,2047,0.4521
KENYA,PWRSOL003,2048,0.4521
KENYA,PWRSOL003,2049,0.4521
KENYA,PWRSOL003,2050,0.4521
KENYA,PWRSOL004,2032,0.7464
KENYA,PWRSOL004,2033,0.7268
KENYA,PWRSOL004,2034,0.7076
KENYA,PWRSOL004,2035,0.6888
KENYA,PWRSOL004,2036,0.6708
KENYA,PWRSOL004,2037,0.6532
KENYA,PWRSOL004,2038,0.636
KENYA,PWRSOL004,2039,0.6192
KENYA,PWRSOL004,2040,0.6028
KENYA,PWRSOL004,2041,0.6028
KENYA,PWRSOL004,2042,0.6028
KENYA,PWRSOL004,2043,0.6028
KENYA,PWRSOL004,2044,0.6028
KENYA,PWRSOL004,2045,0.6028
KENYA,PWRSOL004,2046,0.6028
KENYA,PWRSOL004,2047,0.6028
KENYA,PWRSOL004,2048,0.6028
KENYA,PWRSOL004,2049,0.6028
KENYA,PWRSOL004,2050,0.6028
KENYA,PWRSOL005,2032,0.7464
KENYA,PWRSOL005,2033,0.7268
KENYA,PWRSOL005,2034,0.7076
KENYA,PWRSOL005,2035,0.6888
KENYA,PWRSOL005,2036,0.6708
KENYA,PWRSOL005,2037,0.6532
KENYA,PWRSOL005,2038,0.636
KENYA,PWRSOL005,2039,0.6192
KENYA,PWRSOL005,2040,0.6028
KENYA,PWRSOL005,2041,0.6028
KENYA,PWRSOL005,2042,0.6028
KENYA,PWRSOL005,2043,0.6028
KENYA,PWRSOL005,2044,0.6028
KENYA,PWRSOL005,2045,0.6028
KENYA,PWRSOL005,2046,0.6028
KENYA,PWRSOL005,2047,0.6028
KENYA,PWRSOL005,2048,0.6028
KENYA,PWRSOL005,2049,0.6028
KENYA,PWRSOL005,2050,0.6028
KENYA,PWRSOL006,2023,0.0356
KENYA,PWRSOL006,2024,0.0346
KENYA,PWRSOL006,2025,0.0337
KENYA,PWRSOL006,2026,0.0328
KENYA,PWRSOL006,2027,0.032
KENYA,PWRSOL006,2028,0.0311
KENYA,PWRSOL006,2029,0.0303
KENYA,PWRSOL006,2030,0.0295
KENYA,PWRSOL006,2031,0.0288
KENYA,PWRSOL006,2032,0.028
KENYA,PWRSOL006,2033,0.0273
KENYA,PWRSOL006,2034,0.0265
KENYA,PWRSOL006,2035,0.0258
KENYA,PWRSOL006,2036,0.0252
KENYA,PWRSOL006,2037,0.0245
KENYA,PWRSOL006,2038,0.0238
KENYA,PWRSOL006,2039,0.0232
KENYA,PWRSOL006,2040,0.0226
KENYA,PWRSOL006,2041,0.0226
KENYA,PWRSOL006,2042,0.0226
KENYA,PWRSOL008,2022,0.9748
KENYA,PWRSOL008,2023,0.9492
KENYA,PWRSOL008,2024,0.924
KENYA,PWRSOL008,2025,0.8996
KENYA,PWRSOL008,2026,0.876
KENYA,PWRSOL008,2027,0.8528
KENYA,PWRSOL008,2028,0.8304
KENYA,PWRSOL008,2029,0.8088
KENYA,PWRSOL008,2030,0.7872
KENYA,PWRSOL008,2031,0.7668
KENYA,PWRSOL008,2032,0.7464
KENYA,PWRSOL008,2033,0.7268
KENYA,PWRSOL008,2034,0.7076
KENYA,PWRSOL008,2035,0.6888
KENYA,PWRSOL008,2036,0.6708
KENYA,PWRSOL008,2037,0.6532
KENYA,PWRSOL008,2038,0.636
KENYA,PWRSOL008,2039,0.6192
KENYA,PWRSOL008,2040,0.6028
KENYA,PWRSOL008,2041,0.6028
KENYA,PWRSOL009,2026,0.876
KENYA,PWRSOL009,2027,0.8528
KENYA,PWRSOL009,2028,0.8304
KENYA,PWRSOL009,2029,0.8088
KENYA,PWRSOL009,2030,0.7872
KENYA,PWRSOL009,2031,0.7668
KENYA,PWRSOL009,2032,0.7464
KENYA,PWRSOL009,2033,0.7268
KENYA,PWRSOL009,2034,0.7076
KENYA,PWRSOL009,2035,0.6888
KENYA,PWRSOL009,2036,0.6708
KENYA,PWRSOL009,2037,0.6532
KENYA,PWRSOL009,2038,0.636
KENYA,PWRSOL009,2039,0.6192
KENYA,PWRSOL009,2040,0.6028
KENYA,PWRSOL009,2041,0.6028
KENYA,PWRSOL009,2042,0.6028
KENYA,PWRSOL009,2043,0.6028
KENYA,PWRSOL009,2044,0.6028
KENYA,PWRSOL009,2045,0.6028
KENYA,PWRSOL010,2021,1.0012
KENYA,PWRSOL010,2022,0.9748
KENYA,PWRSOL010,2023,0.9492
KENYA,PWRSOL010,2024,0.924
KENYA,PWRSOL010,2025,0.8996
KENYA,PWRSOL010,2026,0.876
KENYA,PWRSOL010,2027,0.8528
KENYA,PWRSOL010,2028,0.8304
KENYA,PWRSOL010,2029,0.8088
KENYA,PWRSOL010,2030,0.7872
KENYA,PWRSOL010,2031,0.7668
KENYA,PWRSOL010,2032,0.7464
KENYA,PWRSOL010,2033,0.7268
KENYA,PWRSOL010,2034,0.7076
KENYA,PWRSOL010,2035,0.6888
KENYA,PWRSOL010,2036,0.6708
KENYA,PWRSOL010,2037,0.6532
KENYA,PWRSOL010,2038,0.636
KENYA,PWRSOL010,2039,0.6192
KENYA,PWRSOL010,2040,0.6028
KENYA,PWRSOL011,2019,0.0066
KENYA,PWRSOL011,2020,0.0064
KENYA,PWRSOL011,2021,0.0063
KENYA,PWRSOL011,2022,0.0061
KENYA,PWRSOL011,2023,0.0059
KENYA,PWRSOL011,2024,0.0058
KENYA,PWRSOL011,2025,0.0056
KENYA,PWRSOL011,2026,0.0055
KENYA,PWRSOL011,2027,0.0053
KENYA,PWRSOL011,2028,0.0052
KENYA,PWRSOL011,2029,0.0051
KENYA,PWRSOL011,2030,0.0049
KENYA,PWRSOL011,2031,0.0048
KENYA,PWRSOL011,2032,0.0047
KENYA,PWRSOL011,2033,0.0045
KENYA,PWRSOL011,2034,0.0044
KENYA,PWRSOL011,2035,0.0043
KENYA,PWRSOL011,2036,0.0042
KENYA,PWRSOL011,2037,0.0041
KENYA,PWRSOL012,2021,1.0012
KENYA,PWRSOL012,2022,0.9748
KENYA,PWRSOL012,2023,0.9492
KENYA,PWRSOL012,2024,0.924
KENYA,PWRSOL012,2025,0.8996
KENYA,PWRSOL012,2026,0.876
KENYA,PWRSOL012,2027,0.8528
KENYA,PWRSOL012,2028,0.8304
KENYA,PWRSOL012,2029,0.8088
KENYA,PWRSOL012,2030,0.7872
KENYA,PWRSOL012,2031,0.7668
KENYA,PWRSOL012,2032,0.7464
KENYA,PWRSOL012,2033,0.7268
KENYA,PWRSOL012,2034,0.7076
KENYA,PWRSOL012,2035,0.6888
KENYA,PWRSOL012,2036,0.6708
KENYA,PWRSOL012,2037,0.6532
KENYA,PWRSOL012,2038,0.636
KENYA,PWRSOL012,2039,0.6192
KENYA,PWRSOL012,2040,0.6028
KENYA,PWRSOL013,2032,0.1866
KENYA,PWRSOL013,2033,0.1817
KENYA,PWRSOL013,2034,0.1769
KENYA,PWRSOL013,2035,0.1722
KENYA,PWRSOL013,2036,0.1677
KENYA,PWRSOL013,2037,0.1633
KENYA,PWRSOL013,2038,0.159
KENYA,PWRSOL013,2039,0.1548
KENYA,PWRSOL013,2040,0.1507
KENYA,PWRSOL013,2041,0.1507
KENYA,PWRSOL013,2042,0.1507
KENYA,PWRSOL013,2043,0.1507
KENYA,PWRSOL013,2044,0.1507
KENYA,PWRSOL013,2045,0.1507
KENYA,PWRSOL013,2046,0.1507
KENYA,PWRSOL013,2047,0.1507
KENYA,PWRSOL013,2048,0.1507
KENYA,PWRSOL013,2049,0.1507
KENYA,PWRSOL013,2050,0.1507
KENYA,PWRSOL014,2032,0.793
KENYA,PWRSOL014,2033,0.7722
KENYA,PWRSOL014,2034,0.7518
KENYA,PWRSOL014,2035,0.7318
KENYA,PWRSOL014,2036,0.7127
KENYA,PWRSOL014,2037,0.694
KENYA,PWRSOL014,2038,0.6758
KENYA,PWRSOL014,2039,0.6579
KENYA,PWRSOL014,2040,0.6405
KENYA,PWRSOL014,2041,0.6405
KENYA,PWRSOL014,2042,0.6405
KENYA,PWRSOL014,2043,0.6405
KENYA,PWRSOL014,2044,0.6405
KENYA,PWRSOL014,2045,0.6405
KENYA,PWRSOL014,2046,0.6405
KENYA,PWRSOL014,2047,0.6405
KENYA,PWRSOL014,2048,0.6405
KENYA,PWRSOL014,2049,0.6405
KENYA,PWRSOL014,2050,0.6405
KENYA,PWRSOL015,2024,0.924
KENYA,PWRSOL015,2025,0.8996
KENYA,PWRSOL015,2026,0.876
KENYA,PWRSOL015,2027,0.8528
KENYA,PWRSOL015,2028,0.8304
KENYA,PWRSOL015,2029,0.8088
KENYA,PWRSOL015,2030,0.7872
KENYA,PWRSOL015,2031,0.7668
KENYA,PWRSOL015,2032,0.7464
KENYA,PWRSOL015,2033,0.7268
KENYA,PWRSOL015,2034,0.7076
KENYA,PWRSOL015,2035,0.6888
KENYA,PWRSOL015,2036,0.6708
KENYA,PWRSOL015,2037,0.6532
KENYA,PWRSOL015,2038,0.636
KENYA,PWRSOL015,2039,0.6192
KENYA,PWRSOL015,2040,0.6028
KENYA,PWRSOL015,2041,0.6028
KENYA,PWRSOL015,2042,0.6028
KENYA,PWRSOL015,2043,0.6028
KENYA,PWRSOL101,2026,0.219
KENYA,PWRSOL101,2027,0.4938
KENYA,PWRSOL101,2028,0.8403
KENYA,PWRSOL101,2029,1.2793
KENYA,PWRSOL101,2030,1.8354
KENYA,PWRSOL101,2031,2.5445
KENYA,PWRSOL101,2032,3.4461
KENYA,PWRSOL101,2033,4.5977
KENYA,PWRSOL101,2034,6.0676
KENYA,PWRSOL101,2035,7.945
KENYA,PWRSOL101,2036,10.3501
KENYA,PWRSOL101,2037,13.4267
KENYA,PWRSOL101,2038,17.3632
KENYA,PWRSOL101,2039,22.4012
KENYA,PWRSOL101,2040,28.8499
KENYA,PWRSOL101,2041,38.1172
KENYA,PWRSOL101,2042,50.3129
KENYA,PWRSOL101,2043,66.3624
KENYA,PWRSOL101,2044,87.4837
KENYA,PWRSOL101,2045,115.2792
KENYA,PWRSOL101,2046,151.7074
KENYA,PWRSOL101,2047,183.3269
KENYA,PWRSOL101,2048,198.5801
KENYA,PWRSOL101,2049,212.8956
KENYA,PWRSOL101,2050,232.1118
KENYA,PWRWND001,2019,0.3881
KENYA,PWRWND001,2020,0.3868
KENYA,PWRWND001,2021,0.3855
KENYA,PWRWND001,2022,0.3842
KENYA,PWRWND001,2023,0.383
KENYA,PWRWND001,2024,0.3817
KENYA,PWRWND001,2025,0.3804
KENYA,PWRWND001,2026,0.3791
KENYA,PWRWND001,2027,0.3779
KENYA,PWRWND002,2019,1.5524
KENYA,PWRWND002,2020,1.5473
KENYA,PWRWND002,2021,1.542
KENYA,PWRWND002,2022,1.5369
KENYA,PWRWND002,2023,1.5318
KENYA,PWRWND002,2024,1.5267
KENYA,PWRWND002,2025,1.5216
KENYA,PWRWND002,2026,1.5165
KENYA,PWRWND002,2027,1.5116
KENYA,PWRWND002,2028,1.5065
KENYA,PWRWND002,2029,1.5014
KENYA,PWRWND002,2030,1.4965
KENYA,PWRWND002,2031,1.4914
KENYA,PWRWND002,2032,1.4865
KENYA,PWRWND002,2033,1.4817
KENYA,PWRWND002,2034,1.4766
KENYA,PWRWND003,2025,0.8205
KENYA,PWRWND003,2026,0.8177
KENYA,PWRWND003,2027,0.8151
KENYA,PWRWND003,2028,0.8124
KENYA,PWRWND003,2029,0.8096
KENYA,PWRWND003,2030,0.807
KENYA,PWRWND003,2031,0.8042
KENYA,PWRWND003,2032,0.8016
KENYA,PWRWND003,2033,0.7989
KENYA,PWRWND003,2034,0.7962
KENYA,PWRWND003,2035,0.7935
KENYA,PWRWND003,2036,0.7909
KENYA,PWRWND003,2037,0.7883
KENYA,PWRWND003,2038,0.7856
KENYA,PWRWND003,2039,0.7831
KENYA,PWRWND003,2040,0.7804
KENYA,PWRWND003,2041,0.7804
KENYA,PWRWND003,2042,0.7804
KENYA,PWRWND003,2043,0.7804
KENYA,PWRWND003,2044,0.7804
KENYA,PWRWND005,2021,3.7795
KENYA,PWRWND005,2022,3.767
KENYA,PWRWND005,2023,3.7545
KENYA,PWRWND005,2024,3.742
KENYA,PWRWND005,2025,3.7295
KENYA,PWRWND005,2026,3.717
KENYA,PWRWND005,2027,3.705
KENYA,PWRWND005,2028,3.6925
KENYA,PWRWND005,2029,3.68
KENYA,PWRWND005,2030,3.668
KENYA,PWRWND005,2031,3.6555
KENYA,PWRWND005,2032,3.6435
KENYA,PWRWND005,2033,3.6315
KENYA,PWRWND005,2034,3.619
KENYA,PWRWND005,2035,3.607
KENYA,PWRWND005,2036,3.595
KENYA,PWRWND005,2037,3.583
KENYA,PWRWND005,2038,3.571
KENYA,PWRWND005,2039,3.5595
KENYA,PWRWND005,2040,3.5475
KENYA,PWRWND006,2019,7.61
KENYA,PWRWND006,2020,7.585
KENYA,PWRWND006,2021,7.559
KENYA,PWRWND006,2022,7.534
KENYA,PWRWND006,2023,7.509
KENYA,PWRWND006,2024,7.484
KENYA,PWRWND006,2025,7.459
KENYA,PWRWND006,2026,7.434
KENYA,PWRWND006,2027,7.41
KENYA,PWRWND006,2028,7.385
KENYA,PWRWND006,2029,7.36
KENYA,PWRWND006,2030,7.336
KENYA,PWRWND006,2031,7.311
KENYA,PWRWND006,2032,7.287
KENYA,PWRWND006,2033,7.263
KENYA,PWRWND006,2034,7.238
KENYA,PWRWND006,2035,7.214
KENYA,PWRWND006,2036,7.19
KENYA,PWRWND006,2037,7.166
KENYA,PWRWND010,2021,3.7795
KENYA,PWRWND010,2022,3.767
KENYA,PWRWND010,2023,3.7545
KENYA,PWRWND010,2024,3.742
KENYA,PWRWND010,2025,3.7295
KENYA,PWRWND010,2026,3.717
KENYA,PWRWND010,2027,3.705
KENYA,PWRWND010,2028,3.6925
KENYA,PWRWND010,2029,3.68
KENYA,PWRWND010,2030,3.668
KENYA,PWRWND010,2031,3.6555
KENYA,PWRWND010,2032,3.6435
KENYA,PWRWND010,2033,3.6315
KENYA,PWRWND010,2034,3.619
KENYA,PWRWND010,2035,3.607
KENYA,PWRWND010,2036,3.595
KENYA,PWRWND010,2037,3.583
KENYA,PWRWND010,2038,3.571
KENYA,PWRWND010,2039,3.5595
KENYA,PWRWND010,2040,3.5475
KENYA,PWRWND011,2019,7.61
KENYA,PWRWND011,2020,7.585
KENYA,PWRWND011,2021,7.559
KENYA,PWRWND011,2022,7.534
KENYA,PWRWND011,2023,7.509
KENYA,PWRWND011,2024,7.484
KENYA,PWRWND011,2025,7.459
KENYA,PWRWND011,2026,7.434
KENYA,PWRWND011,2027,7.41
KENYA,PWRWND011,2028,7.385
KENYA,PWRWND011,2029,7.36
KENYA,PWRWND011,2030,7.336
KENYA,PWRWND011,2031,7.311
KENYA,PWRWND011,2032,7.287
KENYA,PWRWND011,2033,7.263
KENYA,PWRWND011,2034,7.238
KENYA,PWRWND011,2035,7.214
KENYA,PWRWND011,2036,7.19
KENYA,PWRWND011,2037,7.166
KENYA,PWRWND012,2030,3.668
KENYA,PWRWND012,2031,3.6555
KENYA,PWRWND012,2032,3.6435
KENYA,PWRWND012,2033,3.6315
KENYA,PWRWND012,2034,3.619
KENYA,PWRWND012,2035,3.607
KENYA,PWRWND012,2036,3.595
KENYA,PWRWND012,2037,3.583
KENYA,PWRWND012,2038,3.571
KENYA,PWRWND012,2039,3.5595
KENYA,PWRWND012,2040,3.5475
KENYA,PWRWND012,2041,3.5475
KENYA,PWRWND012,2042,3.5475
KENYA,PWRWND012,2043,3.5475
KENYA,PWRWND012,2044,3.5475
KENYA,PWRWND012,2045,3.5475
KENYA,PWRWND012,2046,3.5475
KENYA,PWRWND012,2047,3.5475
KENYA,PWRWND012,2048,3.5475
KENYA,PWRWND012,2049,3.5475
KENYA,PWRWND012,2050,3.5475
KENYA,PWRWND013,2019,7.61
KENYA,PWRWND013,2020,7.585
KENYA,PWRWND013,2021,7.559
KENYA,PWRWND013,2022,7.534
KENYA,PWRWND013,2023,7.509
KENYA,PWRWND013,2024,7.484
KENYA,PWRWND013,2025,7.459
KENYA,PWRWND013,2026,7.434
KENYA,PWRWND013,2027,7.41
KENYA,PWRWND013,2028,7.385
KENYA,PWRWND013,2029,7.36
KENYA,PWRWND013,2030,7.336
KENYA,PWRWND013,2031,7.311
KENYA,PWRWND013,2032,7.287
KENYA,PWRWND013,2033,7.263
KENYA,PWRWND013,2034,7.238
KENYA,PWRWND013,2035,7.214
KENYA,PWRWND013,2036,7.19
KENYA,PWRWND013,2037,7.166
KENYA,PWRWND013,2038,7.142
KENYA,PWRWND015,2026,3.717
KENYA,PWRWND015,2027,3.705
KENYA,PWRWND015,2028,3.6925
KENYA,PWRWND015,2029,3.68
KENYA,PWRWND015,2030,3.668
KENYA,PWRWND015,2031,3.6555
KENYA,PWRWND015,2032,3.6435
KENYA,PWRWND015,2033,3.6315
KENYA,PWRWND015,2034,3.619
KENYA,PWRWND015,2035,3.607
KENYA,PWRWND015,2036,3.595
KENYA,PWRWND015,2037,3.583
KENYA,PWRWND015,2038,3.571
KENYA,PWRWND015,2039,3.5595
KENYA,PWRWND015,2040,3.5475
KENYA,PWRWND015,2041,3.5475
KENYA,PWRWND015,2042,3.5475
KENYA,PWRWND015,2043,3.5475
KENYA,PWRWND015,2044,3.5475
KENYA,PWRWND015,2045,3.5475
KENYA,PWRWND018,2028,7.385
KENYA,PWRWND018,2029,7.36
KENYA,PWRWND018,2030,7.336
KENYA,PWRWND018,2031,7.311
KENYA,PWRWND018,2032,7.287
KENYA,PWRWND018,2033,7.263
KENYA,PWRWND018,2034,7.238
KENYA,PWRWND018,2035,7.214
KENYA,PWRWND018,2036,7.19
KENYA,PWRWND018,2037,7.166
KENYA,PWRWND018,2038,7.142
KENYA,PWRWND018,2039,7.119
KENYA,PWRWND018,2040,7.095
KENYA,PWRWND018,2041,7.095
KENYA,PWRWND018,2042,7.095
KENYA,PWRWND018,2043,7.095
KENYA,PWRWND018,2044,7.095
KENYA,PWRWND018,2045,7.095
KENYA,PWRWND018,2046,7.095
KENYA,PWRWND018,2047,7.095
KENYA,PWRWND018,2048,7.095
KENYA,PWRWND018,2049,7.095
KENYA,PWRWND018,2050,7.095
KENYA,PWRWND026,2031,2.9244
KENYA,PWRWND026,2032,2.9148
KENYA,PWRWND026,2033,2.9052
KENYA,PWRWND026,2034,2.8952
KENYA,PWRWND026,2035,2.8856
KENYA,PWRWND026,2036,2.876
KENYA,PWRWND026,2037,2.8664
KENYA,PWRWND026,2038,2.8568
KENYA,PWRWND026,2039,2.8476
KENYA,PWRWND026,2040,2.838
KENYA,PWRWND026,2041,2.838
KENYA,PWRWND026,2042,2.838
KENYA,PWRWND026,2043,2.838
KENYA,PWRWND026,2044,2.838
KENYA,PWRWND026,2045,2.838
KENYA,PWRWND026,2046,2.838
KENYA,PWRWND026,2047,2.838
KENYA,PWRWND026,2048,2.838
KENYA,PWRWND026,2049,2.838
KENYA,PWRWND026,2050,2.838
KENYA,PWRWND027,2033,3.6315
KENYA,PWRWND027,2034,3.619
KENYA,PWRWND027,2035,3.607
KENYA,PWRWND027,2036,3.595
KENYA,PWRWND027,2037,3.583
KENYA,PWRWND027,2038,3.571
KENYA,PWRWND027,2039,3.5595
KENYA,PWRWND027,2040,3.5475
KENYA,PWRWND027,2041,3.5475
KENYA,PWRWND027,2042,3.5475
KENYA,PWRWND027,2043,3.5475
KENYA,PWRWND027,2044,3.5475
KENYA,PWRWND027,2045,3.5475
KENYA,PWRWND027,2046,3.5475
KENYA,PWRWND027,2047,3.5475
KENYA,PWRWND027,2048,3.5475
KENYA,PWRWND027,2049,3.5475
KENYA,PWRWND027,2050,3.5475
KENYA,PWRWND101,2026,0.7434
KENYA,PWRWND101,2027,1.6502
KENYA,PWRWND101,2028,2.7565
KENYA,PWRWND101,2029,4.1067
KENYA,PWRWND101,2030,5.7561
KENYA,PWRWND101,2031,7.7698
KENYA,PWRWND101,2032,10.231
KENYA,PWRWND101,2033,13.2384
KENYA,PWRWND101,2034,16.9113
KENYA,PWRWND101,2035,21.4028
KENYA,PWRWND101,2036,26.8929
KENYA,PWRWND101,2037,33.604
KENYA,PWRWND101,2038,41.8083
KENYA,PWRWND101,2039,51.8454
KENYA,PWRWND101,2040,64.1094
KENYA,PWRWND101,2041,79.3717
KENYA,PWRWND101,2042,98.0986
KENYA,PWRWND101,2043,121.0765
KENYA,PWRWND101,2044,149.2703
KENYA,PWRWND101,2045,183.8642
KENYA,PWRWND101,2046,225.6014
KENYA,PWRWND101,2047,276.6518
KENYA,PWRWND101,2048,339.0931
KENYA,PWRWND101,2049,415.4661
KENYA,PWRWND101,2050,508.8782
