r,t,y,AnnualVariableOperatingCost
KENYA,BESS_TECH,2028,0.001
KENYA,BESS_TECH,2029,0.0015
KENYA,BESS_TECH,2030,0.002
KENYA,BESS_TECH,2031,0.002
KENYA,BESS_TECH,2032,0.0023
KENYA,BESS_TECH,2033,0.0024
KENYA,BESS_TECH,2034,0.0034
KENYA,BESS_TECH,2035,0.0035
KENYA,BESS_TECH,2036,0.0036
KENYA,BESS_TECH,2037,0.0036
KENYA,BESS_TECH,2038,0.0015
KENYA,BESS_TECH,2039,0.0014
KENYA,BESS_TECH,2041,0.0019
KENYA,BESS_TECH,2042,0.002
KENYA,BESS_TECH,2043,0.0058
KENYA,BESS_TECH,2044,0.0083
KENYA,BESS_TECH,2045,0.014
KENYA,BESS_TECH,2046,0.0233
KENYA,BESS_TECH,2047,0.0323
KENYA,BESS_TECH,2048,0.0347
KENYA,BESS_TECH,2049,0.0379
KENYA,BESS_TECH,2050,0.0435
KENYA,DEMCOMELC,2019,0.0063
KENYA,DEMCOMELC,2020,0.0064
KENYA,DEMCOMELC,2021,0.0067
KENYA,DEMCOMELC,2022,0.0069
KENYA,DEMCOMELC,2023,0.0071
KENYA,DEMCOMELC,2024,0.0073
KENYA,DEMCOMELC,2025,0.0076
KENYA,DEMCOMELC,2026,0.0083
KENYA,DEMCOMELC,2027,0.009
KENYA,DEMCOMELC,2028,0.0099
KENYA,DEMCOMELC,2029,0.0108
KENYA,DEMCOMELC,2030,0.0117
KENYA,DEMCOMELC,2031,0.0128
KENYA,DEMCOMELC,2032,0.014
KENYA,DEMCOMELC,2033,0.0153
KENYA,DEMCOMELC,2034,0.0166
KENYA,DEMCOMELC,2035,0.0182
KENYA,DEMCOMELC,2036,0.0198
KENYA,DEMCOMELC,2037,0.0216
KENYA,DEMCOMELC,2038,0.0236
KENYA,DEMCOMELC,2039,0.0257
KENYA,DEMCOMELC,2040,0.0281
KENYA,DEMCOMELC,2041,0.0306
KENYA,DEMCOMELC,2042,0.0332
KENYA,DEMCOMELC,2043,0.0359
KENYA,DEMCOMELC,2044,0.0388
KENYA,DEMCOMELC,2045,0.0419
KENYA,DEMCOMELC,2046,0.0454
KENYA,DEMCOMELC,2047,0.0491
KENYA,DEMCOMELC,2048,0.0531
KENYA,DEMCOMELC,2049,0.0574
KENYA,DEMCOMELC,2050,0.0621
KENYA,DEMINDELC,2019,0.0216
KENYA,DEMINDELC,2020,0.0219
KENYA,DEMINDELC,2021,0.0229
KENYA,DEMINDELC,2022,0.0237
KENYA,DEMINDELC,2023,0.0244
KENYA,DEMINDELC,2024,0.0253
KENYA,DEMINDELC,2025,0.0262
KENYA,DEMINDELC,2026,0.0286
KENYA,DEMINDELC,2027,0.0312
KENYA,DEMINDELC,2028,0.034
KENYA,DEMINDELC,2029,0.0371
KENYA,DEMINDELC,2030,0.0405
KENYA,DEMINDELC,2031,0.0441
KENYA,DEMINDELC,2032,0.0482
KENYA,DEMINDELC,2033,0.0525
KENYA,DEMINDELC,2034,0.0573
KENYA,DEMINDELC,2035,0.0625
KENYA,DEMINDELC,2036,0.0682
KENYA,DEMINDELC,2037,0.0744
KENYA,DEMINDELC,2038,0.0812
KENYA,DEMINDELC,2039,0.0886
KENYA,DEMINDELC,2040,0.0967
KENYA,DEMINDELC,2041,0.1055
KENYA,DEMINDELC,2042,0.1142
KENYA,DEMINDELC,2043,0.1235
KENYA,DEMINDELC,2044,0.1336
KENYA,DEMINDELC,2045,0.1445
KENYA,DEMINDELC,2046,0.1563
KENYA,DEMINDELC,2047,0.169
KENYA,DEMINDELC,2048,0.1828
KENYA,DEMINDELC,2049,0.1977
KENYA,DEMINDELC,2050,0.2138
KENYA,DEMRESELC,2019,0.0138
KENYA,DEMRESELC,2020,0.014
KENYA,DEMRESELC,2021,0.0147
KENYA,DEMRESELC,2022,0.0152
KENYA,DEMRESELC,2023,0.0156
KENYA,DEMRESELC,2024,0.0162
KENYA,DEMRESELC,2025,0.0167
KENYA,DEMRESELC,2026,0.0183
KENYA,DEMRESELC,2027,0.0199
KENYA,DEMRESELC,2028,0.0217
KENYA,DEMRESELC,2029,0.0237
KENYA,DEMRESELC,2030,0.0259
KENYA,DEMRESELC,2031,0.0282
KENYA,DEMRESELC,2032,0.0308
KENYA,DEMRESELC,2033,0.0336
KENYA,DEMRESELC,2034,0.0367
KENYA,DEMRESELC,2035,0.04
KENYA,DEMRESELC,2036,0.0436
KENYA,DEMRESELC,2037,0.0476
KENYA,DEMRESELC,2038,0.0519
KENYA,DEMRESELC,2039,0.0567
KENYA,DEMRESELC,2040,0.0618
KENYA,DEMRESELC,2041,0.0674
KENYA,DEMRESELC,2042,0.073
KENYA,DEMRESELC,2043,0.079
KENYA,DEMRESELC,2044,0.0854
KENYA,DEMRESELC,2045,0.0924
KENYA,DEMRESELC,2046,0.1
KENYA,DEMRESELC,2047,0.1081
KENYA,DEMRESELC,2048,0.1169
KENYA,DEMRESELC,2049,0.1264
KENYA,DEMRESELC,2050,0.1368
KENYA,IMPELC001,2022,54.7567
KENYA,IMPELC001,2023,50.9675
KENYA,IMPELC001,2024,75.4982
KENYA,IMPELC001,2025,49.4469
KENYA,IMPELC001,2026,55.9948
KENYA,IMPELC001,2027,109.3034
KENYA,IMPELC001,2028,122.4684
KENYA,IMPELC001,2029,111.5196
KENYA,IMPELC001,2030,153.4342
KENYA,IMPELC001,2031,156.4332
KENYA,IMPELC001,2032,180.0127
KENYA,IMPELC001,2033,180.0127
KENYA,IMPELC001,2034,180.0127
KENYA,IMPELC001,2035,180.0127
KENYA,IMPELC001,2036,180.0127
KENYA,IMPELC001,2037,180.0127
KENYA,IMPELC001,2038,180.0127
KENYA,IMPELC001,2039,180.0127
KENYA,IMPELC001,2040,180.0127
KENYA,IMPELC001,2041,180.0127
KENYA,IMPELC001,2042,180.0127
KENYA,IMPELC001,2043,180.0127
KENYA,IMPELC001,2044,180.0127
KENYA,IMPELC001,2045,180.0127
KENYA,IMPELC001,2046,180.0127
KENYA,IMPELC001,2047,113.248
KENYA,IMPELC001,2048,120.1693
KENYA,IMPELC001,2049,127.4172
KENYA,IMPELC001,2050,117.6426
KENYA,IMPHFOMOM,2019,66.7615
KENYA,IMPHFOMOM,2020,73.5562
KENYA,IMPHFOMOM,2021,80.5236
KENYA,IMPHFOMOM,2022,32.5662
KENYA,IMPHFOMOM,2023,32.3901
KENYA,IMPHFOMOM,2024,42.7806
KENYA,IMPHFOMOM,2025,30.8145
KENYA,IMPHFOMOM,2026,9.1309
KENYA,IMPHFOMOM,2027,21.7656
KENYA,IMPHFOMOM,2028,26.9283
KENYA,IMPHFOMOM,2029,27.0706
KENYA,IMPHFOMOM,2030,16.6771
KENYA,IMPHFONAI,2019,6.9113
KENYA,IMPHFONAI,2020,9.0336
KENYA,IMPHFONAI,2021,10.7046
KENYA,IMPHFONAI,2022,0.6142
KENYA,IMPHFONAI,2023,0.7841
KENYA,IMPHFONAI,2024,3.0193
KENYA,IMPHFONAI,2025,3.0079
KENYA,IMPHFONAI,2026,0.7648
KENYA,IMPHFONAI,2027,7.8263
KENYA,IMPHFONAI,2028,13.0849
KENYA,IMPHFONAI,2029,13.6662
KENYA,IMPHFONAI,2030,48.1272
KENYA,IMPHFONAI,2031,50.3568
KENYA,IMPHFONAI,2032,72.9199
KENYA,IMPHFONAI,2033,125.9069
KENYA,IMPHFONAI,2034,25.8056
KENYA,IMPHFONAI,2035,49.2911
KENYA,IMPNGS,2030,5.2619
KENYA,IMPNGS,2031,34.2058
KENYA,IMPNGS,2032,70.623
KENYA,IMPNGS,2033,118.64
KENYA,IMPNGS,2034,289.2712
KENYA,IMPNGS,2035,436.9478
KENYA,IMPNGS,2036,354.1417
KENYA,IMPNGS,2037,455.9594
KENYA,IMPNGS,2038,748.6898
KENYA,IMPNGS,2039,586.0039
KENYA,IMPNGS,2040,503.8842
KENYA,IMPNGS,2041,830.0742
KENYA,IMPNGS,2042,805.3371
KENYA,IMPNGS,2043,954.2339
KENYA,IMPNGS,2044,1016.187
KENYA,IMPNGS,2045,1109.7354
KENYA,IMPNGS,2046,1064.4711
KENYA,IMPNGS,2047,1172.9
KENYA,IMPNGS,2048,1297.3806
KENYA,IMPNGS,2049,1439.9902
KENYA,IMPNGS,2050,1573.6606
KENYA,IMPURN,2036,30.7011
KENYA,IMPURN,2037,30.7011
KENYA,IMPURN,2038,30.7011
KENYA,IMPURN,2039,61.4022
KENYA,IMPURN,2040,61.4022
KENYA,IMPURN,2041,61.4022
KENYA,IMPURN,2042,92.1032
KENYA,IMPURN,2043,92.1032
KENYA,IMPURN,2044,92.1032
KENYA,IMPURN,2045,92.1032
KENYA,IMPURN,2046,92.1032
KENYA,IMPURN,2047,92.1032
KENYA,IMPURN,2048,92.1032
KENYA,IMPURN,2049,92.1032
KENYA,IMPURN,2050,92.1032
KENYA,MINBIO,2019,0.1443
KENYA,MINBIO,2020,0.1443
KENYA,MINBIO,2021,0.1443
KENYA,MINBIO,2022,0.1443
KENYA,MINBIO,2023,0.2453
KENYA,MINBIO,2024,0.2453
KENYA,MINBIO,2025,0.2453
KENYA,MINBIO,2026,0.9667
KENYA,MINBIO,2027,0.9667
KENYA,MINBIO,2028,1.5438
KENYA,MINBIO,2029,1.5438
KENYA,MINBIO,2030,5.0209
KENYA,MINBIO,2031,6.4637
KENYA,MINBIO,2032,7.2428
KENYA,MINBIO,2033,7.4593
KENYA,MINBIO,2034,7.8921
KENYA,MINBIO,2035,7.9138
KENYA,MINBIO,2036,8.5558
KENYA,MINBIO,2037,9.1978
KENYA,MINBIO,2038,9.8399
KENYA,MINBIO,2039,10.4819
KENYA,MINBIO,2040,11.124
KENYA,MINBIO,2041,11.766
KENYA,MINBIO,2042,12.4081
KENYA,MINBIO,2043,13.0501
KENYA,MINBIO,2044,13.6922
KENYA,MINBIO,2045,14.3342
KENYA,MINBIO,2046,14.9763
KENYA,MINBIO,2047,15.6183
KENYA,MINBIO,2048,16.2603
KENYA,MINBIO,2049,16.9024
KENYA,MINBIO,2050,17.5444
KENYA,MINGEO,2019,0.07
KENYA,MINGEO,2020,0.07
KENYA,MINGEO,2021,0.07
KENYA,MINGEO,2022,0.0774
KENYA,MINGEO,2023,0.0805
KENYA,MINGEO,2024,0.0779
KENYA,MINGEO,2025,0.0883
KENYA,MINGEO,2026,0.1006
KENYA,MINGEO,2027,0.103
KENYA,MINGEO,2028,0.1112
KENYA,MINGEO,2029,0.1299
KENYA,MINGEO,2030,0.1329
KENYA,MINGEO,2031,0.1478
KENYA,MINGEO,2032,0.1522
KENYA,MINGEO,2033,0.1567
KENYA,MINGEO,2034,0.1737
KENYA,MINGEO,2035,0.1795
KENYA,MINGEO,2036,0.1978
KENYA,MINGEO,2037,0.2137
KENYA,MINGEO,2038,0.2254
KENYA,MINGEO,2039,0.2509
KENYA,MINGEO,2040,0.2946
KENYA,MINGEO,2041,0.2885
KENYA,MINGEO,2042,0.2997
KENYA,MINGEO,2043,0.3055
KENYA,MINGEO,2044,0.3182
KENYA,MINGEO,2045,0.3183
KENYA,MINGEO,2046,0.3337
KENYA,MINGEO,2047,0.3431
KENYA,MINGEO,2048,0.3582
KENYA,MINGEO,2049,0.3789
KENYA,MINGEO,2050,0.3961
KENYA,MINHYD,2019,0.0128
KENYA,MINHYD,2020,0.013
KENYA,MINHYD,2021,0.0132
KENYA,MINHYD,2022,0.0135
KENYA,MINHYD,2023,0.0138
KENYA,MINHYD,2024,0.0141
KENYA,MINHYD,2025,0.0145
KENYA,MINHYD,2026,0.0151
KENYA,MINHYD,2027,0.0157
KENYA,MINHYD,2028,0.0161
KENYA,MINHYD,2029,0.0167
KENYA,MINHYD,2030,0.0177
KENYA,MINHYD,2031,0.0186
KENYA,MINHYD,2032,0.0194
KENYA,MINHYD,2033,0.0217
KENYA,MINHYD,2034,0.0227
KENYA,MINHYD,2035,0.0242
KENYA,MINHYD,2036,0.0254
KENYA,MINHYD,2037,0.027
KENYA,MINHYD,2038,0.0286
KENYA,MINHYD,2039,0.0298
KENYA,MINHYD,2040,0.031
KENYA,MINHYD,2041,0.0324
KENYA,MINHYD,2042,0.0323
KENYA,MINHYD,2043,0.0344
KENYA,MINHYD,2044,0.0368
KENYA,MINHYD,2045,0.0395
KENYA,MINHYD,2046,0.042
KENYA,MINHYD,2047,0.0444
KENYA,MINHYD,2048,0.047
KENYA,MINHYD,2049,0.0471
KENYA,MINHYD,2050,0.0473
KENYA,MINSOL,2019,0.0003
KENYA,MINSOL,2020,0.0003
KENYA,MINSOL,2021,0.0008
KENYA,MINSOL,2022,0.0011
KENYA,MINSOL,2023,0.0013
KENYA,MINSOL,2024,0.0016
KENYA,MINSOL,2025,0.0016
KENYA,MINSOL,2026,0.0019
KENYA,MINSOL,2027,0.0019
KENYA,MINSOL,2028,0.0021
KENYA,MINSOL,2029,0.0022
KENYA,MINSOL,2030,0.0024
KENYA,MINSOL,2031,0.0026
KENYA,MINSOL,2032,0.004
KENYA,MINSOL,2033,0.0044
KENYA,MINSOL,2034,0.0049
KENYA,MINSOL,2035,0.0057
KENYA,MINSOL,2036,0.0066
KENYA,MINSOL,2037,0.0079
KENYA,MINSOL,2038,0.0093
KENYA,MINSOL,2039,0.0115
KENYA,MINSOL,2040,0.0144
KENYA,MINSOL,2041,0.0177
KENYA,MINSOL,2042,0.0224
KENYA,MINSOL,2043,0.0288
KENYA,MINSOL,2044,0.0372
KENYA,MINSOL,2045,0.0486
KENYA,MINSOL,2046,0.0633
KENYA,MINSOL,2047,0.0763
KENYA,MINSOL,2048,0.0826
KENYA,MINSOL,2049,0.0885
KENYA,MINSOL,2050,0.0964
KENYA,MINWND,2019,0.0055
KENYA,MINWND,2020,0.0055
KENYA,MINWND,2021,0.0069
KENYA,MINWND,2022,0.0069
KENYA,MINWND,2023,0.0069
KENYA,MINWND,2024,0.0069
KENYA,MINWND,2025,0.0071
KENYA,MINWND,2026,0.0078
KENYA,MINWND,2027,0.008
KENYA,MINWND,2028,0.0094
KENYA,MINWND,2029,0.0096
KENYA,MINWND,2030,0.0103
KENYA,MINWND,2031,0.0111
KENYA,MINWND,2032,0.0116
KENYA,MINWND,2033,0.0125
KENYA,MINWND,2034,0.0131
KENYA,MINWND,2035,0.0137
KENYA,MINWND,2036,0.0147
KENYA,MINWND,2037,0.0159
KENYA,MINWND,2038,0.0139
KENYA,MINWND,2039,0.014
KENYA,MINWND,2040,0.0162
KENYA,MINWND,2041,0.0175
KENYA,MINWND,2042,0.0208
KENYA,MINWND,2043,0.0249
KENYA,MINWND,2044,0.0299
KENYA,MINWND,2045,0.036
KENYA,MINWND,2046,0.0428
KENYA,MINWND,2047,0.0519
KENYA,MINWND,2048,0.063
KENYA,MINWND,2049,0.0767
KENYA,MINWND,2050,0.0933
KENYA,PWRBIO001,2019,0.0
KENYA,PWRBIO001,2020,0.0
KENYA,PWRBIO001,2021,0.0
KENYA,PWRBIO001,2022,0.0
KENYA,PWRBIO001,2023,0.0001
KENYA,PWRBIO001,2024,0.0001
KENYA,PWRBIO001,2025,0.0001
KENYA,PWRBIO001,2026,0.0002
KENYA,PWRBIO001,2027,0.0002
KENYA,PWRBIO001,2028,0.0003
KENYA,PWRBIO001,2029,0.0003
KENYA,PWRBIO001,2030,0.0011
KENYA,PWRBIO001,2031,0.0014
KENYA,PWRBIO001,2032,0.0016
KENYA,PWRBIO001,2033,0.0016
KENYA,PWRBIO001,2034,0.0017
KENYA,PWRBIO001,2035,0.0017
KENYA,PWRBIO001,2036,0.0019
KENYA,PWRBIO001,2037,0.002
KENYA,PWRBIO001,2038,0.0022
KENYA,PWRBIO001,2039,0.0023
KENYA,PWRBIO001,2040,0.0024
KENYA,PWRBIO001,2041,0.0026
KENYA,PWRBIO001,2042,0.0027
KENYA,PWRBIO001,2043,0.0029
KENYA,PWRBIO001,2044,0.003
KENYA,PWRBIO001,2045,0.0031
KENYA,PWRBIO001,2046,0.0033
KENYA,PWRBIO001,2047,0.0034
KENYA,PWRBIO001,2048,0.0036
KENYA,PWRBIO001,2049,0.0037
KENYA,PWRBIO001,2050,0.0038
KENYA,PWRDIST,2019,0.0453
KENYA,PWRDIST,2020,0.0461
KENYA,PWRDIST,2021,0.0481
KENYA,PWRDIST,2022,0.0497
KENYA,PWRDIST,2023,0.0511
KENYA,PWRDIST,2024,0.0527
KENYA,PWRDIST,2025,0.0546
KENYA,PWRDIST,2026,0.0592
KENYA,PWRDIST,2027,0.0644
KENYA,PWRDIST,2028,0.0702
KENYA,PWRDIST,2029,0.0765
KENYA,PWRDIST,2030,0.083
KENYA,PWRDIST,2031,0.0901
KENYA,PWRDIST,2032,0.0982
KENYA,PWRDIST,2033,0.1067
KENYA,PWRDIST,2034,0.1162
KENYA,PWRDIST,2035,0.1264
KENYA,PWRDIST,2036,0.1377
KENYA,PWRDIST,2037,0.1504
KENYA,PWRDIST,2038,0.1642
KENYA,PWRDIST,2039,0.1792
KENYA,PWRDIST,2040,0.1956
KENYA,PWRDIST,2041,0.2135
KENYA,PWRDIST,2042,0.2313
KENYA,PWRDIST,2043,0.2501
KENYA,PWRDIST,2044,0.2705
KENYA,PWRDIST,2045,0.2925
KENYA,PWRDIST,2046,0.3162
KENYA,PWRDIST,2047,0.3419
KENYA,PWRDIST,2048,0.3696
KENYA,PWRDIST,2049,0.3996
KENYA,PWRDIST,2050,0.4319
KENYA,PWRGEO001,2019,0.0894
KENYA,PWRGEO001,2020,0.0894
KENYA,PWRGEO001,2021,0.0894
KENYA,PWRGEO001,2022,0.0894
KENYA,PWRGEO001,2023,0.0894
KENYA,PWRGEO002,2019,0.8347
KENYA,PWRGEO002,2020,0.8347
KENYA,PWRGEO002,2021,0.8347
KENYA,PWRGEO002,2022,0.8347
KENYA,PWRGEO002,2023,0.8347
KENYA,PWRGEO002,2024,0.8347
KENYA,PWRGEO002,2025,0.8347
KENYA,PWRGEO002,2026,0.8347
KENYA,PWRGEO002,2027,0.8347
KENYA,PWRGEO002,2028,0.8347
KENYA,PWRGEO002,2029,0.8347
KENYA,PWRGEO002,2030,0.8347
KENYA,PWRGEO002,2031,0.8347
KENYA,PWRGEO002,2032,0.8347
KENYA,PWRGEO002,2033,0.8347
KENYA,PWRGEO002,2034,0.8347
KENYA,PWRGEO002,2035,0.8347
KENYA,PWRGEO002,2036,0.8347
KENYA,PWRGEO002,2037,0.8347
KENYA,PWRGEO002,2038,0.8347
KENYA,PWRGEO002,2039,0.8347
KENYA,PWRGEO002,2040,0.8347
KENYA,PWRGEO003,2019,0.6022
KENYA,PWRGEO003,2020,0.6022
KENYA,PWRGEO003,2021,0.6022
KENYA,PWRGEO003,2022,0.6022
KENYA,PWRGEO003,2023,0.6022
KENYA,PWRGEO003,2024,0.6022
KENYA,PWRGEO003,2025,0.6022
KENYA,PWRGEO003,2026,0.6022
KENYA,PWRGEO003,2027,0.6022
KENYA,PWRGEO003,2028,0.6022
KENYA,PWRGEO004,2019,0.3804
KENYA,PWRGEO004,2020,0.3804
KENYA,PWRGEO004,2021,0.3804
KENYA,PWRGEO004,2022,0.3804
KENYA,PWRGEO004,2023,0.3804
KENYA,PWRGEO004,2024,0.3804
KENYA,PWRGEO004,2025,0.3804
KENYA,PWRGEO004,2026,0.3804
KENYA,PWRGEO004,2027,0.3804
KENYA,PWRGEO004,2028,0.3804
KENYA,PWRGEO004,2029,0.3804
KENYA,PWRGEO004,2030,0.3804
KENYA,PWRGEO004,2031,0.3804
KENYA,PWRGEO004,2032,0.3804
KENYA,PWRGEO004,2033,0.3804
KENYA,PWRGEO004,2034,0.3804
KENYA,PWRGEO004,2035,0.3804
KENYA,PWRGEO004,2036,0.3804
KENYA,PWRGEO004,2037,0.3804
KENYA,PWRGEO004,2038,0.3804
KENYA,PWRGEO004,2039,0.3804
KENYA,PWRGEO004,2040,0.3804
KENYA,PWRGEO004,2041,0.3804
KENYA,PWRGEO004,2042,0.3804
KENYA,PWRGEO005,2019,0.2361
KENYA,PWRGEO005,2020,0.2361
KENYA,PWRGEO005,2021,0.2361
KENYA,PWRGEO005,2022,0.2361
KENYA,PWRGEO005,2023,0.2361
KENYA,PWRGEO005,2024,0.2361
KENYA,PWRGEO005,2025,0.2361
KENYA,PWRGEO005,2026,0.2361
KENYA,PWRGEO005,2027,0.2361
KENYA,PWRGEO005,2028,0.2361
KENYA,PWRGEO005,2029,0.2361
KENYA,PWRGEO005,2030,0.2361
KENYA,PWRGEO005,2031,0.2361
KENYA,PWRGEO005,2032,0.2361
KENYA,PWRGEO005,2033,0.2361
KENYA,PWRGEO005,2034,0.2361
KENYA,PWRGEO005,2035,0.2361
KENYA,PWRGEO005,2036,0.2361
KENYA,PWRGEO005,2037,0.2361
KENYA,PWRGEO006,2019,0.8347
KENYA,PWRGEO006,2020,0.8347
KENYA,PWRGEO006,2021,0.8347
KENYA,PWRGEO006,2022,0.8347
KENYA,PWRGEO006,2023,0.8347
KENYA,PWRGEO006,2024,0.8347
KENYA,PWRGEO006,2025,0.8347
KENYA,PWRGEO006,2026,0.8347
KENYA,PWRGEO006,2027,0.8347
KENYA,PWRGEO006,2028,0.8347
KENYA,PWRGEO006,2029,0.8347
KENYA,PWRGEO006,2030,0.8347
KENYA,PWRGEO006,2031,0.8347
KENYA,PWRGEO006,2032,0.8347
KENYA,PWRGEO006,2033,0.8347
KENYA,PWRGEO006,2034,0.8347
KENYA,PWRGEO006,2035,0.8347
KENYA,PWRGEO006,2036,0.8347
KENYA,PWRGEO006,2037,0.8347
KENYA,PWRGEO006,2038,0.8347
KENYA,PWRGEO006,2039,0.8347
KENYA,PWRGEO007,2019,0.2659
KENYA,PWRGEO007,2020,0.2659
KENYA,PWRGEO007,2021,0.2659
KENYA,PWRGEO007,2022,0.2659
KENYA,PWRGEO007,2023,0.2659
KENYA,PWRGEO007,2024,0.2659
KENYA,PWRGEO007,2025,0.2659
KENYA,PWRGEO007,2026,0.2659
KENYA,PWRGEO008,2019,0.1729
KENYA,PWRGEO008,2020,0.1729
KENYA,PWRGEO008,2021,0.1729
KENYA,PWRGEO008,2022,0.1729
KENYA,PWRGEO008,2023,0.1729
KENYA,PWRGEO008,2024,0.1729
KENYA,PWRGEO008,2025,0.1729
KENYA,PWRGEO008,2026,0.1729
KENYA,PWRGEO008,2027,0.1729
KENYA,PWRGEO008,2028,0.1729
KENYA,PWRGEO008,2029,0.1729
KENYA,PWRGEO008,2030,0.1729
KENYA,PWRGEO008,2031,0.1729
KENYA,PWRGEO008,2032,0.1729
KENYA,PWRGEO008,2033,0.1729
KENYA,PWRGEO008,2034,0.1729
KENYA,PWRGEO008,2035,0.1729
KENYA,PWRGEO008,2036,0.1729
KENYA,PWRGEO008,2037,0.1729
KENYA,PWRGEO008,2038,0.1729
KENYA,PWRGEO008,2039,0.1729
KENYA,PWRGEO008,2040,0.1729
KENYA,PWRGEO009,2019,0.164
KENYA,PWRGEO009,2020,0.164
KENYA,PWRGEO009,2021,0.164
KENYA,PWRGEO009,2022,0.164
KENYA,PWRGEO009,2023,0.164
KENYA,PWRGEO009,2024,0.164
KENYA,PWRGEO009,2025,0.164
KENYA,PWRGEO009,2026,0.164
KENYA,PWRGEO009,2027,0.164
KENYA,PWRGEO009,2028,0.164
KENYA,PWRGEO009,2029,0.164
KENYA,PWRGEO009,2030,0.164
KENYA,PWRGEO010,2023,0.2087
KENYA,PWRGEO010,2024,0.2087
KENYA,PWRGEO010,2025,0.2087
KENYA,PWRGEO010,2026,0.2087
KENYA,PWRGEO010,2027,0.2087
KENYA,PWRGEO010,2028,0.2087
KENYA,PWRGEO010,2029,0.2087
KENYA,PWRGEO010,2030,0.2087
KENYA,PWRGEO010,2031,0.2087
KENYA,PWRGEO010,2032,0.2087
KENYA,PWRGEO010,2033,0.2087
KENYA,PWRGEO010,2034,0.2087
KENYA,PWRGEO010,2035,0.2087
KENYA,PWRGEO010,2036,0.2087
KENYA,PWRGEO010,2037,0.2087
KENYA,PWRGEO010,2038,0.2087
KENYA,PWRGEO010,2039,0.2087
KENYA,PWRGEO010,2040,0.2087
KENYA,PWRGEO010,2041,0.2087
KENYA,PWRGEO010,2042,0.2087
KENYA,PWRGEO010,2043,0.2087
KENYA,PWRGEO010,2044,0.2087
KENYA,PWRGEO010,2045,0.2087
KENYA,PWRGEO010,2046,0.2087
KENYA,PWRGEO010,2047,0.2087
KENYA,PWRGEO011,2022,0.4967
KENYA,PWRGEO011,2023,0.4967
KENYA,PWRGEO011,2024,0.4967
KENYA,PWRGEO011,2025,0.4967
KENYA,PWRGEO011,2026,0.4967
KENYA,PWRGEO011,2027,0.4967
KENYA,PWRGEO011,2028,0.4967
KENYA,PWRGEO011,2029,0.4967
KENYA,PWRGEO011,2030,0.4967
KENYA,PWRGEO011,2031,0.4967
KENYA,PWRGEO011,2032,0.4967
KENYA,PWRGEO011,2033,0.4967
KENYA,PWRGEO011,2034,0.4967
KENYA,PWRGEO011,2035,0.4967
KENYA,PWRGEO011,2036,0.4967
KENYA,PWRGEO011,2037,0.4967
KENYA,PWRGEO011,2038,0.4967
KENYA,PWRGEO011,2039,0.4967
KENYA,PWRGEO011,2040,0.4967
KENYA,PWRGEO011,2041,0.4967
KENYA,PWRGEO011,2042,0.4967
KENYA,PWRGEO011,2043,0.4967
KENYA,PWRGEO011,2044,0.4967
KENYA,PWRGEO011,2045,0.4967
KENYA,PWRGEO011,2046,0.4967
KENYA,PWRGEO012,2019,0.942
KENYA,PWRGEO012,2020,0.942
KENYA,PWRGEO012,2021,0.942
KENYA,PWRGEO012,2022,0.942
KENYA,PWRGEO012,2023,0.942
KENYA,PWRGEO012,2024,0.942
KENYA,PWRGEO012,2025,0.942
KENYA,PWRGEO012,2026,0.942
KENYA,PWRGEO012,2027,0.942
KENYA,PWRGEO012,2028,0.942
KENYA,PWRGEO012,2029,0.942
KENYA,PWRGEO012,2030,0.942
KENYA,PWRGEO012,2031,0.942
KENYA,PWRGEO012,2032,0.942
KENYA,PWRGEO012,2033,0.942
KENYA,PWRGEO012,2034,0.942
KENYA,PWRGEO012,2035,0.942
KENYA,PWRGEO012,2036,0.942
KENYA,PWRGEO012,2037,0.942
KENYA,PWRGEO012,2038,0.942
KENYA,PWRGEO012,2039,0.942
KENYA,PWRGEO012,2040,0.942
KENYA,PWRGEO012,2041,0.942
KENYA,PWRGEO012,2042,0.942
KENYA,PWRGEO012,2043,0.942
KENYA,PWRGEO012,2044,0.942
KENYA,PWRGEO013,2029,0.8347
KENYA,PWRGEO013,2030,0.8347
KENYA,PWRGEO013,2031,0.8347
KENYA,PWRGEO013,2032,0.8347
KENYA,PWRGEO013,2033,0.8347
KENYA,PWRGEO013,2034,0.8347
KENYA,PWRGEO013,2035,0.8347
KENYA,PWRGEO013,2036,0.8347
KENYA,PWRGEO013,2037,0.8347
KENYA,PWRGEO013,2038,0.8347
KENYA,PWRGEO013,2039,0.8347
KENYA,PWRGEO013,2040,0.8347
KENYA,PWRGEO013,2041,0.8347
KENYA,PWRGEO013,2042,0.8347
KENYA,PWRGEO013,2043,0.8347
KENYA,PWRGEO013,2044,0.8347
KENYA,PWRGEO013,2045,0.8347
KENYA,PWRGEO013,2046,0.8347
KENYA,PWRGEO013,2047,0.8347
KENYA,PWRGEO013,2048,0.8347
KENYA,PWRGEO013,2049,0.8347
KENYA,PWRGEO013,2050,0.8347
KENYA,PWRGEO014,2029,0.8347
KENYA,PWRGEO014,2030,0.8347
KENYA,PWRGEO014,2031,0.8347
KENYA,PWRGEO014,2032,0.8347
KENYA,PWRGEO014,2033,0.8347
KENYA,PWRGEO014,2034,0.8347
KENYA,PWRGEO014,2035,0.8347
KENYA,PWRGEO014,2036,0.8347
KENYA,PWRGEO014,2037,0.8347
KENYA,PWRGEO014,2038,0.8347
KENYA,PWRGEO014,2039,0.8347
KENYA,PWRGEO014,2040,0.8347
KENYA,PWRGEO014,2041,0.8347
KENYA,PWRGEO014,2042,0.8347
KENYA,PWRGEO014,2043,0.8347
KENYA,PWRGEO014,2044,0.8347
KENYA,PWRGEO014,2045,0.8347
KENYA,PWRGEO014,2046,0.8347
KENYA,PWRGEO014,2047,0.8347
KENYA,PWRGEO014,2048,0.8347
KENYA,PWRGEO014,2049,0.8347
KENYA,PWRGEO014,2050,0.8347
KENYA,PWRGEO015,2034,0.8347
KENYA,PWRGEO015,2035,0.8347
KENYA,PWRGEO015,2036,0.8347
KENYA,PWRGEO015,2037,0.8347
KENYA,PWRGEO015,2038,0.8347
KENYA,PWRGEO015,2039,0.8347
KENYA,PWRGEO015,2040,0.8347
KENYA,PWRGEO015,2041,0.8347
KENYA,PWRGEO015,2042,0.8347
KENYA,PWRGEO015,2043,0.8347
KENYA,PWRGEO015,2044,0.8347
KENYA,PWRGEO015,2045,0.8347
KENYA,PWRGEO015,2046,0.8347
KENYA,PWRGEO015,2047,0.8347
KENYA,PWRGEO015,2048,0.8347
KENYA,PWRGEO015,2049,0.8347
KENYA,PWRGEO015,2050,0.8347
KENYA,PWRGEO016,2036,0.8347
KENYA,PWRGEO016,2037,0.8347
KENYA,PWRGEO016,2038,0.8347
KENYA,PWRGEO016,2039,0.8347
KENYA,PWRGEO016,2040,0.8347
KENYA,PWRGEO016,2041,0.8347
KENYA,PWRGEO016,2042,0.8347
KENYA,PWRGEO016,2043,0.8347
KENYA,PWRGEO016,2044,0.8347
KENYA,PWRGEO016,2045,0.8347
KENYA,PWRGEO016,2046,0.8347
KENYA,PWRGEO016,2047,0.8347
KENYA,PWRGEO016,2048,0.8347
KENYA,PWRGEO016,2049,0.8347
KENYA,PWRGEO016,2050,0.8347
KENYA,PWRGEO017,2028,0.1491
KENYA,PWRGEO017,2029,0.1491
KENYA,PWRGEO017,2030,0.1491
KENYA,PWRGEO017,2031,0.1491
KENYA,PWRGEO017,2032,0.1491
KENYA,PWRGEO017,2033,0.1491
KENYA,PWRGEO017,2034,0.1491
KENYA,PWRGEO017,2035,0.1491
KENYA,PWRGEO017,2036,0.1491
KENYA,PWRGEO017,2037,0.1491
KENYA,PWRGEO017,2038,0.1491
KENYA,PWRGEO017,2039,0.1491
KENYA,PWRGEO017,2040,0.1491
KENYA,PWRGEO017,2041,0.1491
KENYA,PWRGEO017,2042,0.1491
KENYA,PWRGEO017,2043,0.1491
KENYA,PWRGEO017,2044,0.1491
KENYA,PWRGEO017,2045,0.1491
KENYA,PWRGEO017,2046,0.1491
KENYA,PWRGEO017,2047,0.1491
KENYA,PWRGEO017,2048,0.1491
KENYA,PWRGEO017,2049,0.1491
KENYA,PWRGEO017,2050,0.1491
KENYA,PWRGEO018,2039,0.3577
KENYA,PWRGEO018,2040,0.3577
KENYA,PWRGEO018,2041,0.3577
KENYA,PWRGEO018,2042,0.3577
KENYA,PWRGEO018,2043,0.3577
KENYA,PWRGEO018,2044,0.3577
KENYA,PWRGEO018,2045,0.3577
KENYA,PWRGEO018,2046,0.3577
KENYA,PWRGEO018,2047,0.3577
KENYA,PWRGEO018,2048,0.3577
KENYA,PWRGEO018,2049,0.3577
KENYA,PWRGEO018,2050,0.3577
KENYA,PWRGEO019,2037,0.5962
KENYA,PWRGEO019,2038,0.5962
KENYA,PWRGEO019,2039,0.5962
KENYA,PWRGEO019,2040,0.5962
KENYA,PWRGEO019,2041,0.5962
KENYA,PWRGEO019,2042,0.5962
KENYA,PWRGEO019,2043,0.5962
KENYA,PWRGEO019,2044,0.5962
KENYA,PWRGEO019,2045,0.5962
KENYA,PWRGEO019,2046,0.5962
KENYA,PWRGEO019,2047,0.5962
KENYA,PWRGEO019,2048,0.5962
KENYA,PWRGEO019,2049,0.5962
KENYA,PWRGEO019,2050,0.5962
KENYA,PWRGEO020,2040,0.5962
KENYA,PWRGEO020,2041,0.5962
KENYA,PWRGEO020,2042,0.5962
KENYA,PWRGEO020,2043,0.5962
KENYA,PWRGEO020,2044,0.5962
KENYA,PWRGEO020,2045,0.5962
KENYA,PWRGEO020,2046,0.5962
KENYA,PWRGEO020,2047,0.5962
KENYA,PWRGEO020,2048,0.5962
KENYA,PWRGEO020,2049,0.5962
KENYA,PWRGEO020,2050,0.5962
KENYA,PWRGEO021,2040,0.5962
KENYA,PWRGEO021,2041,0.5962
KENYA,PWRGEO021,2042,0.5962
KENYA,PWRGEO021,2043,0.5962
KENYA,PWRGEO021,2044,0.5962
KENYA,PWRGEO021,2045,0.5962
KENYA,PWRGEO021,2046,0.5962
KENYA,PWRGEO021,2047,0.5962
KENYA,PWRGEO021,2048,0.5962
KENYA,PWRGEO021,2049,0.5962
KENYA,PWRGEO021,2050,0.5962
KENYA,PWRGEO024,2031,0.5962
KENYA,PWRGEO024,2032,0.5962
KENYA,PWRGEO024,2033,0.5962
KENYA,PWRGEO024,2034,0.5962
KENYA,PWRGEO024,2035,0.5962
KENYA,PWRGEO024,2036,0.5962
KENYA,PWRGEO024,2037,0.5962
KENYA,PWRGEO024,2038,0.5962
KENYA,PWRGEO024,2039,0.5962
KENYA,PWRGEO024,2040,0.5962
KENYA,PWRGEO024,2041,0.5962
KENYA,PWRGEO024,2042,0.5962
KENYA,PWRGEO024,2043,0.5962
KENYA,PWRGEO024,2044,0.5962
KENYA,PWRGEO024,2045,0.5962
KENYA,PWRGEO024,2046,0.5962
KENYA,PWRGEO024,2047,0.5962
KENYA,PWRGEO024,2048,0.5962
KENYA,PWRGEO024,2049,0.5962
KENYA,PWRGEO024,2050,0.5962
KENYA,PWRGEO025,2040,0.5962
KENYA,PWRGEO025,2041,0.5962
KENYA,PWRGEO025,2042,0.5962
KENYA,PWRGEO025,2043,0.5962
KENYA,PWRGEO025,2044,0.5962
KENYA,PWRGEO025,2045,0.5962
KENYA,PWRGEO025,2046,0.5962
KENYA,PWRGEO025,2047,0.5962
KENYA,PWRGEO025,2048,0.5962
KENYA,PWRGEO025,2049,0.5962
KENYA,PWRGEO025,2050,0.5962
KENYA,PWRGEO026,2040,0.5962
KENYA,PWRGEO026,2041,0.5962
KENYA,PWRGEO026,2042,0.5962
KENYA,PWRGEO026,2043,0.5962
KENYA,PWRGEO026,2044,0.5962
KENYA,PWRGEO026,2045,0.5962
KENYA,PWRGEO026,2046,0.5962
KENYA,PWRGEO026,2047,0.5962
KENYA,PWRGEO026,2048,0.5962
KENYA,PWRGEO026,2049,0.5962
KENYA,PWRGEO026,2050,0.5962
KENYA,PWRGEO027,2025,0.2087
KENYA,PWRGEO027,2026,0.2087
KENYA,PWRGEO027,2027,0.2087
KENYA,PWRGEO027,2028,0.2087
KENYA,PWRGEO027,2029,0.2087
KENYA,PWRGEO027,2030,0.2087
KENYA,PWRGEO027,2031,0.2087
KENYA,PWRGEO027,2032,0.2087
KENYA,PWRGEO027,2033,0.2087
KENYA,PWRGEO027,2034,0.2087
KENYA,PWRGEO027,2035,0.2087
KENYA,PWRGEO027,2036,0.2087
KENYA,PWRGEO027,2037,0.2087
KENYA,PWRGEO027,2038,0.2087
KENYA,PWRGEO027,2039,0.2087
KENYA,PWRGEO027,2040,0.2087
KENYA,PWRGEO027,2041,0.2087
KENYA,PWRGEO027,2042,0.2087
KENYA,PWRGEO027,2043,0.2087
KENYA,PWRGEO027,2044,0.2087
KENYA,PWRGEO027,2045,0.2087
KENYA,PWRGEO027,2046,0.2087
KENYA,PWRGEO027,2047,0.2087
KENYA,PWRGEO027,2048,0.2087
KENYA,PWRGEO027,2049,0.2087
KENYA,PWRGEO028,2028,0.2087
KENYA,PWRGEO028,2029,0.2087
KENYA,PWRGEO028,2030,0.2087
KENYA,PWRGEO028,2031,0.2087
KENYA,PWRGEO028,2032,0.2087
KENYA,PWRGEO028,2033,0.2087
KENYA,PWRGEO028,2034,0.2087
KENYA,PWRGEO028,2035,0.2087
KENYA,PWRGEO028,2036,0.2087
KENYA,PWRGEO028,2037,0.2087
KENYA,PWRGEO028,2038,0.2087
KENYA,PWRGEO028,2039,0.2087
KENYA,PWRGEO028,2040,0.2087
KENYA,PWRGEO028,2041,0.2087
KENYA,PWRGEO028,2042,0.2087
KENYA,PWRGEO028,2043,0.2087
KENYA,PWRGEO028,2044,0.2087
KENYA,PWRGEO028,2045,0.2087
KENYA,PWRGEO028,2046,0.2087
KENYA,PWRGEO028,2047,0.2087
KENYA,PWRGEO028,2048,0.2087
KENYA,PWRGEO028,2049,0.2087
KENYA,PWRGEO028,2050,0.2087
KENYA,PWRGEO029,2038,0.5962
KENYA,PWRGEO029,2039,0.5962
KENYA,PWRGEO029,2040,0.5962
KENYA,PWRGEO029,2041,0.5962
KENYA,PWRGEO029,2042,0.5962
KENYA,PWRGEO029,2043,0.5962
KENYA,PWRGEO029,2044,0.5962
KENYA,PWRGEO029,2045,0.5962
KENYA,PWRGEO029,2046,0.5962
KENYA,PWRGEO029,2047,0.5962
KENYA,PWRGEO029,2048,0.5962
KENYA,PWRGEO029,2049,0.5962
KENYA,PWRGEO029,2050,0.5962
KENYA,PWRGEO030,2039,0.5962
KENYA,PWRGEO030,2040,0.5962
KENYA,PWRGEO030,2041,0.5962
KENYA,PWRGEO030,2042,0.5962
KENYA,PWRGEO030,2043,0.5962
KENYA,PWRGEO030,2044,0.5962
KENYA,PWRGEO030,2045,0.5962
KENYA,PWRGEO030,2046,0.5962
KENYA,PWRGEO030,2047,0.5962
KENYA,PWRGEO030,2048,0.5962
KENYA,PWRGEO030,2049,0.5962
KENYA,PWRGEO030,2050,0.5962
KENYA,PWRGEO031,2040,0.5962
KENYA,PWRGEO031,2041,0.5962
KENYA,PWRGEO031,2042,0.5962
KENYA,PWRGEO031,2043,0.5962
KENYA,PWRGEO031,2044,0.5962
KENYA,PWRGEO031,2045,0.5962
KENYA,PWRGEO031,2046,0.5962
KENYA,PWRGEO031,2047,0.5962
KENYA,PWRGEO031,2048,0.5962
KENYA,PWRGEO031,2049,0.5962
KENYA,PWRGEO031,2050,0.5962
KENYA,PWRGEO033,2025,0.1192
KENYA,PWRGEO033,2026,0.1192
KENYA,PWRGEO033,2027,0.1192
KENYA,PWRGEO033,2028,0.1192
KENYA,PWRGEO033,2029,0.1192
KENYA,PWRGEO033,2030,0.1192
KENYA,PWRGEO033,2031,0.1192
KENYA,PWRGEO033,2032,0.1192
KENYA,PWRGEO033,2033,0.1192
KENYA,PWRGEO033,2034,0.1192
KENYA,PWRGEO033,2035,0.1192
KENYA,PWRGEO033,2036,0.1192
KENYA,PWRGEO033,2037,0.1192
KENYA,PWRGEO033,2038,0.1192
KENYA,PWRGEO033,2039,0.1192
KENYA,PWRGEO033,2040,0.1192
KENYA,PWRGEO033,2041,0.1192
KENYA,PWRGEO033,2042,0.1192
KENYA,PWRGEO033,2043,0.1192
KENYA,PWRGEO033,2044,0.1192
KENYA,PWRGEO033,2045,0.1192
KENYA,PWRGEO033,2046,0.1192
KENYA,PWRGEO033,2047,0.1192
KENYA,PWRGEO033,2048,0.1192
KENYA,PWRGEO033,2049,0.1192
KENYA,PWRGEO034,2040,0.2087
KENYA,PWRGEO034,2041,0.2087
KENYA,PWRGEO034,2042,0.2087
KENYA,PWRGEO034,2043,0.2087
KENYA,PWRGEO034,2044,0.2087
KENYA,PWRGEO034,2045,0.2087
KENYA,PWRGEO034,2046,0.2087
KENYA,PWRGEO034,2047,0.2087
KENYA,PWRGEO034,2048,0.2087
KENYA,PWRGEO034,2049,0.2087
KENYA,PWRGEO034,2050,0.2087
KENYA,PWRGEO035,2031,0.2087
KENYA,PWRGEO035,2032,0.2087
KENYA,PWRGEO035,2033,0.2087
KENYA,PWRGEO035,2034,0.2087
KENYA,PWRGEO035,2035,0.2087
KENYA,PWRGEO035,2036,0.2087
KENYA,PWRGEO035,2037,0.2087
KENYA,PWRGEO035,2038,0.2087
KENYA,PWRGEO035,2039,0.2087
KENYA,PWRGEO035,2040,0.2087
KENYA,PWRGEO035,2041,0.2087
KENYA,PWRGEO035,2042,0.2087
KENYA,PWRGEO035,2043,0.2087
KENYA,PWRGEO035,2044,0.2087
KENYA,PWRGEO035,2045,0.2087
KENYA,PWRGEO035,2046,0.2087
KENYA,PWRGEO035,2047,0.2087
KENYA,PWRGEO035,2048,0.2087
KENYA,PWRGEO035,2049,0.2087
KENYA,PWRGEO035,2050,0.2087
KENYA,PWRGEO038,2026,0.1192
KENYA,PWRGEO038,2027,0.1192
KENYA,PWRGEO038,2028,0.1192
KENYA,PWRGEO038,2029,0.1192
KENYA,PWRGEO038,2030,0.1192
KENYA,PWRGEO038,2031,0.1192
KENYA,PWRGEO038,2032,0.1192
KENYA,PWRGEO038,2033,0.1192
KENYA,PWRGEO038,2034,0.1192
KENYA,PWRGEO038,2035,0.1192
KENYA,PWRGEO038,2036,0.1192
KENYA,PWRGEO038,2037,0.1192
KENYA,PWRGEO038,2038,0.1192
KENYA,PWRGEO038,2039,0.1192
KENYA,PWRGEO038,2040,0.1192
KENYA,PWRGEO038,2041,0.1192
KENYA,PWRGEO038,2042,0.1192
KENYA,PWRGEO038,2043,0.1192
KENYA,PWRGEO038,2044,0.1192
KENYA,PWRGEO038,2045,0.1192
KENYA,PWRGEO038,2046,0.1192
KENYA,PWRGEO038,2047,0.1192
KENYA,PWRGEO038,2048,0.1192
KENYA,PWRGEO038,2049,0.1192
KENYA,PWRGEO038,2050,0.1192
KENYA,PWRGEO040,2019,0.1049
KENYA,PWRGEO040,2020,0.1049
KENYA,PWRGEO040,2021,0.1049
KENYA,PWRGEO040,2022,0.1049
KENYA,PWRGEO040,2023,0.1049
KENYA,PWRGEO040,2024,0.1049
KENYA,PWRGEO040,2025,0.1049
KENYA,PWRGEO040,2026,0.1049
KENYA,PWRGEO040,2027,0.1049
KENYA,PWRGEO040,2028,0.1049
KENYA,PWRGEO040,2029,0.1049
KENYA,PWRGEO040,2030,0.1049
KENYA,PWRGEO040,2031,0.1049
KENYA,PWRGEO040,2032,0.1049
KENYA,PWRGEO040,2033,0.1049
KENYA,PWRGEO040,2034,0.1049
KENYA,PWRGEO040,2035,0.1049
KENYA,PWRGEO040,2036,0.1049
KENYA,PWRGEO040,2037,0.1049
KENYA,PWRGEO040,2038,0.1049
KENYA,PWRGEO042,2039,0.2981
KENYA,PWRGEO042,2040,0.2981
KENYA,PWRGEO042,2041,0.2981
KENYA,PWRGEO042,2042,0.2981
KENYA,PWRGEO042,2043,0.2981
KENYA,PWRGEO042,2044,0.2981
KENYA,PWRGEO042,2045,0.2981
KENYA,PWRGEO042,2046,0.2981
KENYA,PWRGEO042,2047,0.2981
KENYA,PWRGEO042,2048,0.2981
KENYA,PWRGEO042,2049,0.2981
KENYA,PWRGEO042,2050,0.2981
KENYA,PWRGEO047,2019,0.0894
KENYA,PWRGEO047,2020,0.0894
KENYA,PWRGEO047,2021,0.0894
KENYA,PWRGEO047,2022,0.0894
KENYA,PWRGEO047,2023,0.0894
KENYA,PWRGEO049,2025,0.1252
KENYA,PWRGEO049,2026,0.1252
KENYA,PWRGEO049,2027,0.1252
KENYA,PWRGEO049,2028,0.1252
KENYA,PWRGEO049,2029,0.1252
KENYA,PWRGEO049,2030,0.1252
KENYA,PWRGEO049,2031,0.1252
KENYA,PWRGEO049,2032,0.1252
KENYA,PWRGEO049,2033,0.1252
KENYA,PWRGEO049,2034,0.1252
KENYA,PWRGEO049,2035,0.1252
KENYA,PWRGEO049,2036,0.1252
KENYA,PWRGEO049,2037,0.1252
KENYA,PWRGEO049,2038,0.1252
KENYA,PWRGEO049,2039,0.1252
KENYA,PWRGEO049,2040,0.1252
KENYA,PWRGEO049,2041,0.1252
KENYA,PWRGEO049,2042,0.1252
KENYA,PWRGEO049,2043,0.1252
KENYA,PWRGEO049,2044,0.1252
KENYA,PWRGEO049,2045,0.1252
KENYA,PWRGEO049,2046,0.1252
KENYA,PWRGEO049,2047,0.1252
KENYA,PWRGEO049,2048,0.1252
KENYA,PWRGEO049,2049,0.1252
KENYA,PWRGEO049,2050,0.1252
KENYA,PWRGEO050,2025,0.1252
KENYA,PWRGEO050,2026,0.1252
KENYA,PWRGEO050,2027,0.1252
KENYA,PWRGEO050,2028,0.1252
KENYA,PWRGEO050,2029,0.1252
KENYA,PWRGEO050,2030,0.1252
KENYA,PWRGEO050,2031,0.1252
KENYA,PWRGEO050,2032,0.1252
KENYA,PWRGEO050,2033,0.1252
KENYA,PWRGEO050,2034,0.1252
KENYA,PWRGEO050,2035,0.1252
KENYA,PWRGEO050,2036,0.1252
KENYA,PWRGEO050,2037,0.1252
KENYA,PWRGEO050,2038,0.1252
KENYA,PWRGEO050,2039,0.1252
KENYA,PWRGEO050,2040,0.1252
KENYA,PWRGEO050,2041,0.1252
KENYA,PWRGEO050,2042,0.1252
KENYA,PWRGEO050,2043,0.1252
KENYA,PWRGEO050,2044,0.1252
KENYA,PWRGEO050,2045,0.1252
KENYA,PWRGEO050,2046,0.1252
KENYA,PWRGEO050,2047,0.1252
KENYA,PWRGEO050,2048,0.1252
KENYA,PWRGEO050,2049,0.1252
KENYA,PWRGEO050,2050,0.1252
KENYA,PWRGEO051,2025,0.1252
KENYA,PWRGEO051,2026,0.1252
KENYA,PWRGEO051,2027,0.1252
KENYA,PWRGEO051,2028,0.1252
KENYA,PWRGEO051,2029,0.1252
KENYA,PWRGEO051,2030,0.1252
KENYA,PWRGEO051,2031,0.1252
KENYA,PWRGEO051,2032,0.1252
KENYA,PWRGEO051,2033,0.1252
KENYA,PWRGEO051,2034,0.1252
KENYA,PWRGEO051,2035,0.1252
KENYA,PWRGEO051,2036,0.1252
KENYA,PWRGEO051,2037,0.1252
KENYA,PWRGEO051,2038,0.1252
KENYA,PWRGEO051,2039,0.1252
KENYA,PWRGEO051,2040,0.1252
KENYA,PWRGEO051,2041,0.1252
KENYA,PWRGEO051,2042,0.1252
KENYA,PWRGEO051,2043,0.1252
KENYA,PWRGEO051,2044,0.1252
KENYA,PWRGEO051,2045,0.1252
KENYA,PWRGEO051,2046,0.1252
KENYA,PWRGEO051,2047,0.1252
KENYA,PWRGEO051,2048,0.1252
KENYA,PWRGEO051,2049,0.1252
KENYA,PWRGEO051,2050,0.1252
KENYA,PWRGEO101,2026,0.0596
KENYA,PWRGEO101,2027,0.1244
KENYA,PWRGEO101,2028,0.1949
KENYA,PWRGEO101,2029,0.2715
KENYA,PWRGEO101,2030,0.3547
KENYA,PWRGEO101,2031,0.4452
KENYA,PWRGEO101,2032,0.5435
KENYA,PWRGEO101,2033,0.6504
KENYA,PWRGEO101,2034,0.7667
KENYA,PWRGEO101,2035,0.893
KENYA,PWRGEO101,2036,1.0303
KENYA,PWRGEO101,2037,1.1795
KENYA,PWRGEO101,2038,1.3418
KENYA,PWRGEO101,2039,1.5181
KENYA,PWRGEO101,2040,1.7098
KENYA,PWRGEO101,2041,1.9182
KENYA,PWRGEO101,2042,2.1447
KENYA,PWRGEO101,2043,2.3909
KENYA,PWRGEO101,2044,2.6586
KENYA,PWRGEO101,2045,2.9495
KENYA,PWRGEO101,2046,3.2657
KENYA,PWRGEO101,2047,3.6095
KENYA,PWRGEO101,2048,3.9831
KENYA,PWRGEO101,2049,4.3893
KENYA,PWRGEO101,2050,4.8308
KENYA,PWRGEO102,2026,0.6519
KENYA,PWRGEO102,2027,1.0136
KENYA,PWRGEO102,2028,1.1328
KENYA,PWRGEO102,2029,1.2521
KENYA,PWRGEO102,2030,1.3713
KENYA,PWRGEO102,2031,1.6396
KENYA,PWRGEO102,2032,1.8364
KENYA,PWRGEO102,2033,2.0331
KENYA,PWRGEO102,2034,2.2299
KENYA,PWRGEO102,2035,2.4922
KENYA,PWRGEO102,2036,2.7546
KENYA,PWRGEO102,2037,3.0825
KENYA,PWRGEO102,2038,3.3448
KENYA,PWRGEO102,2039,3.7383
KENYA,PWRGEO102,2040,4.1318
KENYA,PWRGEO102,2041,4.5254
KENYA,PWRGEO102,2042,5.05
KENYA,PWRGEO102,2043,5.5747
KENYA,PWRGEO102,2044,6.165
KENYA,PWRGEO102,2045,6.8208
KENYA,PWRGEO102,2046,7.5423
KENYA,PWRGEO102,2047,8.3293
KENYA,PWRGEO102,2048,9.1819
KENYA,PWRGEO102,2049,10.1657
KENYA,PWRGEO102,2050,11.215
KENYA,PWRHFO002,2027,0.0062
KENYA,PWRHFO002,2028,0.0266
KENYA,PWRHFO002,2029,0.0173
KENYA,PWRHFO002,2030,0.9303
KENYA,PWRHFO002,2031,0.9623
KENYA,PWRHFO002,2032,0.9153
KENYA,PWRHFO002,2033,1.0588
KENYA,PWRHFO002,2034,1.0588
KENYA,PWRHFO003,2019,1.2144
KENYA,PWRHFO003,2020,1.3186
KENYA,PWRHFO003,2021,1.3048
KENYA,PWRHFO003,2022,0.4215
KENYA,PWRHFO003,2023,0.4786
KENYA,PWRHFO003,2024,0.8382
KENYA,PWRHFO004,2019,3.7089
KENYA,PWRHFO004,2020,4.5612
KENYA,PWRHFO004,2021,4.3707
KENYA,PWRHFO004,2022,1.574
KENYA,PWRHFO004,2023,1.6175
KENYA,PWRHFO004,2024,2.101
KENYA,PWRHFO004,2025,1.7433
KENYA,PWRHFO004,2026,0.3686
KENYA,PWRHFO004,2027,1.5071
KENYA,PWRHFO004,2028,2.0529
KENYA,PWRHFO004,2029,2.0728
KENYA,PWRHFO004,2030,2.3193
KENYA,PWRHFO005,2019,1.0848
KENYA,PWRHFO005,2020,1.2223
KENYA,PWRHFO005,2021,1.2627
KENYA,PWRHFO005,2022,0.202
KENYA,PWRHFO005,2023,0.2178
KENYA,PWRHFO005,2024,0.7054
KENYA,PWRHFO005,2025,0.6918
KENYA,PWRHFO006,2019,6.1584
KENYA,PWRHFO006,2020,6.2811
KENYA,PWRHFO006,2021,6.2811
KENYA,PWRHFO006,2022,1.7813
KENYA,PWRHFO006,2023,1.7497
KENYA,PWRHFO006,2024,1.9696
KENYA,PWRHFO006,2025,1.7722
KENYA,PWRHFO006,2026,0.9276
KENYA,PWRHFO006,2027,1.59
KENYA,PWRHFO006,2028,1.7869
KENYA,PWRHFO006,2029,1.7869
KENYA,PWRHFO007,2019,0.6346
KENYA,PWRHFO007,2020,0.7373
KENYA,PWRHFO007,2021,0.9065
KENYA,PWRHFO007,2022,0.0668
KENYA,PWRHFO007,2024,0.1176
KENYA,PWRHFO007,2025,0.2499
KENYA,PWRHFO007,2026,0.0933
KENYA,PWRHFO007,2027,0.4899
KENYA,PWRHFO007,2028,0.5789
KENYA,PWRHFO007,2029,0.8392
KENYA,PWRHFO007,2030,1.675
KENYA,PWRHFO007,2031,1.7546
KENYA,PWRHFO007,2032,2.7613
KENYA,PWRHFO007,2033,6.1677
KENYA,PWRHFO008,2019,0.0459
KENYA,PWRHFO008,2020,0.1037
KENYA,PWRHFO008,2021,0.1255
KENYA,PWRHFO008,2027,0.0982
KENYA,PWRHFO008,2028,0.1236
KENYA,PWRHFO008,2029,0.1029
KENYA,PWRHFO008,2030,1.5412
KENYA,PWRHFO008,2031,1.5448
KENYA,PWRHFO008,2032,1.5266
KENYA,PWRHFO008,2033,1.6195
KENYA,PWRHFO009,2019,0.3722
KENYA,PWRHFO009,2020,0.5326
KENYA,PWRHFO009,2021,0.461
KENYA,PWRHFO009,2023,0.0874
KENYA,PWRHFO009,2024,0.2346
KENYA,PWRHFO009,2025,0.1112
KENYA,PWRHFO009,2027,0.3635
KENYA,PWRHFO009,2028,0.8789
KENYA,PWRHFO009,2029,0.7205
KENYA,PWRHFO009,2030,1.5979
KENYA,PWRHFO009,2031,1.6739
KENYA,PWRHFO009,2032,3.4677
KENYA,PWRHFO009,2033,5.8841
KENYA,PWRHFO009,2034,1.8246
KENYA,PWRHFO009,2035,5.575
KENYA,PWRHYD001,2019,0.0438
KENYA,PWRHYD001,2020,0.0438
KENYA,PWRHYD001,2021,0.0438
KENYA,PWRHYD001,2022,0.0438
KENYA,PWRHYD001,2023,0.0438
KENYA,PWRHYD001,2024,0.0438
KENYA,PWRHYD001,2025,0.0438
KENYA,PWRHYD001,2026,0.0438
KENYA,PWRHYD001,2027,0.0438
KENYA,PWRHYD001,2028,0.0438
KENYA,PWRHYD001,2029,0.0438
KENYA,PWRHYD001,2030,0.0438
KENYA,PWRHYD001,2031,0.0438
KENYA,PWRHYD001,2032,0.0438
KENYA,PWRHYD001,2033,0.0438
KENYA,PWRHYD001,2034,0.0438
KENYA,PWRHYD001,2035,0.0438
KENYA,PWRHYD001,2036,0.0438
KENYA,PWRHYD001,2037,0.0438
KENYA,PWRHYD001,2038,0.0438
KENYA,PWRHYD001,2039,0.0438
KENYA,PWRHYD001,2040,0.0438
KENYA,PWRHYD001,2041,0.0438
KENYA,PWRHYD001,2042,0.0438
KENYA,PWRHYD001,2043,0.0438
KENYA,PWRHYD001,2044,0.0438
KENYA,PWRHYD001,2045,0.0438
KENYA,PWRHYD001,2046,0.0438
KENYA,PWRHYD001,2047,0.0438
KENYA,PWRHYD001,2048,0.0438
KENYA,PWRHYD001,2049,0.0438
KENYA,PWRHYD001,2050,0.0438
KENYA,PWRHYD002,2019,0.0657
KENYA,PWRHYD002,2020,0.0657
KENYA,PWRHYD002,2021,0.0657
KENYA,PWRHYD002,2022,0.0657
KENYA,PWRHYD002,2023,0.0657
KENYA,PWRHYD002,2024,0.0657
KENYA,PWRHYD002,2025,0.0657
KENYA,PWRHYD002,2026,0.0657
KENYA,PWRHYD002,2027,0.0657
KENYA,PWRHYD002,2028,0.0657
KENYA,PWRHYD002,2029,0.0657
KENYA,PWRHYD002,2030,0.0657
KENYA,PWRHYD002,2031,0.0657
KENYA,PWRHYD002,2032,0.0657
KENYA,PWRHYD002,2033,0.0657
KENYA,PWRHYD002,2034,0.0657
KENYA,PWRHYD002,2035,0.0657
KENYA,PWRHYD002,2036,0.0657
KENYA,PWRHYD002,2037,0.0657
KENYA,PWRHYD002,2038,0.0657
KENYA,PWRHYD002,2039,0.0657
KENYA,PWRHYD002,2040,0.0657
KENYA,PWRHYD002,2041,0.0657
KENYA,PWRHYD002,2042,0.0657
KENYA,PWRHYD002,2043,0.0657
KENYA,PWRHYD002,2044,0.0657
KENYA,PWRHYD002,2045,0.0657
KENYA,PWRHYD002,2046,0.0657
KENYA,PWRHYD002,2047,0.0657
KENYA,PWRHYD002,2048,0.0657
KENYA,PWRHYD002,2049,0.0657
KENYA,PWRHYD002,2050,0.0657
KENYA,PWRHYD003,2019,0.1825
KENYA,PWRHYD003,2020,0.1825
KENYA,PWRHYD003,2021,0.1825
KENYA,PWRHYD003,2022,0.1825
KENYA,PWRHYD003,2023,0.1825
KENYA,PWRHYD003,2024,0.1825
KENYA,PWRHYD003,2025,0.1825
KENYA,PWRHYD003,2026,0.1825
KENYA,PWRHYD003,2027,0.1825
KENYA,PWRHYD003,2028,0.1825
KENYA,PWRHYD003,2029,0.1825
KENYA,PWRHYD003,2030,0.1825
KENYA,PWRHYD003,2031,0.1825
KENYA,PWRHYD003,2032,0.1825
KENYA,PWRHYD003,2033,0.1825
KENYA,PWRHYD003,2034,0.1825
KENYA,PWRHYD003,2035,0.1825
KENYA,PWRHYD003,2036,0.1825
KENYA,PWRHYD003,2037,0.1825
KENYA,PWRHYD003,2038,0.1825
KENYA,PWRHYD003,2039,0.1825
KENYA,PWRHYD003,2040,0.1825
KENYA,PWRHYD003,2041,0.1825
KENYA,PWRHYD003,2042,0.1825
KENYA,PWRHYD003,2043,0.1825
KENYA,PWRHYD003,2044,0.1825
KENYA,PWRHYD003,2045,0.1825
KENYA,PWRHYD003,2046,0.1825
KENYA,PWRHYD003,2047,0.1825
KENYA,PWRHYD003,2048,0.1825
KENYA,PWRHYD003,2049,0.1825
KENYA,PWRHYD003,2050,0.1825
KENYA,PWRHYD004,2019,0.3663
KENYA,PWRHYD004,2020,0.3663
KENYA,PWRHYD004,2021,0.3663
KENYA,PWRHYD004,2022,0.3663
KENYA,PWRHYD004,2023,0.3663
KENYA,PWRHYD004,2024,0.3663
KENYA,PWRHYD004,2025,0.3663
KENYA,PWRHYD004,2026,0.3663
KENYA,PWRHYD004,2027,0.3663
KENYA,PWRHYD004,2028,0.3663
KENYA,PWRHYD004,2029,0.3663
KENYA,PWRHYD004,2030,0.3663
KENYA,PWRHYD004,2031,0.3663
KENYA,PWRHYD004,2032,0.3663
KENYA,PWRHYD004,2033,0.3663
KENYA,PWRHYD004,2034,0.3663
KENYA,PWRHYD004,2035,0.3663
KENYA,PWRHYD004,2036,0.3663
KENYA,PWRHYD004,2037,0.3663
KENYA,PWRHYD004,2038,0.3663
KENYA,PWRHYD004,2039,0.3663
KENYA,PWRHYD004,2040,0.3663
KENYA,PWRHYD004,2041,0.3663
KENYA,PWRHYD004,2042,0.3663
KENYA,PWRHYD004,2043,0.3663
KENYA,PWRHYD004,2044,0.3663
KENYA,PWRHYD004,2045,0.3663
KENYA,PWRHYD004,2046,0.3663
KENYA,PWRHYD004,2047,0.3663
KENYA,PWRHYD004,2048,0.3663
KENYA,PWRHYD004,2049,0.3663
KENYA,PWRHYD004,2050,0.3663
KENYA,PWRHYD005,2019,0.0818
KENYA,PWRHYD005,2020,0.0818
KENYA,PWRHYD005,2021,0.0818
KENYA,PWRHYD005,2022,0.0818
KENYA,PWRHYD005,2023,0.0818
KENYA,PWRHYD005,2024,0.0818
KENYA,PWRHYD005,2025,0.0818
KENYA,PWRHYD005,2026,0.0818
KENYA,PWRHYD005,2027,0.0818
KENYA,PWRHYD005,2028,0.0818
KENYA,PWRHYD005,2029,0.0818
KENYA,PWRHYD005,2030,0.0818
KENYA,PWRHYD005,2031,0.0818
KENYA,PWRHYD005,2032,0.0818
KENYA,PWRHYD005,2033,0.0818
KENYA,PWRHYD005,2034,0.0818
KENYA,PWRHYD005,2035,0.0818
KENYA,PWRHYD005,2036,0.0818
KENYA,PWRHYD005,2037,0.0818
KENYA,PWRHYD005,2038,0.0818
KENYA,PWRHYD005,2039,0.0818
KENYA,PWRHYD005,2040,0.0818
KENYA,PWRHYD005,2041,0.0818
KENYA,PWRHYD005,2042,0.0818
KENYA,PWRHYD005,2043,0.0818
KENYA,PWRHYD005,2044,0.0818
KENYA,PWRHYD005,2045,0.0818
KENYA,PWRHYD005,2046,0.0818
KENYA,PWRHYD005,2047,0.0818
KENYA,PWRHYD005,2048,0.0818
KENYA,PWRHYD005,2049,0.0818
KENYA,PWRHYD005,2050,0.0818
KENYA,PWRHYD006,2019,0.4185
KENYA,PWRHYD006,2020,0.4185
KENYA,PWRHYD006,2021,0.4185
KENYA,PWRHYD006,2022,0.4185
KENYA,PWRHYD006,2023,0.4185
KENYA,PWRHYD006,2024,0.4185
KENYA,PWRHYD006,2025,0.4185
KENYA,PWRHYD006,2026,0.4185
KENYA,PWRHYD006,2027,0.4185
KENYA,PWRHYD006,2028,0.4185
KENYA,PWRHYD006,2029,0.4185
KENYA,PWRHYD006,2030,0.4185
KENYA,PWRHYD006,2031,0.4185
KENYA,PWRHYD006,2032,0.4185
KENYA,PWRHYD006,2033,0.4185
KENYA,PWRHYD006,2034,0.4185
KENYA,PWRHYD006,2035,0.4185
KENYA,PWRHYD006,2036,0.4185
KENYA,PWRHYD006,2037,0.4185
KENYA,PWRHYD006,2038,0.4185
KENYA,PWRHYD006,2039,0.4185
KENYA,PWRHYD006,2040,0.4185
KENYA,PWRHYD006,2041,0.4185
KENYA,PWRHYD006,2042,0.4185
KENYA,PWRHYD006,2043,0.4185
KENYA,PWRHYD006,2044,0.4185
KENYA,PWRHYD006,2045,0.4185
KENYA,PWRHYD006,2046,0.4185
KENYA,PWRHYD006,2047,0.4185
KENYA,PWRHYD006,2048,0.4185
KENYA,PWRHYD006,2049,0.4185
KENYA,PWRHYD006,2050,0.4185
KENYA,PWRHYD007,2019,0.2431
KENYA,PWRHYD007,2020,0.2431
KENYA,PWRHYD007,2021,0.2431
KENYA,PWRHYD007,2022,0.2431
KENYA,PWRHYD007,2023,0.2431
KENYA,PWRHYD007,2024,0.2431
KENYA,PWRHYD007,2025,0.2431
KENYA,PWRHYD007,2026,0.2431
KENYA,PWRHYD007,2027,0.2431
KENYA,PWRHYD007,2028,0.2431
KENYA,PWRHYD007,2029,0.2431
KENYA,PWRHYD007,2030,0.2431
KENYA,PWRHYD007,2031,0.2431
KENYA,PWRHYD007,2032,0.2431
KENYA,PWRHYD007,2033,0.2431
KENYA,PWRHYD007,2034,0.2431
KENYA,PWRHYD007,2035,0.2431
KENYA,PWRHYD007,2036,0.2431
KENYA,PWRHYD007,2037,0.2431
KENYA,PWRHYD007,2038,0.2431
KENYA,PWRHYD007,2039,0.2431
KENYA,PWRHYD007,2040,0.2431
KENYA,PWRHYD007,2041,0.2431
KENYA,PWRHYD007,2042,0.2431
KENYA,PWRHYD007,2043,0.2431
KENYA,PWRHYD007,2044,0.2431
KENYA,PWRHYD007,2045,0.2431
KENYA,PWRHYD007,2046,0.2431
KENYA,PWRHYD007,2047,0.2431
KENYA,PWRHYD007,2048,0.2431
KENYA,PWRHYD007,2049,0.2431
KENYA,PWRHYD007,2050,0.2431
KENYA,PWRHYD008,2019,0.1782
KENYA,PWRHYD008,2020,0.1782
KENYA,PWRHYD008,2021,0.1782
KENYA,PWRHYD008,2022,0.1782
KENYA,PWRHYD008,2023,0.1782
KENYA,PWRHYD008,2024,0.1782
KENYA,PWRHYD008,2025,0.1782
KENYA,PWRHYD008,2026,0.1782
KENYA,PWRHYD008,2027,0.1782
KENYA,PWRHYD008,2028,0.1782
KENYA,PWRHYD008,2029,0.1782
KENYA,PWRHYD008,2030,0.1782
KENYA,PWRHYD008,2031,0.1782
KENYA,PWRHYD008,2032,0.1782
KENYA,PWRHYD008,2033,0.1782
KENYA,PWRHYD008,2034,0.1782
KENYA,PWRHYD008,2035,0.1782
KENYA,PWRHYD008,2036,0.1782
KENYA,PWRHYD008,2037,0.1782
KENYA,PWRHYD008,2038,0.1782
KENYA,PWRHYD008,2039,0.1782
KENYA,PWRHYD008,2040,0.1782
KENYA,PWRHYD008,2041,0.1782
KENYA,PWRHYD009,2019,0.0573
KENYA,PWRHYD009,2020,0.0573
KENYA,PWRHYD009,2021,0.0573
KENYA,PWRHYD009,2022,0.0573
KENYA,PWRHYD009,2023,0.0573
KENYA,PWRHYD009,2024,0.0573
KENYA,PWRHYD009,2025,0.0573
KENYA,PWRHYD009,2026,0.0573
KENYA,PWRHYD009,2027,0.0573
KENYA,PWRHYD009,2028,0.0573
KENYA,PWRHYD009,2029,0.0573
KENYA,PWRHYD009,2030,0.0573
KENYA,PWRHYD009,2031,0.0573
KENYA,PWRHYD009,2032,0.0573
KENYA,PWRHYD009,2033,0.0573
KENYA,PWRHYD009,2034,0.0573
KENYA,PWRHYD009,2035,0.0573
KENYA,PWRHYD009,2036,0.0573
KENYA,PWRHYD009,2037,0.0573
KENYA,PWRHYD009,2038,0.0573
KENYA,PWRHYD009,2039,0.0573
KENYA,PWRHYD009,2040,0.0573
KENYA,PWRHYD009,2041,0.0573
KENYA,PWRHYD010,2037,0.0131
KENYA,PWRHYD010,2038,0.0946
KENYA,PWRHYD010,2039,0.0946
KENYA,PWRHYD010,2040,0.0946
KENYA,PWRHYD010,2041,0.0946
KENYA,PWRHYD010,2042,0.0946
KENYA,PWRHYD010,2043,0.1557
KENYA,PWRHYD010,2044,0.2326
KENYA,PWRHYD010,2045,0.332
KENYA,PWRHYD010,2046,0.3791
KENYA,PWRHYD010,2047,0.3791
KENYA,PWRHYD010,2048,0.3791
KENYA,PWRHYD010,2049,0.3791
KENYA,PWRHYD010,2050,0.3791
KENYA,PWRHYD011,2035,0.0357
KENYA,PWRHYD011,2036,0.0357
KENYA,PWRHYD011,2037,0.1023
KENYA,PWRHYD011,2038,0.1023
KENYA,PWRHYD011,2039,0.1023
KENYA,PWRHYD011,2040,0.1023
KENYA,PWRHYD011,2041,0.1023
KENYA,PWRHYD011,2042,0.1023
KENYA,PWRHYD011,2043,0.1023
KENYA,PWRHYD011,2044,0.1023
KENYA,PWRHYD011,2045,0.1023
KENYA,PWRHYD011,2046,0.1023
KENYA,PWRHYD011,2047,0.1023
KENYA,PWRHYD011,2048,0.1023
KENYA,PWRHYD011,2049,0.1023
KENYA,PWRHYD011,2050,0.1023
KENYA,PWRHYD015,2033,0.1677
KENYA,PWRHYD015,2034,0.1677
KENYA,PWRHYD015,2035,0.1677
KENYA,PWRHYD015,2036,0.1677
KENYA,PWRHYD015,2037,0.1677
KENYA,PWRHYD015,2038,0.1677
KENYA,PWRHYD015,2039,0.1677
KENYA,PWRHYD015,2040,0.1677
KENYA,PWRHYD015,2041,0.1677
KENYA,PWRHYD015,2042,0.1677
KENYA,PWRHYD015,2043,0.1677
KENYA,PWRHYD015,2044,0.1677
KENYA,PWRHYD015,2045,0.1677
KENYA,PWRHYD015,2046,0.1677
KENYA,PWRHYD015,2047,0.1677
KENYA,PWRHYD015,2048,0.1677
KENYA,PWRHYD015,2049,0.1677
KENYA,PWRHYD015,2050,0.1677
KENYA,PWRHYD016,2019,0.036
KENYA,PWRHYD016,2020,0.036
KENYA,PWRHYD016,2021,0.036
KENYA,PWRHYD016,2022,0.036
KENYA,PWRHYD016,2023,0.0495
KENYA,PWRHYD016,2024,0.0541
KENYA,PWRHYD016,2025,0.0547
KENYA,PWRHYD016,2026,0.1005
KENYA,PWRHYD016,2027,0.1208
KENYA,PWRHYD016,2028,0.1266
KENYA,PWRHYD016,2029,0.1402
KENYA,PWRHYD016,2030,0.2079
KENYA,PWRHYD016,2031,0.2598
KENYA,PWRHYD016,2032,0.2934
KENYA,PWRHYD016,2033,0.3529
KENYA,PWRHYD016,2034,0.3993
KENYA,PWRHYD016,2035,0.4579
KENYA,PWRHYD016,2036,0.5094
KENYA,PWRHYD016,2037,0.5161
KENYA,PWRHYD016,2038,0.5233
KENYA,PWRHYD016,2039,0.5311
KENYA,PWRHYD016,2040,0.5397
KENYA,PWRHYD016,2041,0.5492
KENYA,PWRHYD016,2042,0.5595
KENYA,PWRHYD016,2043,0.5708
KENYA,PWRHYD016,2044,0.583
KENYA,PWRHYD016,2045,0.5965
KENYA,PWRHYD016,2046,0.6113
KENYA,PWRHYD016,2047,0.6273
KENYA,PWRHYD016,2048,0.6449
KENYA,PWRHYD016,2049,0.6641
KENYA,PWRHYD016,2050,0.6852
KENYA,PWRHYD101,2019,0.0007
KENYA,PWRHYD101,2020,0.001
KENYA,PWRHYD101,2021,0.0012
KENYA,PWRHYD101,2022,0.0014
KENYA,PWRHYD101,2023,0.0017
KENYA,PWRHYD101,2024,0.002
KENYA,PWRHYD101,2025,0.0023
KENYA,PWRHYD101,2026,0.0026
KENYA,PWRHYD101,2027,0.003
KENYA,PWRHYD101,2028,0.0034
KENYA,PWRHYD101,2029,0.0039
KENYA,PWRHYD101,2030,0.0044
KENYA,PWRHYD101,2031,0.0049
KENYA,PWRHYD101,2032,0.0055
KENYA,PWRHYD101,2033,0.0062
KENYA,PWRHYD101,2034,0.0069
KENYA,PWRHYD101,2035,0.0077
KENYA,PWRHYD101,2036,0.0085
KENYA,PWRHYD101,2037,0.0094
KENYA,PWRHYD101,2038,0.0104
KENYA,PWRHYD101,2039,0.0116
KENYA,PWRHYD101,2040,0.0128
KENYA,PWRHYD101,2041,0.0141
KENYA,PWRHYD101,2042,0.0155
KENYA,PWRHYD101,2043,0.0171
KENYA,PWRHYD101,2044,0.0189
KENYA,PWRHYD101,2045,0.0208
KENYA,PWRHYD101,2046,0.0228
KENYA,PWRHYD101,2047,0.0251
KENYA,PWRHYD101,2048,0.0276
KENYA,PWRHYD101,2049,0.0276
KENYA,PWRHYD101,2050,0.0276
KENYA,PWRNGS002,2031,3.7414
KENYA,PWRNGS002,2032,11.7307
KENYA,PWRNGS002,2033,13.081
KENYA,PWRNGS002,2034,30.7961
KENYA,PWRNGS002,2035,40.4203
KENYA,PWRNGS002,2036,27.9989
KENYA,PWRNGS002,2037,35.7766
KENYA,PWRNGS002,2038,40.4203
KENYA,PWRNGS002,2039,40.4203
KENYA,PWRNGS002,2040,26.9341
KENYA,PWRNGS002,2041,37.5525
KENYA,PWRNGS002,2042,32.1913
KENYA,PWRNGS002,2043,35.9182
KENYA,PWRNGS002,2044,33.6834
KENYA,PWRNGS002,2045,30.4513
KENYA,PWRNGS002,2046,18.1515
KENYA,PWRNGS002,2047,18.2316
KENYA,PWRNGS002,2048,17.8494
KENYA,PWRNGS002,2049,20.5556
KENYA,PWRNGS002,2050,18.851
KENYA,PWRNGS003,2041,36.0804
KENYA,PWRNGS003,2042,30.1709
KENYA,PWRNGS003,2043,34.7375
KENYA,PWRNGS003,2044,31.2135
KENYA,PWRNGS003,2045,35.1413
KENYA,PWRNGS003,2046,20.7623
KENYA,PWRNGS003,2047,18.8312
KENYA,PWRNGS003,2048,19.2093
KENYA,PWRNGS003,2049,18.8448
KENYA,PWRNGS003,2050,21.2033
KENYA,PWRNGS004,2030,0.665
KENYA,PWRNGS004,2031,1.7944
KENYA,PWRNGS004,2032,0.9833
KENYA,PWRNGS004,2033,4.891
KENYA,PWRNGS004,2034,5.505
KENYA,PWRNGS004,2035,5.9707
KENYA,PWRNGS004,2036,5.7283
KENYA,PWRNGS004,2037,5.9235
KENYA,PWRNGS004,2038,20.6688
KENYA,PWRNGS004,2039,7.7428
KENYA,PWRNGS004,2040,6.0669
KENYA,PWRNGS004,2041,6.0588
KENYA,PWRNGS004,2042,5.8237
KENYA,PWRNGS004,2043,5.7915
KENYA,PWRNGS004,2044,6.4472
KENYA,PWRNGS004,2045,7.5785
KENYA,PWRNGS004,2046,7.4271
KENYA,PWRNGS004,2047,7.5559
KENYA,PWRNGS004,2048,7.8296
KENYA,PWRNGS004,2049,9.1409
KENYA,PWRNGS004,2050,9.1409
KENYA,PWRNGS005,2033,0.0442
KENYA,PWRNGS005,2034,1.4861
KENYA,PWRNGS005,2035,1.2916
KENYA,PWRNGS005,2036,1.6657
KENYA,PWRNGS005,2037,1.6722
KENYA,PWRNGS005,2038,2.6166
KENYA,PWRNGS005,2039,1.4072
KENYA,PWRNGS005,2040,0.9991
KENYA,PWRNGS005,2041,1.6129
KENYA,PWRNGS005,2042,1.462
KENYA,PWRNGS005,2043,2.224
KENYA,PWRNGS005,2044,2.3166
KENYA,PWRNGS005,2045,2.3166
KENYA,PWRNGS005,2046,2.7582
KENYA,PWRNGS005,2047,2.3981
KENYA,PWRNGS005,2048,2.4268
KENYA,PWRNGS005,2049,2.6444
KENYA,PWRNGS005,2050,2.2714
KENYA,PWRNGS006,2034,0.932
KENYA,PWRNGS006,2035,1.4134
KENYA,PWRNGS006,2036,1.0778
KENYA,PWRNGS006,2037,1.764
KENYA,PWRNGS006,2038,3.178
KENYA,PWRNGS006,2039,1.6129
KENYA,PWRNGS006,2040,1.5235
KENYA,PWRNGS006,2041,1.6914
KENYA,PWRNGS006,2042,2.0073
KENYA,PWRNGS006,2043,2.1499
KENYA,PWRNGS006,2044,2.3166
KENYA,PWRNGS006,2045,2.4275
KENYA,PWRNGS006,2046,2.4268
KENYA,PWRNGS006,2047,2.3166
KENYA,PWRNGS006,2048,2.5101
KENYA,PWRNGS006,2049,2.5297
KENYA,PWRNGS006,2050,2.2944
KENYA,PWRNGS009,2032,0.0013
KENYA,PWRNGS009,2033,0.5378
KENYA,PWRNGS009,2034,1.468
KENYA,PWRNGS009,2035,1.225
KENYA,PWRNGS009,2036,2.3948
KENYA,PWRNGS009,2037,2.3316
KENYA,PWRNGS009,2038,4.1318
KENYA,PWRNGS009,2039,2.9857
KENYA,PWRNGS009,2040,1.8564
KENYA,PWRNGS009,2041,3.4633
KENYA,PWRNGS009,2042,2.9965
KENYA,PWRNGS009,2043,3.703
KENYA,PWRNGS009,2044,3.9998
KENYA,PWRNGS009,2045,4.2469
KENYA,PWRNGS009,2046,4.2839
KENYA,PWRNGS009,2047,4.2875
KENYA,PWRNGS009,2048,4.2469
KENYA,PWRNGS009,2049,4.4915
KENYA,PWRNGS009,2050,1.193
KENYA,PWRNGS010,2031,0.0002
KENYA,PWRNGS010,2032,0.0002
KENYA,PWRNGS010,2033,0.0004
KENYA,PWRNGS010,2034,0.0012
KENYA,PWRNGS010,2035,3.1429
KENYA,PWRNGS010,2036,2.0788
KENYA,PWRNGS010,2037,2.9477
KENYA,PWRNGS010,2038,4.3244
KENYA,PWRNGS010,2039,3.2941
KENYA,PWRNGS010,2040,2.7973
KENYA,PWRNGS010,2041,3.1904
KENYA,PWRNGS010,2042,3.508
KENYA,PWRNGS010,2043,3.892
KENYA,PWRNGS010,2044,4.054
KENYA,PWRNGS010,2045,4.1294
KENYA,PWRNGS010,2046,4.054
KENYA,PWRNGS010,2047,4.054
KENYA,PWRNGS010,2048,4.1966
KENYA,PWRNGS010,2049,4.4095
KENYA,PWRNGS010,2050,4.2339
KENYA,PWRNGS011,2034,2.0673
KENYA,PWRNGS011,2035,2.6036
KENYA,PWRNGS011,2036,2.2958
KENYA,PWRNGS011,2037,2.7902
KENYA,PWRNGS011,2038,4.2239
KENYA,PWRNGS011,2039,2.9876
KENYA,PWRNGS011,2040,3.0323
KENYA,PWRNGS011,2041,3.1256
KENYA,PWRNGS011,2042,2.7092
KENYA,PWRNGS011,2043,3.4399
KENYA,PWRNGS011,2044,4.054
KENYA,PWRNGS011,2045,4.2469
KENYA,PWRNGS011,2046,4.1999
KENYA,PWRNGS011,2047,4.3425
KENYA,PWRNGS011,2048,4.5353
KENYA,PWRNGS011,2049,4.4915
KENYA,PWRNGS011,2050,4.3457
KENYA,PWRNGS018,2033,0.3942
KENYA,PWRNGS018,2034,2.3714
KENYA,PWRNGS018,2035,8.1502
KENYA,PWRNGS018,2036,6.7739
KENYA,PWRNGS018,2037,10.6526
KENYA,PWRNGS018,2038,18.8392
KENYA,PWRNGS018,2039,18.8116
KENYA,PWRNGS018,2040,21.3115
KENYA,PWRNGS018,2041,25.5692
KENYA,PWRNGS018,2042,30.0099
KENYA,PWRNGS018,2043,37.9475
KENYA,PWRNGS018,2044,45.7093
KENYA,PWRNGS018,2045,53.3714
KENYA,PWRNGS018,2046,63.6061
KENYA,PWRNGS018,2047,76.0407
KENYA,PWRNGS018,2048,88.1185
KENYA,PWRNGS018,2049,99.7247
KENYA,PWRNGS018,2050,117.3521
KENYA,PWRPHS001,2037,0.0102
KENYA,PWRPHS001,2038,0.0231
KENYA,PWRPHS001,2039,0.0231
KENYA,PWRPHS001,2040,0.0231
KENYA,PWRPHS001,2041,0.0366
KENYA,PWRPHS001,2042,0.0366
KENYA,PWRPHS001,2043,0.0507
KENYA,PWRPHS001,2044,0.0834
KENYA,PWRPHS001,2045,0.2086
KENYA,PWRPHS001,2046,0.2332
KENYA,PWRPHS001,2047,0.2503
KENYA,PWRPHS001,2048,0.2503
KENYA,PWRPHS001,2049,0.2503
KENYA,PWRPHS001,2050,0.2503
KENYA,PWRPHS002,2038,0.0382
KENYA,PWRPHS002,2039,0.0382
KENYA,PWRPHS002,2040,0.0382
KENYA,PWRPHS002,2041,0.0452
KENYA,PWRPHS002,2042,0.0452
KENYA,PWRPHS002,2043,0.0711
KENYA,PWRPHS002,2044,0.0939
KENYA,PWRPHS002,2045,0.202
KENYA,PWRPHS002,2046,0.2311
KENYA,PWRPHS002,2047,0.2482
KENYA,PWRPHS002,2048,0.2482
KENYA,PWRPHS002,2049,0.2482
KENYA,PWRPHS002,2050,0.2482
KENYA,PWRSOL001,2019,0.0003
KENYA,PWRSOL001,2020,0.0003
KENYA,PWRSOL001,2021,0.0003
KENYA,PWRSOL001,2022,0.0003
KENYA,PWRSOL001,2023,0.0003
KENYA,PWRSOL001,2024,0.0003
KENYA,PWRSOL001,2025,0.0003
KENYA,PWRSOL001,2026,0.0003
KENYA,PWRSOL001,2027,0.0003
KENYA,PWRSOL001,2028,0.0003
KENYA,PWRSOL001,2029,0.0003
KENYA,PWRSOL001,2030,0.0003
KENYA,PWRSOL001,2031,0.0003
KENYA,PWRSOL001,2032,0.0003
KENYA,PWRSOL001,2033,0.0003
KENYA,PWRSOL001,2034,0.0003
KENYA,PWRSOL001,2035,0.0003
KENYA,PWRSOL001,2036,0.0003
KENYA,PWRSOL001,2037,0.0003
KENYA,PWRSOL002,2023,0.0002
KENYA,PWRSOL002,2024,0.0002
KENYA,PWRSOL002,2025,0.0002
KENYA,PWRSOL002,2026,0.0002
KENYA,PWRSOL002,2027,0.0002
KENYA,PWRSOL002,2028,0.0002
KENYA,PWRSOL002,2029,0.0002
KENYA,PWRSOL002,2030,0.0002
KENYA,PWRSOL002,2031,0.0002
KENYA,PWRSOL002,2032,0.0002
KENYA,PWRSOL002,2033,0.0002
KENYA,PWRSOL002,2034,0.0002
KENYA,PWRSOL002,2035,0.0002
KENYA,PWRSOL002,2036,0.0002
KENYA,PWRSOL002,2037,0.0002
KENYA,PWRSOL002,2038,0.0002
KENYA,PWRSOL002,2039,0.0002
KENYA,PWRSOL002,2040,0.0002
KENYA,PWRSOL002,2041,0.0002
KENYA,PWRSOL002,2042,0.0002
KENYA,PWRSOL003,2032,0.0002
KENYA,PWRSOL003,2033,0.0002
KENYA,PWRSOL003,2034,0.0002
KENYA,PWRSOL003,2035,0.0002
KENYA,PWRSOL003,2036,0.0002
KENYA,PWRSOL003,2037,0.0002
KENYA,PWRSOL003,2038,0.0002
KENYA,PWRSOL003,2039,0.0002
KENYA,PWRSOL003,2040,0.0002
KENYA,PWRSOL003,2041,0.0002
KENYA,PWRSOL003,2042,0.0002
KENYA,PWRSOL003,2043,0.0002
KENYA,PWRSOL003,2044,0.0002
KENYA,PWRSOL003,2045,0.0002
KENYA,PWRSOL003,2046,0.0002
KENYA,PWRSOL003,2047,0.0002
KENYA,PWRSOL003,2048,0.0002
KENYA,PWRSOL003,2049,0.0002
KENYA,PWRSOL003,2050,0.0002
KENYA,PWRSOL004,2032,0.0002
KENYA,PWRSOL004,2033,0.0002
KENYA,PWRSOL004,2034,0.0002
KENYA,PWRSOL004,2035,0.0002
KENYA,PWRSOL004,2036,0.0002
KENYA,PWRSOL004,2037,0.0002
KENYA,PWRSOL004,2038,0.0002
KENYA,PWRSOL004,2039,0.0002
KENYA,PWRSOL004,2040,0.0002
KENYA,PWRSOL004,2041,0.0002
KENYA,PWRSOL004,2042,0.0002
KENYA,PWRSOL004,2043,0.0002
KENYA,PWRSOL004,2044,0.0002
KENYA,PWRSOL004,2045,0.0002
KENYA,PWRSOL004,2046,0.0002
KENYA,PWRSOL004,2047,0.0002
KENYA,PWRSOL004,2048,0.0002
KENYA,PWRSOL004,2049,0.0002
KENYA,PWRSOL004,2050,0.0002
KENYA,PWRSOL005,2032,0.0002
KENYA,PWRSOL005,2033,0.0002
KENYA,PWRSOL005,2034,0.0002
KENYA,PWRSOL005,2035,0.0002
KENYA,PWRSOL005,2036,0.0002
KENYA,PWRSOL005,2037,0.0002
KENYA,PWRSOL005,2038,0.0002
KENYA,PWRSOL005,2039,0.0002
KENYA,PWRSOL005,2040,0.0002
KENYA,PWRSOL005,2041,0.0002
KENYA,PWRSOL005,2042,0.0002
KENYA,PWRSOL005,2043,0.0002
KENYA,PWRSOL005,2044,0.0002
KENYA,PWRSOL005,2045,0.0002
KENYA,PWRSOL005,2046,0.0002
KENYA,PWRSOL005,2047,0.0002
KENYA,PWRSOL005,2048,0.0002
KENYA,PWRSOL005,2049,0.0002
KENYA,PWRSOL005,2050,0.0002
KENYA,PWRSOL006,2023,0.0
KENYA,PWRSOL006,2024,0.0
KENYA,PWRSOL006,2025,0.0
KENYA,PWRSOL006,2026,0.0
KENYA,PWRSOL006,2027,0.0
KENYA,PWRSOL006,2028,0.0
KENYA,PWRSOL006,2029,0.0
KENYA,PWRSOL006,2030,0.0
KENYA,PWRSOL006,2031,0.0
KENYA,PWRSOL006,2032,0.0
KENYA,PWRSOL006,2033,0.0
KENYA,PWRSOL006,2034,0.0
KENYA,PWRSOL006,2035,0.0
KENYA,PWRSOL006,2036,0.0
KENYA,PWRSOL006,2037,0.0
KENYA,PWRSOL006,2038,0.0
KENYA,PWRSOL006,2039,0.0
KENYA,PWRSOL006,2040,0.0
KENYA,PWRSOL006,2041,0.0
KENYA,PWRSOL006,2042,0.0
KENYA,PWRSOL008,2022,0.0002
KENYA,PWRSOL008,2023,0.0002
KENYA,PWRSOL008,2024,0.0002
KENYA,PWRSOL008,2025,0.0002
KENYA,PWRSOL008,2026,0.0002
KENYA,PWRSOL008,2027,0.0002
KENYA,PWRSOL008,2028,0.0002
KENYA,PWRSOL008,2029,0.0002
KENYA,PWRSOL008,2030,0.0002
KENYA,PWRSOL008,2031,0.0002
KENYA,PWRSOL008,2032,0.0002
KENYA,PWRSOL008,2033,0.0002
KENYA,PWRSOL008,2034,0.0002
KENYA,PWRSOL008,2035,0.0002
KENYA,PWRSOL008,2036,0.0002
KENYA,PWRSOL008,2037,0.0002
KENYA,PWRSOL008,2038,0.0002
KENYA,PWRSOL008,2039,0.0002
KENYA,PWRSOL008,2040,0.0002
KENYA,PWRSOL008,2041,0.0002
KENYA,PWRSOL009,2026,0.0002
KENYA,PWRSOL009,2027,0.0002
KENYA,PWRSOL009,2028,0.0002
KENYA,PWRSOL009,2029,0.0002
KENYA,PWRSOL009,2030,0.0002
KENYA,PWRSOL009,2031,0.0002
KENYA,PWRSOL009,2032,0.0002
KENYA,PWRSOL009,2033,0.0002
KENYA,PWRSOL009,2034,0.0002
KENYA,PWRSOL009,2035,0.0002
KENYA,PWRSOL009,2036,0.0002
KENYA,PWRSOL009,2037,0.0002
KENYA,PWRSOL009,2038,0.0002
KENYA,PWRSOL009,2039,0.0002
KENYA,PWRSOL009,2040,0.0002
KENYA,PWRSOL009,2041,0.0002
KENYA,PWRSOL009,2042,0.0002
KENYA,PWRSOL009,2043,0.0002
KENYA,PWRSOL009,2044,0.0002
KENYA,PWRSOL009,2045,0.0002
KENYA,PWRSOL010,2021,0.0002
KENYA,PWRSOL010,2022,0.0002
KENYA,PWRSOL010,2023,0.0002
KENYA,PWRSOL010,2024,0.0002
KENYA,PWRSOL010,2025,0.0002
KENYA,PWRSOL010,2026,0.0002
KENYA,PWRSOL010,2027,0.0002
KENYA,PWRSOL010,2028,0.0002
KENYA,PWRSOL010,2029,0.0002
KENYA,PWRSOL010,2030,0.0002
KENYA,PWRSOL010,2031,0.0002
KENYA,PWRSOL010,2032,0.0002
KENYA,PWRSOL010,2033,0.0002
KENYA,PWRSOL010,2034,0.0002
KENYA,PWRSOL010,2035,0.0002
KENYA,PWRSOL010,2036,0.0002
KENYA,PWRSOL010,2037,0.0002
KENYA,PWRSOL010,2038,0.0002
KENYA,PWRSOL010,2039,0.0002
KENYA,PWRSOL010,2040,0.0002
KENYA,PWRSOL011,2019,0.0
KENYA,PWRSOL011,2020,0.0
KENYA,PWRSOL011,2021,0.0
KENYA,PWRSOL011,2022,0.0
KENYA,PWRSOL011,2023,0.0
KENYA,PWRSOL011,2024,0.0
KENYA,PWRSOL011,2025,0.0
KENYA,PWRSOL011,2026,0.0
KENYA,PWRSOL011,2027,0.0
KENYA,PWRSOL011,2028,0.0
KENYA,PWRSOL011,2029,0.0
KENYA,PWRSOL011,2030,0.0
KENYA,PWRSOL011,2031,0.0
KENYA,PWRSOL011,2032,0.0
KENYA,PWRSOL011,2033,0.0
KENYA,PWRSOL011,2034,0.0
KENYA,PWRSOL011,2035,0.0
KENYA,PWRSOL011,2036,0.0
KENYA,PWRSOL011,2037,0.0
KENYA,PWRSOL012,2021,0.0002
KENYA,PWRSOL012,2022,0.0002
KENYA,PWRSOL012,2023,0.0002
KENYA,PWRSOL012,2024,0.0002
KENYA,PWRSOL012,2025,0.0002
KENYA,PWRSOL012,2026,0.0002
KENYA,PWRSOL012,2027,0.0002
KENYA,PWRSOL012,2028,0.0002
KENYA,PWRSOL012,2029,0.0002
KENYA,PWRSOL012,2030,0.0002
KENYA,PWRSOL012,2031,0.0002
KENYA,PWRSOL012,2032,0.0002
KENYA,PWRSOL012,2033,0.0002
KENYA,PWRSOL012,2034,0.0002
KENYA,PWRSOL012,2035,0.0002
KENYA,PWRSOL012,2036,0.0002
KENYA,PWRSOL012,2037,0.0002
KENYA,PWRSOL012,2038,0.0002
KENYA,PWRSOL012,2039,0.0002
KENYA,PWRSOL012,2040,0.0002
KENYA,PWRSOL013,2032,0.0001
KENYA,PWRSOL013,2033,0.0001
KENYA,PWRSOL013,2034,0.0001
KENYA,PWRSOL013,2035,0.0001
KENYA,PWRSOL013,2036,0.0001
KENYA,PWRSOL013,2037,0.0001
KENYA,PWRSOL013,2038,0.0001
KENYA,PWRSOL013,2039,0.0001
KENYA,PWRSOL013,2040,0.0001
KENYA,PWRSOL013,2041,0.0001
KENYA,PWRSOL013,2042,0.0001
KENYA,PWRSOL013,2043,0.0001
KENYA,PWRSOL013,2044,0.0001
KENYA,PWRSOL013,2045,0.0001
KENYA,PWRSOL013,2046,0.0001
KENYA,PWRSOL013,2047,0.0001
KENYA,PWRSOL013,2048,0.0001
KENYA,PWRSOL013,2049,0.0001
KENYA,PWRSOL013,2050,0.0001
KENYA,PWRSOL014,2032,0.0003
KENYA,PWRSOL014,2033,0.0003
KENYA,PWRSOL014,2034,0.0003
KENYA,PWRSOL014,2035,0.0003
KENYA,PWRSOL014,2036,0.0003
KENYA,PWRSOL014,2037,0.0003
KENYA,PWRSOL014,2038,0.0003
KENYA,PWRSOL014,2039,0.0003
KENYA,PWRSOL014,2040,0.0003
KENYA,PWRSOL014,2041,0.0003
KENYA,PWRSOL014,2042,0.0003
KENYA,PWRSOL014,2043,0.0003
KENYA,PWRSOL014,2044,0.0003
KENYA,PWRSOL014,2045,0.0003
KENYA,PWRSOL014,2046,0.0003
KENYA,PWRSOL014,2047,0.0003
KENYA,PWRSOL014,2048,0.0003
KENYA,PWRSOL014,2049,0.0003
KENYA,PWRSOL014,2050,0.0003
KENYA,PWRSOL015,2024,0.0002
KENYA,PWRSOL015,2025,0.0002
KENYA,PWRSOL015,2026,0.0002
KENYA,PWRSOL015,2027,0.0002
KENYA,PWRSOL015,2028,0.0002
KENYA,PWRSOL015,2029,0.0002
KENYA,PWRSOL015,2030,0.0002
KENYA,PWRSOL015,2031,0.0002
KENYA,PWRSOL015,2032,0.0002
KENYA,PWRSOL015,2033,0.0002
KENYA,PWRSOL015,2034,0.0002
KENYA,PWRSOL015,2035,0.0002
KENYA,PWRSOL015,2036,0.0002
KENYA,PWRSOL015,2037,0.0002
KENYA,PWRSOL015,2038,0.0002
KENYA,PWRSOL015,2039,0.0002
KENYA,PWRSOL015,2040,0.0002
KENYA,PWRSOL015,2041,0.0002
KENYA,PWRSOL015,2042,0.0002
KENYA,PWRSOL015,2043,0.0002
KENYA,PWRSOL101,2026,0.0001
KENYA,PWRSOL101,2027,0.0001
KENYA,PWRSOL101,2028,0.0003
KENYA,PWRSOL101,2029,0.0004
KENYA,PWRSOL101,2030,0.0006
KENYA,PWRSOL101,2031,0.0008
KENYA,PWRSOL101,2032,0.0011
KENYA,PWRSOL101,2033,0.0016
KENYA,PWRSOL101,2034,0.0021
KENYA,PWRSOL101,2035,0.0029
KENYA,PWRSOL101,2036,0.0038
KENYA,PWRSOL101,2037,0.0051
KENYA,PWRSOL101,2038,0.0068
KENYA,PWRSOL101,2039,0.009
KENYA,PWRSOL101,2040,0.0119
KENYA,PWRSOL101,2041,0.0157
KENYA,PWRSOL101,2042,0.0207
KENYA,PWRSOL101,2043,0.0273
KENYA,PWRSOL101,2044,0.0359
KENYA,PWRSOL101,2045,0.0474
KENYA,PWRSOL101,2046,0.0623
KENYA,PWRSOL101,2047,0.0753
KENYA,PWRSOL101,2048,0.0816
KENYA,PWRSOL101,2049,0.0875
KENYA,PWRSOL101,2050,0.0954
KENYA,PWRTRN,2019,0.0474
KENYA,PWRTRN,2020,0.0482
KENYA,PWRTRN,2021,0.0503
KENYA,PWRTRN,2022,0.052
KENYA,PWRTRN,2023,0.0534
KENYA,PWRTRN,2024,0.0551
KENYA,PWRTRN,2025,0.0571
KENYA,PWRTRN,2026,0.0619
KENYA,PWRTRN,2027,0.0673
KENYA,PWRTRN,2028,0.0734
KENYA,PWRTRN,2029,0.08
KENYA,PWRTRN,2030,0.0867
KENYA,PWRTRN,2031,0.0942
KENYA,PWRTRN,2032,0.1026
KENYA,PWRTRN,2033,0.1116
KENYA,PWRTRN,2034,0.1215
KENYA,PWRTRN,2035,0.1322
KENYA,PWRTRN,2036,0.144
KENYA,PWRTRN,2037,0.1572
KENYA,PWRTRN,2038,0.1717
KENYA,PWRTRN,2039,0.1874
KENYA,PWRTRN,2040,0.2045
KENYA,PWRTRN,2041,0.2232
KENYA,PWRTRN,2042,0.2418
KENYA,PWRTRN,2043,0.2615
KENYA,PWRTRN,2044,0.2827
KENYA,PWRTRN,2045,0.3057
KENYA,PWRTRN,2046,0.3306
KENYA,PWRTRN,2047,0.3574
KENYA,PWRTRN,2048,0.3864
KENYA,PWRTRN,2049,0.4177
KENYA,PWRTRN,2050,0.4515
KENYA,PWRURN001,2036,64.0047
KENYA,PWRURN001,2037,64.0047
KENYA,PWRURN001,2038,64.0047
KENYA,PWRURN001,2039,64.0047
KENYA,PWRURN001,2040,64.0047
KENYA,PWRURN001,2041,64.0047
KENYA,PWRURN001,2042,64.0047
KENYA,PWRURN001,2043,64.0047
KENYA,PWRURN001,2044,64.0047
KENYA,PWRURN001,2045,64.0047
KENYA,PWRURN001,2046,64.0047
KENYA,PWRURN001,2047,64.0047
KENYA,PWRURN001,2048,64.0047
KENYA,PWRURN001,2049,64.0047
KENYA,PWRURN001,2050,64.0047
KENYA,PWRURN002,2039,64.0047
KENYA,PWRURN002,2040,64.0047
KENYA,PWRURN002,2041,64.0047
KENYA,PWRURN002,2042,64.0047
KENYA,PWRURN002,2043,64.0047
KENYA,PWRURN002,2044,64.0047
KENYA,PWRURN002,2045,64.0047
KENYA,PWRURN002,2046,64.0047
KENYA,PWRURN002,2047,64.0047
KENYA,PWRURN002,2048,64.0047
KENYA,PWRURN002,2049,64.0047
KENYA,PWRURN002,2050,64.0047
KENYA,PWRURN003,2042,64.0047
KENYA,PWRURN003,2043,64.0047
KENYA,PWRURN003,2044,64.0047
KENYA,PWRURN003,2045,64.0047
KENYA,PWRURN003,2046,64.0047
KENYA,PWRURN003,2047,64.0047
KENYA,PWRURN003,2048,64.0047
KENYA,PWRURN003,2049,64.0047
KENYA,PWRURN003,2050,64.0047
KENYA,PWRWND001,2019,0.0001
KENYA,PWRWND001,2020,0.0001
KENYA,PWRWND001,2021,0.0001
KENYA,PWRWND001,2022,0.0001
KENYA,PWRWND001,2023,0.0001
KENYA,PWRWND001,2024,0.0001
KENYA,PWRWND001,2025,0.0001
KENYA,PWRWND001,2026,0.0001
KENYA,PWRWND001,2027,0.0001
KENYA,PWRWND002,2019,0.0002
KENYA,PWRWND002,2020,0.0002
KENYA,PWRWND002,2021,0.0002
KENYA,PWRWND002,2022,0.0002
KENYA,PWRWND002,2023,0.0002
KENYA,PWRWND002,2024,0.0002
KENYA,PWRWND002,2025,0.0002
KENYA,PWRWND002,2026,0.0002
KENYA,PWRWND002,2027,0.0002
KENYA,PWRWND002,2028,0.0002
KENYA,PWRWND002,2029,0.0002
KENYA,PWRWND002,2030,0.0002
KENYA,PWRWND002,2031,0.0002
KENYA,PWRWND002,2032,0.0002
KENYA,PWRWND002,2033,0.0002
KENYA,PWRWND002,2034,0.0002
KENYA,PWRWND003,2025,0.0001
KENYA,PWRWND003,2026,0.0001
KENYA,PWRWND003,2027,0.0001
KENYA,PWRWND003,2028,0.0001
KENYA,PWRWND003,2029,0.0001
KENYA,PWRWND003,2030,0.0001
KENYA,PWRWND003,2031,0.0001
KENYA,PWRWND003,2032,0.0001
KENYA,PWRWND003,2033,0.0001
KENYA,PWRWND003,2034,0.0001
KENYA,PWRWND003,2035,0.0001
KENYA,PWRWND003,2036,0.0001
KENYA,PWRWND003,2037,0.0001
KENYA,PWRWND003,2038,0.0001
KENYA,PWRWND003,2039,0.0001
KENYA,PWRWND003,2040,0.0001
KENYA,PWRWND003,2041,0.0001
KENYA,PWRWND003,2042,0.0001
KENYA,PWRWND003,2043,0.0001
KENYA,PWRWND003,2044,0.0001
KENYA,PWRWND005,2021,0.0007
KENYA,PWRWND005,2022,0.0007
KENYA,PWRWND005,2023,0.0007
KENYA,PWRWND005,2024,0.0007
KENYA,PWRWND005,2025,0.0007
KENYA,PWRWND005,2026,0.0007
KENYA,PWRWND005,2027,0.0007
KENYA,PWRWND005,2028,0.0007
KENYA,PWRWND005,2029,0.0007
KENYA,PWRWND005,2030,0.0007
KENYA,PWRWND005,2031,0.0007
KENYA,PWRWND005,2032,0.0007
KENYA,PWRWND005,2033,0.0007
KENYA,PWRWND005,2034,0.0007
KENYA,PWRWND005,2035,0.0007
KENYA,PWRWND005,2036,0.0007
KENYA,PWRWND005,2037,0.0007
KENYA,PWRWND005,2038,0.0007
KENYA,PWRWND005,2039,0.0007
KENYA,PWRWND005,2040,0.0007
KENYA,PWRWND006,2019,0.0017
KENYA,PWRWND006,2020,0.0017
KENYA,PWRWND006,2021,0.0017
KENYA,PWRWND006,2022,0.0017
KENYA,PWRWND006,2023,0.0017
KENYA,PWRWND006,2024,0.0017
KENYA,PWRWND006,2025,0.0017
KENYA,PWRWND006,2026,0.0017
KENYA,PWRWND006,2027,0.0017
KENYA,PWRWND006,2028,0.0017
KENYA,PWRWND006,2029,0.0017
KENYA,PWRWND006,2030,0.0017
KENYA,PWRWND006,2031,0.0017
KENYA,PWRWND006,2032,0.0017
KENYA,PWRWND006,2033,0.0017
KENYA,PWRWND006,2034,0.0017
KENYA,PWRWND006,2035,0.0017
KENYA,PWRWND006,2036,0.0017
KENYA,PWRWND006,2037,0.0017
KENYA,PWRWND010,2021,0.0007
KENYA,PWRWND010,2022,0.0007
KENYA,PWRWND010,2023,0.0007
KENYA,PWRWND010,2024,0.0007
KENYA,PWRWND010,2025,0.0007
KENYA,PWRWND010,2026,0.0007
KENYA,PWRWND010,2027,0.0007
KENYA,PWRWND010,2028,0.0007
KENYA,PWRWND010,2029,0.0007
KENYA,PWRWND010,2030,0.0007
KENYA,PWRWND010,2031,0.0007
KENYA,PWRWND010,2032,0.0007
KENYA,PWRWND010,2033,0.0007
KENYA,PWRWND010,2034,0.0007
KENYA,PWRWND010,2035,0.0007
KENYA,PWRWND010,2036,0.0007
KENYA,PWRWND010,2037,0.0007
KENYA,PWRWND010,2038,0.0007
KENYA,PWRWND010,2039,0.0007
KENYA,PWRWND010,2040,0.0007
KENYA,PWRWND011,2019,0.0017
KENYA,PWRWND011,2020,0.0017
KENYA,PWRWND011,2021,0.0017
KENYA,PWRWND011,2022,0.0017
KENYA,PWRWND011,2023,0.0017
KENYA,PWRWND011,2024,0.0017
KENYA,PWRWND011,2025,0.0017
KENYA,PWRWND011,2026,0.0017
KENYA,PWRWND011,2027,0.0017
KENYA,PWRWND011,2028,0.0017
KENYA,PWRWND011,2029,0.0017
KENYA,PWRWND011,2030,0.0017
KENYA,PWRWND011,2031,0.0017
KENYA,PWRWND011,2032,0.0017
KENYA,PWRWND011,2033,0.0017
KENYA,PWRWND011,2034,0.0017
KENYA,PWRWND011,2035,0.0017
KENYA,PWRWND011,2036,0.0017
KENYA,PWRWND011,2037,0.0017
KENYA,PWRWND012,2030,0.0005
KENYA,PWRWND012,2031,0.0005
KENYA,PWRWND012,2032,0.0005
KENYA,PWRWND012,2033,0.0005
KENYA,PWRWND012,2034,0.0005
KENYA,PWRWND012,2035,0.0005
KENYA,PWRWND012,2036,0.0005
KENYA,PWRWND012,2037,0.0005
KENYA,PWRWND012,2038,0.0005
KENYA,PWRWND012,2039,0.0005
KENYA,PWRWND012,2040,0.0005
KENYA,PWRWND012,2041,0.0005
KENYA,PWRWND012,2042,0.0005
KENYA,PWRWND012,2043,0.0005
KENYA,PWRWND012,2044,0.0005
KENYA,PWRWND012,2045,0.0005
KENYA,PWRWND012,2046,0.0005
KENYA,PWRWND012,2047,0.0005
KENYA,PWRWND012,2048,0.0005
KENYA,PWRWND012,2049,0.0005
KENYA,PWRWND012,2050,0.0005
KENYA,PWRWND013,2019,0.0017
KENYA,PWRWND013,2020,0.0017
KENYA,PWRWND013,2021,0.0017
KENYA,PWRWND013,2022,0.0017
KENYA,PWRWND013,2023,0.0017
KENYA,PWRWND013,2024,0.0017
KENYA,PWRWND013,2025,0.0017
KENYA,PWRWND013,2026,0.0017
KENYA,PWRWND013,2027,0.0017
KENYA,PWRWND013,2028,0.0017
KENYA,PWRWND013,2029,0.0017
KENYA,PWRWND013,2030,0.0017
KENYA,PWRWND013,2031,0.0017
KENYA,PWRWND013,2032,0.0017
KENYA,PWRWND013,2033,0.0017
KENYA,PWRWND013,2034,0.0017
KENYA,PWRWND013,2035,0.0017
KENYA,PWRWND013,2036,0.0017
KENYA,PWRWND013,2037,0.0017
KENYA,PWRWND013,2038,0.0017
KENYA,PWRWND015,2026,0.0006
KENYA,PWRWND015,2027,0.0006
KENYA,PWRWND015,2028,0.0006
KENYA,PWRWND015,2029,0.0006
KENYA,PWRWND015,2030,0.0006
KENYA,PWRWND015,2031,0.0006
KENYA,PWRWND015,2032,0.0006
KENYA,PWRWND015,2033,0.0006
KENYA,PWRWND015,2034,0.0006
KENYA,PWRWND015,2035,0.0006
KENYA,PWRWND015,2036,0.0006
KENYA,PWRWND015,2037,0.0006
KENYA,PWRWND015,2038,0.0006
KENYA,PWRWND015,2039,0.0006
KENYA,PWRWND015,2040,0.0006
KENYA,PWRWND015,2041,0.0006
KENYA,PWRWND015,2042,0.0006
KENYA,PWRWND015,2043,0.0006
KENYA,PWRWND015,2044,0.0006
KENYA,PWRWND015,2045,0.0006
KENYA,PWRWND018,2028,0.0013
KENYA,PWRWND018,2029,0.0013
KENYA,PWRWND018,2030,0.0013
KENYA,PWRWND018,2031,0.0013
KENYA,PWRWND018,2032,0.0013
KENYA,PWRWND018,2033,0.0013
KENYA,PWRWND018,2034,0.0013
KENYA,PWRWND018,2035,0.0013
KENYA,PWRWND018,2036,0.0013
KENYA,PWRWND018,2037,0.0013
KENYA,PWRWND018,2038,0.0013
KENYA,PWRWND018,2039,0.0013
KENYA,PWRWND018,2040,0.0013
KENYA,PWRWND018,2041,0.0013
KENYA,PWRWND018,2042,0.0013
KENYA,PWRWND018,2043,0.0013
KENYA,PWRWND018,2044,0.0013
KENYA,PWRWND018,2045,0.0013
KENYA,PWRWND018,2046,0.0013
KENYA,PWRWND018,2047,0.0013
KENYA,PWRWND018,2048,0.0013
KENYA,PWRWND018,2049,0.0013
KENYA,PWRWND018,2050,0.0013
KENYA,PWRWND026,2031,0.0004
KENYA,PWRWND026,2032,0.0004
KENYA,PWRWND026,2033,0.0004
KENYA,PWRWND026,2034,0.0004
KENYA,PWRWND026,2035,0.0004
KENYA,PWRWND026,2036,0.0004
KENYA,PWRWND026,2037,0.0004
KENYA,PWRWND026,2038,0.0004
KENYA,PWRWND026,2039,0.0004
KENYA,PWRWND026,2040,0.0004
KENYA,PWRWND026,2041,0.0004
KENYA,PWRWND026,2042,0.0004
KENYA,PWRWND026,2043,0.0004
KENYA,PWRWND026,2044,0.0004
KENYA,PWRWND026,2045,0.0004
KENYA,PWRWND026,2046,0.0004
KENYA,PWRWND026,2047,0.0004
KENYA,PWRWND026,2048,0.0004
KENYA,PWRWND026,2049,0.0004
KENYA,PWRWND026,2050,0.0004
KENYA,PWRWND027,2033,0.0004
KENYA,PWRWND027,2034,0.0004
KENYA,PWRWND027,2035,0.0004
KENYA,PWRWND027,2036,0.0004
KENYA,PWRWND027,2037,0.0004
KENYA,PWRWND027,2038,0.0004
KENYA,PWRWND027,2039,0.0004
KENYA,PWRWND027,2040,0.0004
KENYA,PWRWND027,2041,0.0004
KENYA,PWRWND027,2042,0.0004
KENYA,PWRWND027,2043,0.0004
KENYA,PWRWND027,2044,0.0004
KENYA,PWRWND027,2045,0.0004
KENYA,PWRWND027,2046,0.0004
KENYA,PWRWND027,2047,0.0004
KENYA,PWRWND027,2048,0.0004
KENYA,PWRWND027,2049,0.0004
KENYA,PWRWND027,2050,0.0004
KENYA,PWRWND101,2026,0.0001
KENYA,PWRWND101,2027,0.0003
KENYA,PWRWND101,2028,0.0005
KENYA,PWRWND101,2029,0.0007
KENYA,PWRWND101,2030,0.001
KENYA,PWRWND101,2031,0.0013
KENYA,PWRWND101,2032,0.0018
KENYA,PWRWND101,2033,0.0023
KENYA,PWRWND101,2034,0.003
KENYA,PWRWND101,2035,0.0038
KENYA,PWRWND101,2036,0.0047
KENYA,PWRWND101,2037,0.0059
KENYA,PWRWND101,2038,0.0074
KENYA,PWRWND101,2039,0.0092
KENYA,PWRWND101,2040,0.0114
KENYA,PWRWND101,2041,0.0142
KENYA,PWRWND101,2042,0.0175
KENYA,PWRWND101,2043,0.0216
KENYA,PWRWND101,2044,0.0266
KENYA,PWRWND101,2045,0.0328
KENYA,PWRWND101,2046,0.0402
KENYA,PWRWND101,2047,0.0493
KENYA,PWRWND101,2048,0.0605
KENYA,PWRWND101,2049,0.0741
KENYA,PWRWND101,2050,0.0908
